{
  "items": [
    {
      "_id": "6808bad7364a85cccb04b607",
      "_tpl": "544fb45d4bdc2dee738b4568",
      "parentId": "hideout",
      "slotId": "hideout",
      "upd": {
        "UnlimitedCount": true,
        "StackObjectsCount": 9999999,
        "BuyRestrictionMax": 5,
        "BuyRestrictionCurrent": 0
      }
    },
    {
      "_id": "6808bad7364a85cccb04b60a",
      "_tpl": "5673de654bdc2d180f8b456d",
      "parentId": "hideout",
      "slotId": "hideout",
      "upd": {
        "UnlimitedCount": true,
        "StackObjectsCount": 9999999,
        "BuyRestrictionMax": 5,
        "BuyRestrictionCurrent": 0
      }
    },
    {
      "_id": "6808bad7364a85cccb04b60d",
      "_tpl": "590c678286f77426c9660122",
      "parentId": "hideout",
      "slotId": "hideout",
      "upd": {
        "UnlimitedCount": true,
        "StackObjectsCount": 9999999,
        "BuyRestrictionMax": 3,
        "BuyRestrictionCurrent": 0
      }
    },
    {
      "_id": "6808bad7364a85cccb04b610",
      "_tpl": "5751487e245977207e26a315",
      "parentId": "hideout",
      "slotId": "hideout",
      "upd": {
        "UnlimitedCount": true,
        "StackObjectsCount": 9999999,
        "BuyRestrictionMax": 4,
        "BuyRestrictionCurrent": 0
      }
    },
    {
      "_id": "6808bad7364a85cccb04b613",
      "_tpl": "5448fee04bdc2dbc018b4567",
      "parentId": "hideout",
      "slotId": "hideout",
      "upd": {
        "UnlimitedCount": true,
        "StackObjectsCount": 9999999,
        "BuyRestrictionMax": 5,
        "BuyRestrictionCurrent": 0
      }
    },
    {
      "_id": "6808bad7364a85cccb04b616",
      "_tpl": "590c657e86f77412b013051d",
      "parentId": "hideout",
      "slotId": "hideout",
      "upd": {
        "UnlimitedCount": true,
        "StackObjectsCount": 9999999,
        "BuyRestrictionMax": 3,
        "BuyRestrictionCurrent": 0
      }
    },
    {
      "_id": "6808bad7364a85cccb04b619",
      "_tpl": "590c678286f77426c9660122",
      "parentId": "hideout",
      "slotId": "hideout",
      "upd": {
        "UnlimitedCount": true,
        "StackObjectsCount": 9999999,
        "BuyRestrictionMax": 5,
        "BuyRestrictionCurrent": 0
      }
    },
    {
      "_id": "6808bad7364a85cccb04b61c",
      "_tpl": "574eb85c245977648157eec3",
      "parentId": "hideout",
      "slotId": "hideout",
      "upd": {
        "UnlimitedCount": true,
        "StackObjectsCount": 9999999,
        "BuyRestrictionMax": 1,
        "BuyRestrictionCurrent": 0
      }
    },
    {
      "_id": "6808bad7364a85cccb04b61f",
      "_tpl": "544fb25a4bdc2dfb738b4567",
      "parentId": "hideout",
      "slotId": "hideout",
      "upd": {
        "UnlimitedCount": true,
        "StackObjectsCount": 9999999,
        "BuyRestrictionMax": 20,
        "BuyRestrictionCurrent": 0
      }
    },
    {
      "_id": "6808bad7364a85cccb04b622",
      "_tpl": "59fb042886f7746c5005a7b2",
      "parentId": "hideout",
      "slotId": "hideout",
      "upd": {
        "UnlimitedCount": true,
        "StackObjectsCount": 9999999,
        "BuyRestrictionMax": 1,
        "BuyRestrictionCurrent": 0
      }
    },
    {
      "_id": "6808bad7364a85cccb04b625",
      "_tpl": "5751a25924597722c463c472",
      "parentId": "hideout",
      "slotId": "hideout",
      "upd": {
        "UnlimitedCount": true,
        "StackObjectsCount": 9999999,
        "BuyRestrictionMax": 20,
        "BuyRestrictionCurrent": 0
      }
    },
    {
      "_id": "6808bad7364a85cccb04b628",
      "_tpl": "59fb016586f7746d0d4b423a",
      "parentId": "hideout",
      "slotId": "hideout",
      "upd": {
        "UnlimitedCount": true,
        "StackObjectsCount": 9999999,
        "BuyRestrictionMax": 1,
        "BuyRestrictionCurrent": 0
      }
    },
    {
      "_id": "6808bad7364a85cccb04b62b",
      "_tpl": "590c5d4b86f774784e1b9c45",
      "parentId": "hideout",
      "slotId": "hideout",
      "upd": {
        "UnlimitedCount": true,
        "StackObjectsCount": 9999999,
        "BuyRestrictionMax": 2,
        "BuyRestrictionCurrent": 0
      }
    },
    {
      "_id": "6808bad7364a85cccb04b62e",
      "_tpl": "590c695186f7741e566b64a2",
      "parentId": "hideout",
      "slotId": "hideout",
      "upd": {
        "UnlimitedCount": true,
        "StackObjectsCount": 9999999,
        "BuyRestrictionMax": 2,
        "BuyRestrictionCurrent": 0
      }
    },
    {
      "_id": "6808bad8364a85cccb04b631",
      "_tpl": "544fb3f34bdc2d03748b456a",
      "parentId": "hideout",
      "slotId": "hideout",
      "upd": {
        "UnlimitedCount": true,
        "StackObjectsCount": 9999999,
        "BuyRestrictionMax": 4,
        "BuyRestrictionCurrent": 0
      }
    },
    {
      "_id": "6808bad8364a85cccb04b634",
      "_tpl": "590c661e86f7741e566b646a",
      "parentId": "hideout",
      "slotId": "hideout",
      "upd": {
        "UnlimitedCount": true,
        "StackObjectsCount": 9999999,
        "BuyRestrictionMax": 10,
        "BuyRestrictionCurrent": 0
      }
    },
    {
      "_id": "6808bad8364a85cccb04b637",
      "_tpl": "544fb3364bdc2d34748b456a",
      "parentId": "hideout",
      "slotId": "hideout",
      "upd": {
        "UnlimitedCount": true,
        "StackObjectsCount": 9999999,
        "BuyRestrictionMax": 20,
        "BuyRestrictionCurrent": 0
      }
    },
    {
      "_id": "6808bad8364a85cccb04b63a",
      "_tpl": "5755356824597772cb798962",
      "parentId": "hideout",
      "slotId": "hideout",
      "upd": {
        "UnlimitedCount": true,
        "StackObjectsCount": 9999999,
        "BuyRestrictionMax": 20,
        "BuyRestrictionCurrent": 0
      }
    },
    {
      "_id": "6808bad8364a85cccb04b63d",
      "_tpl": "544fb37f4bdc2dee738b4567",
      "parentId": "hideout",
      "slotId": "hideout",
      "upd": {
        "UnlimitedCount": true,
        "StackObjectsCount": 9999999,
        "BuyRestrictionMax": 10,
        "BuyRestrictionCurrent": 0
      }
    },
    {
      "_id": "6808bad8364a85cccb04b640",
      "_tpl": "5780d0532459777a5108b9a2",
      "parentId": "hideout",
      "slotId": "hideout",
      "upd": {
        "UnlimitedCount": true,
        "StackObjectsCount": 9999999,
        "BuyRestrictionMax": 1,
        "BuyRestrictionCurrent": 0
      }
    },
    {
      "_id": "6808bad8364a85cccb04b643",
      "_tpl": "5aafbcd986f7745e590fff23",
      "parentId": "hideout",
      "slotId": "hideout",
      "upd": {
        "UnlimitedCount": true,
        "StackObjectsCount": 9999999,
        "BuyRestrictionMax": 1,
        "BuyRestrictionCurrent": 0
      }
    },
    {
      "_id": "6808bad8364a85cccb04b646",
      "_tpl": "590c661e86f7741e566b646a",
      "parentId": "hideout",
      "slotId": "hideout",
      "upd": {
        "UnlimitedCount": true,
        "StackObjectsCount": 9999999,
        "BuyRestrictionMax": 5,
        "BuyRestrictionCurrent": 0
      }
    },
    {
      "_id": "6808bad8364a85cccb04b649",
      "_tpl": "5a8036fb86f77407252ddc02",
      "parentId": "hideout",
      "slotId": "hideout",
      "upd": {
        "UnlimitedCount": true,
        "StackObjectsCount": 9999999,
        "BuyRestrictionMax": 1,
        "BuyRestrictionCurrent": 0
      }
    },
    {
      "_id": "6808bad8364a85cccb04b64c",
      "_tpl": "5c093e3486f77430cb02e593",
      "parentId": "hideout",
      "slotId": "hideout",
      "upd": {
        "UnlimitedCount": true,
        "StackObjectsCount": 9999999,
        "BuyRestrictionMax": 1,
        "BuyRestrictionCurrent": 0
      }
    },
    {
      "_id": "6808bad8364a85cccb04b64f",
      "_tpl": "590c657e86f77412b013051d",
      "parentId": "hideout",
      "slotId": "hideout",
      "upd": {
        "UnlimitedCount": true,
        "StackObjectsCount": 9999999,
        "BuyRestrictionMax": 2,
        "BuyRestrictionCurrent": 0
      }
    },
    {
      "_id": "6808bad8364a85cccb04b652",
      "_tpl": "59fafd4b86f7745ca07e1232",
      "parentId": "hideout",
      "slotId": "hideout",
      "upd": {
        "UnlimitedCount": true,
        "StackObjectsCount": 9999999,
        "BuyRestrictionMax": 1,
        "BuyRestrictionCurrent": 0
      }
    },
    {
      "_id": "6808bad8364a85cccb04b655",
      "_tpl": "5c10c8fd86f7743d7d706df3",
      "parentId": "hideout",
      "slotId": "hideout",
      "upd": {
        "UnlimitedCount": true,
        "StackObjectsCount": 9999999,
        "BuyRestrictionMax": 3,
        "BuyRestrictionCurrent": 0
      }
    },
    {
      "_id": "6808bad8364a85cccb04b658",
      "_tpl": "544fb37f4bdc2dee738b4567",
      "parentId": "hideout",
      "slotId": "hideout",
      "upd": {
        "UnlimitedCount": true,
        "StackObjectsCount": 9999999,
        "BuyRestrictionMax": 10,
        "BuyRestrictionCurrent": 0
      }
    },
    {
      "_id": "6808bad8364a85cccb04b65b",
      "_tpl": "5c0a840b86f7742ffa4f2482",
      "parentId": "hideout",
      "slotId": "hideout",
      "upd": {
        "UnlimitedCount": true,
        "StackObjectsCount": 9999999,
        "BuyRestrictionMax": 1,
        "BuyRestrictionCurrent": 0
      }
    },
    {
      "_id": "6808bad8364a85cccb04b65e",
      "_tpl": "5ad5d7d286f77450166e0a89",
      "parentId": "hideout",
      "slotId": "hideout",
      "upd": {
        "UnlimitedCount": true,
        "StackObjectsCount": 9999999,
        "BuyRestrictionMax": 1,
        "BuyRestrictionCurrent": 0
      }
    },
    {
      "_id": "6808bad8364a85cccb04b661",
      "_tpl": "567143bf4bdc2d1a0f8b4567",
      "parentId": "hideout",
      "slotId": "hideout",
      "upd": {
        "UnlimitedCount": true,
        "StackObjectsCount": 9999999,
        "BuyRestrictionMax": 1,
        "BuyRestrictionCurrent": 0
      }
    },
    {
      "_id": "6808bad8364a85cccb04b664",
      "_tpl": "59fb042886f7746c5005a7b2",
      "parentId": "hideout",
      "slotId": "hideout",
      "upd": {
        "UnlimitedCount": true,
        "StackObjectsCount": 9999999,
        "BuyRestrictionMax": 1,
        "BuyRestrictionCurrent": 0
      }
    },
    {
      "_id": "6808bad9364a85cccb04b667",
      "_tpl": "5a80a29286f7742b25692012",
      "parentId": "hideout",
      "slotId": "hideout",
      "upd": {
        "UnlimitedCount": true,
        "StackObjectsCount": 9999999,
        "BuyRestrictionMax": 1,
        "BuyRestrictionCurrent": 0
      }
    },
    {
      "_id": "6808bad9364a85cccb04b66a",
      "_tpl": "590c60fc86f77412b13fddcf",
      "parentId": "hideout",
      "slotId": "hideout",
      "upd": {
        "UnlimitedCount": true,
        "StackObjectsCount": 9999999,
        "BuyRestrictionMax": 1,
        "BuyRestrictionCurrent": 0
      }
    },
    {
      "_id": "6808bad9364a85cccb04b66d",
      "_tpl": "5b7c710788a4506dec015957",
      "parentId": "hideout",
      "slotId": "hideout",
      "upd": {
        "UnlimitedCount": true,
        "StackObjectsCount": 9999999,
        "BuyRestrictionMax": 1,
        "BuyRestrictionCurrent": 0
      }
    },
    {
      "_id": "6808bad9364a85cccb04b670",
      "_tpl": "5c0e534186f7747fa1419867",
      "parentId": "hideout",
      "slotId": "hideout",
      "upd": {
        "UnlimitedCount": true,
        "StackObjectsCount": 9999999,
        "BuyRestrictionMax": 1,
        "BuyRestrictionCurrent": 0
      }
    },
    {
      "_id": "6808bad9364a85cccb04b673",
      "_tpl": "5d1b3a5d86f774252167ba22",
      "parentId": "hideout",
      "slotId": "hideout",
      "upd": {
        "UnlimitedCount": true,
        "StackObjectsCount": 9999999,
        "BuyRestrictionMax": 4,
        "BuyRestrictionCurrent": 0
      }
    },
    {
      "_id": "6808bad9364a85cccb04b676",
      "_tpl": "59fb042886f7746c5005a7b2",
      "parentId": "hideout",
      "slotId": "hideout",
      "upd": {
        "UnlimitedCount": true,
        "StackObjectsCount": 9999999,
        "BuyRestrictionMax": 1,
        "BuyRestrictionCurrent": 0
      }
    },
    {
      "_id": "6808bad9364a85cccb04b679",
      "_tpl": "544fb45d4bdc2dee738b4568",
      "parentId": "hideout",
      "slotId": "hideout",
      "upd": {
        "UnlimitedCount": true,
        "StackObjectsCount": 9999999,
        "BuyRestrictionMax": 2,
        "BuyRestrictionCurrent": 0
      }
    },
    {
      "_id": "6808bad9364a85cccb04b67c",
      "_tpl": "5c0e533786f7747fa23f4d47",
      "parentId": "hideout",
      "slotId": "hideout",
      "upd": {
        "UnlimitedCount": true,
        "StackObjectsCount": 9999999,
        "BuyRestrictionMax": 3,
        "BuyRestrictionCurrent": 0
      }
    },
    {
      "_id": "6808bad9364a85cccb04b67f",
      "_tpl": "544fb6cc4bdc2d34748b456e",
      "parentId": "hideout",
      "slotId": "hideout",
      "upd": {
        "UnlimitedCount": true,
        "StackObjectsCount": 9999999,
        "BuyRestrictionMax": 5,
        "BuyRestrictionCurrent": 0
      }
    },
    {
      "_id": "6808bad9364a85cccb04b682",
      "_tpl": "5b7c710788a4506dec015957",
      "parentId": "hideout",
      "slotId": "hideout",
      "upd": {
        "UnlimitedCount": true,
        "StackObjectsCount": 9999999,
        "BuyRestrictionMax": 1,
        "BuyRestrictionCurrent": 0
      }
    },
    {
      "_id": "6808bad9364a85cccb04b685",
      "_tpl": "5c0e530286f7747fa1419862",
      "parentId": "hideout",
      "slotId": "hideout",
      "upd": {
        "UnlimitedCount": true,
        "StackObjectsCount": 9999999,
        "BuyRestrictionMax": 4,
        "BuyRestrictionCurrent": 0
      }
    },
    {
      "_id": "6808bad9364a85cccb04b688",
      "_tpl": "5c0a840b86f7742ffa4f2482",
      "parentId": "hideout",
      "slotId": "hideout",
      "upd": {
        "UnlimitedCount": true,
        "StackObjectsCount": 9999999,
        "BuyRestrictionMax": 1,
        "BuyRestrictionCurrent": 0
      }
    },
    {
      "_id": "6808bad9364a85cccb04b68b",
      "_tpl": "5c0e531286f7747fa54205c2",
      "parentId": "hideout",
      "slotId": "hideout",
      "upd": {
        "UnlimitedCount": true,
        "StackObjectsCount": 9999999,
        "BuyRestrictionMax": 1,
        "BuyRestrictionCurrent": 0
      }
    },
    {
      "_id": "6808bad9364a85cccb04b68e",
      "_tpl": "5be4038986f774527d3fae60",
      "parentId": "hideout",
      "slotId": "hideout",
      "upd": {
        "UnlimitedCount": true,
        "StackObjectsCount": 9999999,
        "BuyRestrictionMax": 1,
        "BuyRestrictionCurrent": 0
      }
    },
    {
      "_id": "6808bad9364a85cccb04b691",
      "_tpl": "5d80c78786f774403a401e3e",
      "parentId": "hideout",
      "slotId": "hideout",
      "upd": {
        "UnlimitedCount": true,
        "StackObjectsCount": 9999999,
        "BuyRestrictionMax": 1,
        "BuyRestrictionCurrent": 0
      }
    },
    {
      "_id": "6808bad9364a85cccb04b694",
      "_tpl": "5aafbcd986f7745e590fff23",
      "parentId": "hideout",
      "slotId": "hideout",
      "upd": {
        "UnlimitedCount": true,
        "StackObjectsCount": 9999999,
        "BuyRestrictionMax": 1,
        "BuyRestrictionCurrent": 0
      }
    },
    {
      "_id": "6808bad9364a85cccb04b697",
      "_tpl": "5af0548586f7743a532b7e99",
      "parentId": "hideout",
      "slotId": "hideout",
      "upd": {
        "UnlimitedCount": true,
        "StackObjectsCount": 9999999,
        "BuyRestrictionMax": 1,
        "BuyRestrictionCurrent": 0
      }
    },
    {
      "_id": "6808bad9364a85cccb04b69a",
      "_tpl": "5af0454c86f7746bf20992e8",
      "parentId": "hideout",
      "slotId": "hideout",
      "upd": {
        "UnlimitedCount": true,
        "StackObjectsCount": 9999999,
        "BuyRestrictionMax": 1,
        "BuyRestrictionCurrent": 0
      }
    },
    {
      "_id": "6808bad9364a85cccb04b69d",
      "_tpl": "5c10c8fd86f7743d7d706df3",
      "parentId": "hideout",
      "slotId": "hideout",
      "upd": {
        "UnlimitedCount": true,
        "StackObjectsCount": 9999999,
        "BuyRestrictionMax": 1,
        "BuyRestrictionCurrent": 0
      }
    },
    {
      "_id": "6808bad9364a85cccb04b6a0",
      "_tpl": "59e3577886f774176a362503",
      "parentId": "hideout",
      "slotId": "hideout",
      "upd": {
        "UnlimitedCount": true,
        "StackObjectsCount": 9999999,
        "BuyRestrictionMax": 2,
        "BuyRestrictionCurrent": 0
      }
    },
    {
      "_id": "6808bad9364a85cccb04b6a3",
      "_tpl": "5c0e531d86f7747fa23f4d42",
      "parentId": "hideout",
      "slotId": "hideout",
      "upd": {
        "UnlimitedCount": true,
        "StackObjectsCount": 9999999,
        "BuyRestrictionMax": 1,
        "BuyRestrictionCurrent": 0
      }
    },
    {
      "_id": "6808bad9364a85cccb04b6a6",
      "_tpl": "5c94bbff86f7747ee735c08f",
      "parentId": "hideout",
      "slotId": "hideout",
      "upd": {
        "UnlimitedCount": true,
        "StackObjectsCount": 9999999,
        "BuyRestrictionMax": 2,
        "BuyRestrictionCurrent": 0
      }
    },
    {
      "_id": "6808bad9364a85cccb04b6a9",
      "_tpl": "5448ff904bdc2d6f028b456e",
      "parentId": "hideout",
      "slotId": "hideout",
      "upd": {
        "UnlimitedCount": true,
        "StackObjectsCount": 9999999,
        "BuyRestrictionMax": 3,
        "BuyRestrictionCurrent": 0
      }
    },
    {
      "_id": "6808bad9364a85cccb04b6ac",
      "_tpl": "5af0454c86f7746bf20992e8",
      "parentId": "hideout",
      "slotId": "hideout",
      "upd": {
        "UnlimitedCount": true,
        "StackObjectsCount": 9999999,
        "BuyRestrictionMax": 3,
        "BuyRestrictionCurrent": 0
      }
    },
    {
      "_id": "6808bad9364a85cccb04b6af",
      "_tpl": "57347c93245977448d35f6e3",
      "parentId": "hideout",
      "slotId": "hideout",
      "upd": {
        "UnlimitedCount": true,
        "StackObjectsCount": 9999999,
        "BuyRestrictionMax": 2,
        "BuyRestrictionCurrent": 0
      }
    },
    {
      "_id": "6808bad9364a85cccb04b6b2",
      "_tpl": "5448fee04bdc2dbc018b4567",
      "parentId": "hideout",
      "slotId": "hideout",
      "upd": {
        "UnlimitedCount": true,
        "StackObjectsCount": 9999999,
        "BuyRestrictionMax": 2,
        "BuyRestrictionCurrent": 0
      }
    },
    {
      "_id": "6808bad9364a85cccb04b6b5",
      "_tpl": "619cbf7d23893217ec30b689",
      "parentId": "hideout",
      "slotId": "hideout",
      "upd": {
        "UnlimitedCount": true,
        "StackObjectsCount": 9999999,
        "BuyRestrictionMax": 1,
        "BuyRestrictionCurrent": 0
      }
    },
    {
      "_id": "6808bad9364a85cccb04b6b8",
      "_tpl": "593aa4be86f77457f56379f8",
      "parentId": "hideout",
      "slotId": "hideout",
      "upd": {
        "UnlimitedCount": true,
        "StackObjectsCount": 9999999,
        "BuyRestrictionMax": 1,
        "BuyRestrictionCurrent": 0
      }
    },
    {
      "_id": "6808bada364a85cccb04b6bb",
      "_tpl": "619cbf9e0a7c3a1a2731940a",
      "parentId": "hideout",
      "slotId": "hideout",
      "upd": {
        "UnlimitedCount": true,
        "StackObjectsCount": 9999999,
        "BuyRestrictionMax": 1,
        "BuyRestrictionCurrent": 0
      }
    },
    {
      "_id": "6808bada364a85cccb04b6be",
      "_tpl": "5a0ee37f86f774023657a86f",
      "parentId": "hideout",
      "slotId": "hideout",
      "upd": {
        "UnlimitedCount": true,
        "StackObjectsCount": 9999999,
        "BuyRestrictionMax": 1,
        "BuyRestrictionCurrent": 0
      }
    },
    {
      "_id": "6808bada364a85cccb04b6c1",
      "_tpl": "5e4abc6786f77406812bd572",
      "parentId": "hideout",
      "slotId": "hideout",
      "upd": {
        "UnlimitedCount": true,
        "StackObjectsCount": 9999999,
        "BuyRestrictionMax": 1,
        "BuyRestrictionCurrent": 0
      }
    },
    {
      "_id": "6808bada364a85cccb04b6c4",
      "_tpl": "5d1b371186f774253763a656",
      "parentId": "hideout",
      "slotId": "hideout",
      "upd": {
        "UnlimitedCount": true,
        "StackObjectsCount": 9999999,
        "BuyRestrictionMax": 1,
        "BuyRestrictionCurrent": 0
      }
    },
    {
      "_id": "6808bada364a85cccb04b6c7",
      "_tpl": "5938603e86f77435642354f4",
      "parentId": "hideout",
      "slotId": "hideout",
      "upd": {
        "UnlimitedCount": true,
        "StackObjectsCount": 9999999,
        "BuyRestrictionMax": 1,
        "BuyRestrictionCurrent": 0
      }
    },
    {
      "_id": "6808bada364a85cccb04b6ca",
      "_tpl": "57347d3d245977448f7b7f61",
      "parentId": "hideout",
      "slotId": "hideout",
      "upd": {
        "UnlimitedCount": true,
        "StackObjectsCount": 9999999,
        "BuyRestrictionMax": 3,
        "BuyRestrictionCurrent": 0
      }
    },
    {
      "_id": "6808bada364a85cccb04b6cd",
      "_tpl": "5e831507ea0a7c419c2f9bd9",
      "parentId": "hideout",
      "slotId": "hideout",
      "upd": {
        "UnlimitedCount": true,
        "StackObjectsCount": 9999999,
        "BuyRestrictionMax": 20,
        "BuyRestrictionCurrent": 0
      }
    },
    {
      "_id": "6808bada364a85cccb04b6d0",
      "_tpl": "5e8488fa988a8701445df1e4",
      "parentId": "hideout",
      "slotId": "hideout",
      "upd": {
        "UnlimitedCount": true,
        "StackObjectsCount": 9999999,
        "BuyRestrictionMax": 2,
        "BuyRestrictionCurrent": 0
      }
    },
    {
      "_id": "6808bada364a85cccb04b6d3",
      "_tpl": "5780d0532459777a5108b9a2",
      "parentId": "hideout",
      "slotId": "hideout",
      "upd": {
        "UnlimitedCount": true,
        "StackObjectsCount": 9999999,
        "BuyRestrictionMax": 1,
        "BuyRestrictionCurrent": 0
      }
    },
    {
      "_id": "6808bada364a85cccb04b6d6",
      "_tpl": "57347d5f245977448b40fa81",
      "parentId": "hideout",
      "slotId": "hideout",
      "upd": {
        "UnlimitedCount": true,
        "StackObjectsCount": 9999999,
        "BuyRestrictionMax": 3,
        "BuyRestrictionCurrent": 0
      }
    },
    {
      "_id": "6808bada364a85cccb04b6d9",
      "_tpl": "5c0530ee86f774697952d952",
      "parentId": "hideout",
      "slotId": "hideout",
      "upd": {
        "UnlimitedCount": true,
        "StackObjectsCount": 9999999,
        "BuyRestrictionMax": 1,
        "BuyRestrictionCurrent": 0
      }
    },
    {
      "_id": "6808bada364a85cccb04b6dc",
      "_tpl": "5e8488fa988a8701445df1e4",
      "parentId": "hideout",
      "slotId": "hideout",
      "upd": {
        "UnlimitedCount": true,
        "StackObjectsCount": 9999999,
        "BuyRestrictionMax": 3,
        "BuyRestrictionCurrent": 0
      }
    },
    {
      "_id": "6808bada364a85cccb04b6df",
      "_tpl": "5d02778e86f774203e7dedbe",
      "parentId": "hideout",
      "slotId": "hideout",
      "upd": {
        "UnlimitedCount": true,
        "StackObjectsCount": 9999999,
        "BuyRestrictionMax": 1,
        "BuyRestrictionCurrent": 0
      }
    },
    {
      "_id": "6808bada364a85cccb04b6e2",
      "_tpl": "5bc9be8fd4351e00334cae6e",
      "parentId": "hideout",
      "slotId": "hideout",
      "upd": {
        "UnlimitedCount": true,
        "StackObjectsCount": 9999999,
        "BuyRestrictionMax": 2,
        "BuyRestrictionCurrent": 0
      }
    },
    {
      "_id": "6808bada364a85cccb04b6e5",
      "_tpl": "5c0e530286f7747fa1419862",
      "parentId": "hideout",
      "slotId": "hideout",
      "upd": {
        "UnlimitedCount": true,
        "StackObjectsCount": 9999999,
        "BuyRestrictionMax": 2,
        "BuyRestrictionCurrent": 0
      }
    },
    {
      "_id": "6808bada364a85cccb04b6e8",
      "_tpl": "5c0e530286f7747fa1419862",
      "parentId": "hideout",
      "slotId": "hideout",
      "upd": {
        "UnlimitedCount": true,
        "StackObjectsCount": 9999999,
        "BuyRestrictionMax": 3,
        "BuyRestrictionCurrent": 0
      }
    },
    {
      "_id": "6808bada364a85cccb04b6eb",
      "_tpl": "62a0a043cf4a99369e2624a5",
      "parentId": "hideout",
      "slotId": "hideout",
      "upd": {
        "UnlimitedCount": true,
        "StackObjectsCount": 9999999,
        "BuyRestrictionMax": 5,
        "BuyRestrictionCurrent": 0
      }
    },
    {
      "_id": "6808bada364a85cccb04b6ee",
      "_tpl": "5780cfa52459777dfb276eb1",
      "parentId": "hideout",
      "slotId": "hideout",
      "upd": {
        "UnlimitedCount": true,
        "StackObjectsCount": 9999999,
        "BuyRestrictionMax": 1,
        "BuyRestrictionCurrent": 0
      }
    },
    {
      "_id": "6808bada364a85cccb04b6f1",
      "_tpl": "544fb45d4bdc2dee738b4568",
      "parentId": "hideout",
      "slotId": "hideout",
      "upd": {
        "UnlimitedCount": true,
        "StackObjectsCount": 9999999,
        "BuyRestrictionMax": 1,
        "BuyRestrictionCurrent": 0
      }
    },
    {
      "_id": "6808bada364a85cccb04b6f4",
      "_tpl": "5448ff904bdc2d6f028b456e",
      "parentId": "hideout",
      "slotId": "hideout",
      "upd": {
        "UnlimitedCount": true,
        "StackObjectsCount": 9999999,
        "BuyRestrictionMax": 5,
        "BuyRestrictionCurrent": 0
      }
    },
    {
      "_id": "6808bada364a85cccb04b6f7",
      "_tpl": "5938144586f77473c2087145",
      "parentId": "hideout",
      "slotId": "hideout",
      "upd": {
        "UnlimitedCount": true,
        "StackObjectsCount": 9999999,
        "BuyRestrictionMax": 1,
        "BuyRestrictionCurrent": 0
      }
    },
    {
      "_id": "6808bada364a85cccb04b6fa",
      "_tpl": "67d3ed3271c17ff82e0a5b0b",
      "parentId": "hideout",
      "slotId": "hideout",
      "upd": {
        "UnlimitedCount": true,
        "StackObjectsCount": 9999999,
        "BuyRestrictionMax": 1,
        "BuyRestrictionCurrent": 0
      }
    },
    {
      "_id": "6808bada364a85cccb04b6fd",
      "_tpl": "67d3ed3271c17ff82e0a5b0b",
      "parentId": "hideout",
      "slotId": "hideout",
      "upd": {
        "UnlimitedCount": true,
        "StackObjectsCount": 9999999,
        "BuyRestrictionMax": 1,
        "BuyRestrictionCurrent": 0
      }
    },
    {
      "_id": "6808bada364a85cccb04b700",
      "_tpl": "679b9819a2f2dd4da9023512",
      "parentId": "hideout",
      "slotId": "hideout",
      "upd": {
        "UnlimitedCount": true,
        "StackObjectsCount": 9999999,
        "BuyRestrictionMax": 2,
        "BuyRestrictionCurrent": 0
      }
    },
    {
      "_id": "667eac90d135442276096594",
      "_tpl": "635267f063651329f75a4ee8",
      "parentId": "hideout",
      "slotId": "hideout",
      "upd": {
        "StackObjectsCount": 245000,
        "BuyRestrictionMax": 1
      }
    }
  ],
  "barter_scheme": {
    "6808bad7364a85cccb04b607": [
      [
        {
          "count": 37061,
          "_tpl": "5449016a4bdc2d6f028b456f"
        }
      ]
    ],
    "6808bad7364a85cccb04b60a": [
      [
        {
          "count": 1,
          "_tpl": "57347b8b24597737dd42e192"
        },
        {
          "count": 1,
          "_tpl": "56742c284bdc2d98058b456d"
        }
      ]
    ],
    "6808bad7364a85cccb04b60d": [
      [
        {
          "count": 1,
          "_tpl": "59e35abd86f7741778269d82"
        }
      ]
    ],
    "6808bad7364a85cccb04b610": [
      [
        {
          "count": 16539,
          "_tpl": "5449016a4bdc2d6f028b456f"
        }
      ]
    ],
    "6808bad7364a85cccb04b613": [
      [
        {
          "count": 12401,
          "_tpl": "5449016a4bdc2d6f028b456f"
        }
      ]
    ],
    "6808bad7364a85cccb04b616": [
      [
        {
          "count": 79739,
          "_tpl": "5449016a4bdc2d6f028b456f"
        }
      ]
    ],
    "6808bad7364a85cccb04b619": [
      [
        {
          "count": 43524,
          "_tpl": "5449016a4bdc2d6f028b456f"
        }
      ]
    ],
    "6808bad7364a85cccb04b61c": [
      [
        {
          "count": 17896,
          "_tpl": "5449016a4bdc2d6f028b456f"
        }
      ]
    ],
    "6808bad7364a85cccb04b61f": [
      [
        {
          "count": 2182,
          "_tpl": "5449016a4bdc2d6f028b456f"
        }
      ]
    ],
    "6808bad7364a85cccb04b622": [
      [
        {
          "count": 15192.74,
          "_tpl": "569668774bdc2da2298b4568"
        }
      ]
    ],
    "6808bad7364a85cccb04b625": [
      [
        {
          "count": 2275,
          "_tpl": "5449016a4bdc2d6f028b456f"
        }
      ]
    ],
    "6808bad7364a85cccb04b628": [
      [
        {
          "count": 5,
          "_tpl": "5734758f24597738025ee253"
        },
        {
          "count": 2,
          "_tpl": "59faf7ca86f7740dbe19f6c2"
        },
        {
          "count": 2,
          "_tpl": "5d235a5986f77443f6329bc6"
        }
      ]
    ],
    "6808bad7364a85cccb04b62b": [
      [
        {
          "count": 1,
          "_tpl": "5d1b3f2d86f774253763b735"
        }
      ]
    ],
    "6808bad7364a85cccb04b62e": [
      [
        {
          "count": 45067,
          "_tpl": "5449016a4bdc2d6f028b456f"
        }
      ]
    ],
    "6808bad8364a85cccb04b631": [
      [
        {
          "count": 42133,
          "_tpl": "5449016a4bdc2d6f028b456f"
        }
      ]
    ],
    "6808bad8364a85cccb04b634": [
      [
        {
          "count": 11795,
          "_tpl": "5449016a4bdc2d6f028b456f"
        }
      ]
    ],
    "6808bad8364a85cccb04b637": [
      [
        {
          "count": 4283,
          "_tpl": "5449016a4bdc2d6f028b456f"
        }
      ]
    ],
    "6808bad8364a85cccb04b63a": [
      [
        {
          "count": 6638,
          "_tpl": "5449016a4bdc2d6f028b456f"
        }
      ]
    ],
    "6808bad8364a85cccb04b63d": [
      [
        {
          "count": 8542,
          "_tpl": "5449016a4bdc2d6f028b456f"
        }
      ]
    ],
    "6808bad8364a85cccb04b640": [
      [
        {
          "count": 4,
          "_tpl": "5734758f24597738025ee253"
        }
      ]
    ],
    "6808bad8364a85cccb04b643": [
      [
        {
          "count": 548610,
          "_tpl": "5449016a4bdc2d6f028b456f"
        }
      ]
    ],
    "6808bad8364a85cccb04b646": [
      [
        {
          "count": 1,
          "_tpl": "57347d5f245977448b40fa81"
        }
      ]
    ],
    "6808bad8364a85cccb04b649": [
      [
        {
          "count": 22145,
          "_tpl": "5449016a4bdc2d6f028b456f"
        }
      ]
    ],
    "6808bad8364a85cccb04b64c": [
      [
        {
          "count": 344100,
          "_tpl": "5449016a4bdc2d6f028b456f"
        }
      ]
    ],
    "6808bad8364a85cccb04b64f": [
      [
        {
          "count": 1,
          "_tpl": "590a3efd86f77437d351a25b"
        },
        {
          "count": 1,
          "_tpl": "590a3d9c86f774385926e510"
        }
      ]
    ],
    "6808bad8364a85cccb04b652": [
      [
        {
          "count": 10,
          "_tpl": "59e361e886f774176c10a2a5"
        },
        {
          "count": 10,
          "_tpl": "59e3606886f77417674759a5"
        },
        {
          "count": 10,
          "_tpl": "5e2af02c86f7746d420957d4"
        }
      ]
    ],
    "6808bad8364a85cccb04b655": [
      [
        {
          "count": 40159,
          "_tpl": "5449016a4bdc2d6f028b456f"
        }
      ]
    ],
    "6808bad8364a85cccb04b658": [
      [
        {
          "count": 1,
          "_tpl": "57347b8b24597737dd42e192"
        }
      ]
    ],
    "6808bad8364a85cccb04b65b": [
      [
        {
          "count": 15,
          "_tpl": "5c052e6986f7746b207bc3c9"
        },
        {
          "count": 15,
          "_tpl": "5c0530ee86f774697952d952"
        },
        {
          "count": 15,
          "_tpl": "5af0548586f7743a532b7e99"
        },
        {
          "count": 15,
          "_tpl": "57347c93245977448d35f6e3"
        }
      ]
    ],
    "6808bad8364a85cccb04b65e": [
      [
        {
          "count": 60,
          "_tpl": "5734773724597737fd047c14"
        },
        {
          "count": 10,
          "_tpl": "57347d90245977448f7b7f65"
        }
      ]
    ],
    "6808bad8364a85cccb04b661": [
      [
        {
          "count": 6,
          "_tpl": "5d1b3a5d86f774252167ba22"
        },
        {
          "count": 4,
          "_tpl": "5d1b3f2d86f774253763b735"
        }
      ]
    ],
    "6808bad8364a85cccb04b664": [
      [
        {
          "count": 10,
          "_tpl": "5af0534a86f7743b6f354284"
        },
        {
          "count": 25,
          "_tpl": "5d1b3a5d86f774252167ba22",
          "onlyFunctional": true
        }
      ]
    ],
    "6808bad9364a85cccb04b667": [
      [
        {
          "count": 10408,
          "_tpl": "5449016a4bdc2d6f028b456f"
        }
      ]
    ],
    "6808bad9364a85cccb04b66a": [
      [
        {
          "count": 1,
          "_tpl": "59e3658a86f7741776641ac4"
        },
        {
          "count": 1,
          "_tpl": "59e3639286f7741777737013"
        },
        {
          "count": 4,
          "_tpl": "573478bc24597738002c6175"
        }
      ]
    ],
    "6808bad9364a85cccb04b66d": [
      [
        {
          "count": 1106138,
          "_tpl": "5449016a4bdc2d6f028b456f"
        }
      ]
    ],
    "6808bad9364a85cccb04b670": [
      [
        {
          "count": 4,
          "_tpl": "5d40412b86f7743cb332ac3a"
        }
      ]
    ],
    "6808bad9364a85cccb04b673": [
      [
        {
          "count": 3,
          "_tpl": "56742c284bdc2d98058b456d"
        },
        {
          "count": 2,
          "_tpl": "57347b8b24597737dd42e192"
        }
      ]
    ],
    "6808bad9364a85cccb04b676": [
      [
        {
          "count": 80,
          "_tpl": "59f32c3b86f77472a31742f0",
          "level": 15,
          "side": "Any"
        }
      ]
    ],
    "6808bad9364a85cccb04b679": [
      [
        {
          "count": 1,
          "_tpl": "60098b1705871270cd5352a1"
        }
      ]
    ],
    "6808bad9364a85cccb04b67c": [
      [
        {
          "count": 46537,
          "_tpl": "5449016a4bdc2d6f028b456f"
        }
      ]
    ],
    "6808bad9364a85cccb04b67f": [
      [
        {
          "count": 1,
          "_tpl": "57513fcc24597720a31c09a6"
        }
      ]
    ],
    "6808bad9364a85cccb04b682": [
      [
        {
          "count": 40,
          "_tpl": "59f32c3b86f77472a31742f0",
          "level": 15,
          "side": "Any"
        }
      ]
    ],
    "6808bad9364a85cccb04b685": [
      [
        {
          "count": 33897,
          "_tpl": "5449016a4bdc2d6f028b456f"
        }
      ]
    ],
    "6808bad9364a85cccb04b688": [
      [
        {
          "count": 50,
          "_tpl": "5d1b376e86f774252519444e"
        },
        {
          "count": 50,
          "_tpl": "5d40407c86f774318526545a"
        },
        {
          "count": 30,
          "_tpl": "5d403f9186f7743cac3f229b"
        }
      ]
    ],
    "6808bad9364a85cccb04b68b": [
      [
        {
          "count": 1,
          "_tpl": "5d1b3f2d86f774253763b735"
        },
        {
          "count": 1,
          "_tpl": "59e361e886f774176c10a2a5"
        },
        {
          "count": 1,
          "_tpl": "59e35abd86f7741778269d82"
        }
      ]
    ],
    "6808bad9364a85cccb04b68e": [
      [
        {
          "count": 10157,
          "_tpl": "5449016a4bdc2d6f028b456f"
        }
      ]
    ],
    "6808bad9364a85cccb04b691": [
      [
        {
          "count": 2,
          "_tpl": "5d1b33a686f7742523398398"
        },
        {
          "count": 2,
          "_tpl": "5d1b385e86f774252167b98a"
        }
      ]
    ],
    "6808bad9364a85cccb04b694": [
      [
        {
          "count": 7,
          "_tpl": "5b4335ba86f7744d2837a264"
        },
        {
          "count": 7,
          "_tpl": "5d1b3f2d86f774253763b735"
        },
        {
          "count": 2,
          "_tpl": "5755383e24597772cb798966"
        },
        {
          "count": 4,
          "_tpl": "619cc01e0a7c3a1a2731940c"
        }
      ]
    ],
    "6808bad9364a85cccb04b697": [
      [
        {
          "count": 1,
          "_tpl": "5b4335ba86f7744d2837a264"
        },
        {
          "count": 3,
          "_tpl": "5d1b3a5d86f774252167ba22"
        }
      ]
    ],
    "6808bad9364a85cccb04b69a": [
      [
        {
          "count": 2,
          "_tpl": "5d1b3f2d86f774253763b735"
        }
      ]
    ],
    "6808bad9364a85cccb04b69d": [
      [
        {
          "count": 1,
          "_tpl": "57347b8b24597737dd42e192"
        },
        {
          "count": 1,
          "_tpl": "590a3d9c86f774385926e510"
        }
      ]
    ],
    "6808bad9364a85cccb04b6a0": [
      [
        {
          "count": 6,
          "_tpl": "5d1b3a5d86f774252167ba22"
        }
      ]
    ],
    "6808bad9364a85cccb04b6a3": [
      [
        {
          "count": 2,
          "_tpl": "59e3606886f77417674759a5"
        },
        {
          "count": 1,
          "_tpl": "59e361e886f774176c10a2a5"
        }
      ]
    ],
    "6808bad9364a85cccb04b6a6": [
      [
        {
          "count": 166500,
          "_tpl": "5449016a4bdc2d6f028b456f"
        }
      ]
    ],
    "6808bad9364a85cccb04b6a9": [
      [
        {
          "count": 14665,
          "_tpl": "5449016a4bdc2d6f028b456f"
        }
      ]
    ],
    "6808bad9364a85cccb04b6ac": [
      [
        {
          "count": 25397,
          "_tpl": "5449016a4bdc2d6f028b456f"
        }
      ]
    ],
    "6808bad9364a85cccb04b6af": [
      [
        {
          "count": 2,
          "_tpl": "5d4041f086f7743cac3f22a7"
        }
      ]
    ],
    "6808bad9364a85cccb04b6b2": [
      [
        {
          "count": 1,
          "_tpl": "59e361e886f774176c10a2a5"
        }
      ]
    ],
    "6808bad9364a85cccb04b6b5": [
      [
        {
          "count": 20,
          "_tpl": "619cc01e0a7c3a1a2731940c"
        },
        {
          "count": 15,
          "_tpl": "5d1b3f2d86f774253763b735"
        },
        {
          "count": 12,
          "_tpl": "59e361e886f774176c10a2a5"
        }
      ]
    ],
    "6808bad9364a85cccb04b6b8": [
      [
        {
          "count": 7,
          "_tpl": "57347cd0245977445a2d6ff1"
        },
        {
          "count": 3,
          "_tpl": "5734795124597738002c6176"
        }
      ]
    ],
    "6808bada364a85cccb04b6bb": [
      [
        {
          "count": 508883,
          "_tpl": "5449016a4bdc2d6f028b456f"
        }
      ]
    ],
    "6808bada364a85cccb04b6be": [
      [
        {
          "count": 8,
          "_tpl": "5e2af02c86f7746d420957d4"
        }
      ]
    ],
    "6808bada364a85cccb04b6c1": [
      [
        {
          "count": 2,
          "_tpl": "590c695186f7741e566b64a2"
        },
        {
          "count": 2,
          "_tpl": "5755383e24597772cb798966"
        },
        {
          "count": 2,
          "_tpl": "5d02797c86f774203f38e30a"
        },
        {
          "count": 3,
          "_tpl": "5d1b3a5d86f774252167ba22"
        }
      ]
    ],
    "6808bada364a85cccb04b6c4": [
      [
        {
          "count": 4,
          "_tpl": "6389c6463485cf0eeb260715"
        }
      ]
    ],
    "6808bada364a85cccb04b6c7": [
      [
        {
          "count": 7,
          "_tpl": "5d1b3a5d86f774252167ba22"
        }
      ]
    ],
    "6808bada364a85cccb04b6ca": [
      [
        {
          "count": 1,
          "_tpl": "5751487e245977207e26a315"
        }
      ]
    ],
    "6808bada364a85cccb04b6cd": [
      [
        {
          "count": 4263,
          "_tpl": "5449016a4bdc2d6f028b456f"
        }
      ]
    ],
    "6808bada364a85cccb04b6d0": [
      [
        {
          "count": 2,
          "_tpl": "59e35ef086f7741777737012"
        }
      ]
    ],
    "6808bada364a85cccb04b6d3": [
      [
        {
          "count": 1,
          "_tpl": "575062b524597720a31c09a1"
        },
        {
          "count": 2,
          "_tpl": "5448ff904bdc2d6f028b456e"
        },
        {
          "count": 1,
          "_tpl": "57347d8724597744596b4e76"
        }
      ]
    ],
    "6808bada364a85cccb04b6d6": [
      [
        {
          "count": 2,
          "_tpl": "57347c93245977448d35f6e3"
        }
      ]
    ],
    "6808bada364a85cccb04b6d9": [
      [
        {
          "count": 20,
          "_tpl": "59f32c3b86f77472a31742f0",
          "level": 39,
          "side": "Any"
        },
        {
          "count": 140,
          "_tpl": "59f32c3b86f77472a31742f0",
          "level": 10,
          "side": "Usec"
        }
      ]
    ],
    "6808bada364a85cccb04b6dc": [
      [
        {
          "count": 13949,
          "_tpl": "5449016a4bdc2d6f028b456f"
        }
      ]
    ],
    "6808bada364a85cccb04b6df": [
      [
        {
          "count": 2,
          "_tpl": "5e2aef7986f7746d3f3c33f5"
        }
      ]
    ],
    "6808bada364a85cccb04b6e2": [
      [
        {
          "count": 4,
          "_tpl": "575062b524597720a31c09a1"
        }
      ]
    ],
    "6808bada364a85cccb04b6e5": [
      [
        {
          "count": 5,
          "_tpl": "57513f07245977207e26a311"
        }
      ]
    ],
    "6808bada364a85cccb04b6e8": [
      [
        {
          "count": 2,
          "_tpl": "62a0a043cf4a99369e2624a5"
        }
      ]
    ],
    "6808bada364a85cccb04b6eb": [
      [
        {
          "count": 5,
          "_tpl": "573475fb24597737fb1379e1"
        }
      ]
    ],
    "6808bada364a85cccb04b6ee": [
      [
        {
          "count": 1,
          "_tpl": "6389c6463485cf0eeb260715"
        },
        {
          "count": 1,
          "_tpl": "6389c6c7dbfd5e4b95197e68"
        },
        {
          "count": 5,
          "_tpl": "5d1b3a5d86f774252167ba22"
        }
      ]
    ],
    "6808bada364a85cccb04b6f1": [
      [
        {
          "count": 1,
          "_tpl": "59e3596386f774176c10a2a2"
        }
      ]
    ],
    "6808bada364a85cccb04b6f4": [
      [
        {
          "count": 1,
          "_tpl": "5d1b3a5d86f774252167ba22"
        }
      ]
    ],
    "6808bada364a85cccb04b6f7": [
      [
        {
          "count": 1,
          "_tpl": "57513fcc24597720a31c09a6"
        },
        {
          "count": 1,
          "_tpl": "575146b724597720a27126d5"
        },
        {
          "count": 1,
          "_tpl": "5c13cef886f774072e618e82"
        }
      ]
    ],
    "6808bada364a85cccb04b6fa": [
      [
        {
          "count": 2,
          "_tpl": "62a09d3bcf4a99369e262447"
        },
        {
          "count": 2,
          "_tpl": "60b0f6c058e0b0481a09ad11"
        },
        {
          "count": 1,
          "_tpl": "5d03794386f77420415576f5"
        }
      ]
    ],
    "6808bada364a85cccb04b6fd": [
      [
        {
          "count": 550560,
          "_tpl": "5449016a4bdc2d6f028b456f"
        }
      ]
    ],
    "6808bada364a85cccb04b700": [
      [
        {
          "count": 8,
          "_tpl": "59e361e886f774176c10a2a5"
        },
        {
          "count": 5,
          "_tpl": "5b4335ba86f7744d2837a264"
        },
        {
          "count": 5,
          "_tpl": "590a3d9c86f774385926e510"
        },
        {
          "count": 3,
          "_tpl": "5d1b3f2d86f774253763b735"
        }
      ]
    ],
    "667eac90d135442276096594": [
      [
        {
          "count": 10,
          "_tpl": "59e361e886f774176c10a2a5"
        },
        {
          "count": 5,
          "_tpl": "62a0a043cf4a99369e2624a5"
        },
        {
          "count": 1,
          "_tpl": "5c052e6986f7746b207bc3c9"
        }
      ]
    ]
  },
  "loyal_level_items": {
    "6808bad7364a85cccb04b607": 2,
    "6808bad7364a85cccb04b60a": 1,
    "6808bad7364a85cccb04b60d": 2,
    "6808bad7364a85cccb04b610": 2,
    "6808bad7364a85cccb04b613": 1,
    "6808bad7364a85cccb04b616": 4,
    "6808bad7364a85cccb04b619": 3,
    "6808bad7364a85cccb04b61c": 1,
    "6808bad7364a85cccb04b61f": 1,
    "6808bad7364a85cccb04b622": 3,
    "6808bad7364a85cccb04b625": 2,
    "6808bad7364a85cccb04b628": 4,
    "6808bad7364a85cccb04b62b": 1,
    "6808bad7364a85cccb04b62e": 4,
    "6808bad8364a85cccb04b631": 4,
    "6808bad8364a85cccb04b634": 1,
    "6808bad8364a85cccb04b637": 1,
    "6808bad8364a85cccb04b63a": 1,
    "6808bad8364a85cccb04b63d": 1,
    "6808bad8364a85cccb04b640": 2,
    "6808bad8364a85cccb04b643": 3,
    "6808bad8364a85cccb04b646": 1,
    "6808bad8364a85cccb04b649": 1,
    "6808bad8364a85cccb04b64c": 1,
    "6808bad8364a85cccb04b64f": 2,
    "6808bad8364a85cccb04b652": 2,
    "6808bad8364a85cccb04b655": 4,
    "6808bad8364a85cccb04b658": 1,
    "6808bad8364a85cccb04b65b": 4,
    "6808bad8364a85cccb04b65e": 4,
    "6808bad8364a85cccb04b661": 2,
    "6808bad8364a85cccb04b664": 3,
    "6808bad9364a85cccb04b667": 1,
    "6808bad9364a85cccb04b66a": 2,
    "6808bad9364a85cccb04b66d": 1,
    "6808bad9364a85cccb04b670": 3,
    "6808bad9364a85cccb04b673": 1,
    "6808bad9364a85cccb04b676": 3,
    "6808bad9364a85cccb04b679": 1,
    "6808bad9364a85cccb04b67c": 4,
    "6808bad9364a85cccb04b67f": 1,
    "6808bad9364a85cccb04b682": 2,
    "6808bad9364a85cccb04b685": 4,
    "6808bad9364a85cccb04b688": 4,
    "6808bad9364a85cccb04b68b": 3,
    "6808bad9364a85cccb04b68e": 2,
    "6808bad9364a85cccb04b691": 3,
    "6808bad9364a85cccb04b694": 2,
    "6808bad9364a85cccb04b697": 4,
    "6808bad9364a85cccb04b69a": 2,
    "6808bad9364a85cccb04b69d": 2,
    "6808bad9364a85cccb04b6a0": 4,
    "6808bad9364a85cccb04b6a3": 4,
    "6808bad9364a85cccb04b6a6": 4,
    "6808bad9364a85cccb04b6a9": 1,
    "6808bad9364a85cccb04b6ac": 3,
    "6808bad9364a85cccb04b6af": 1,
    "6808bad9364a85cccb04b6b2": 1,
    "6808bad9364a85cccb04b6b5": 4,
    "6808bad9364a85cccb04b6b8": 1,
    "6808bada364a85cccb04b6bb": 3,
    "6808bada364a85cccb04b6be": 2,
    "6808bada364a85cccb04b6c1": 3,
    "6808bada364a85cccb04b6c4": 2,
    "6808bada364a85cccb04b6c7": 1,
    "6808bada364a85cccb04b6ca": 2,
    "6808bada364a85cccb04b6cd": 1,
    "6808bada364a85cccb04b6d0": 1,
    "6808bada364a85cccb04b6d3": 1,
    "6808bada364a85cccb04b6d6": 1,
    "6808bada364a85cccb04b6d9": 3,
    "6808bada364a85cccb04b6dc": 3,
    "6808bada364a85cccb04b6df": 2,
    "6808bada364a85cccb04b6e2": 2,
    "6808bada364a85cccb04b6e5": 2,
    "6808bada364a85cccb04b6e8": 3,
    "6808bada364a85cccb04b6eb": 1,
    "6808bada364a85cccb04b6ee": 2,
    "6808bada364a85cccb04b6f1": 1,
    "6808bada364a85cccb04b6f4": 1,
    "6808bada364a85cccb04b6f7": 1,
    "6808bada364a85cccb04b6fa": 1,
    "6808bada364a85cccb04b6fd": 2,
    "6808bada364a85cccb04b700": 1,
    "667eac90d135442276096594": 1
  }
}