{
  "_id": "54cb57776803fa99248b456e",
  "availableInRaid": false,
  "avatar": "/files/trader/avatar/59b91cab86f77469aa5343ca.jpg",
  "balance_dol": 0,
  "balance_eur": 0,
  "balance_rub": 7000000,
  "buyer_up": false,
  "currency": "RUB",
  "customization_seller": false,
  "discount": 0,
  "discount_end": 0,
  "gridHeight": 120,
  "insurance": {
    "availability": true,
    "excluded_category": [
      "62e9103049c018f425059f38"
    ],
    "max_return_hour": 20,
    "max_storage_time": 144,
    "min_payment": 0,
    "min_return_hour": 10
  },
  "isCanTransferItems": false,
  "items_buy": {
    "category": [
      "543be5664bdc2dd4348b4569",
      "543be6674bdc2df1348b4569",
      "567849dd4bdc2d150f8b456e",
      "543be5e94bdc2df1348b4568",
      "5448eb774bdc2d0a728b4567",
      "5795f317245977243854e041"
    ],
    "id_list": []
  },
  "items_buy_prohibited": {
    "category": [],
    "id_list": [
      "62e910aaf957f2915e0a5e36",
      "64d0b40fbe2eed70e254e2d4",
      "65ddcc9cfa85b9f17d0dfb07",
      "65ca457b4aafb5d7fc0dcb5d",
      "660312cc4d6cdfa6f500c703",
      "660bbc98c38b837877075e4a",
      "6638a5474e92f038531e210e",
      "66bc98a01a47be227a5e956e",
      "6655e35b6bc645cb7b059912",
      "666879d498b97e3a8f09f1ae",
      "6399f54b0a36db13c823ad21",
      "66687bc89111279d600b5062",
      "66d98233302686954b0c6f81",
      "6707d0bdaab679420007e01a"
    ]
  },
  "location": "",
  "loyaltyLevels": [
    {
      "buy_price_coef": 37,
      "exchange_price_coef": 0,
      "heal_price_coef": 100,
      "insurance_price_coef": 20,
      "minLevel": 0,
      "minSalesSum": 0,
      "minStanding": 0,
      "repair_price_coef": 0
    },
    {
      "buy_price_coef": 37,
      "exchange_price_coef": 0,
      "heal_price_coef": 110,
      "insurance_price_coef": "21",
      "minLevel": 13,
      "minSalesSum": 400000,
      "minStanding": 0.15,
      "repair_price_coef": 0
    },
    {
      "buy_price_coef": 37,
      "exchange_price_coef": 0,
      "heal_price_coef": 120,
      "insurance_price_coef": "22",
      "minLevel": 24,
      "minSalesSum": 700000,
      "minStanding": 0.3,
      "repair_price_coef": 0
    },
    {
      "buy_price_coef": 37,
      "exchange_price_coef": 0,
      "heal_price_coef": 135,
      "insurance_price_coef": "23",
      "minLevel": 35,
      "minSalesSum": 900000,
      "minStanding": 0.6,
      "repair_price_coef": 0
    }
  ],
  "medic": true,
  "name": "Эльвира",
  "nextResupply": 1717705452,
  "nickname": "Therapist",
  "prohibitedTransferableItems": {
    "category": [],
    "id_list": []
  },
  "repair": {
    "availability": false,
    "currency": "5449016a4bdc2d6f028b456f",
    "currency_coefficient": 1,
    "excluded_category": [
      "5447e1d04bdc2dff2f8b4567"
    ],
    "excluded_id_list": [],
    "quality": "0"
  },
  "sell_category": [],
  "sell_modifier_for_prohibited_items": 0,
  "surname": "Хабибуллина",
  "transferableItems": {
    "category": [],
    "id_list": []
  },
  "unlockedByDefault": true
}
