{
  "containersGroups": {
    "tool&others_crate_outdoors": {
      "minContainers": 21,
      "maxContainers": 22
    },
    "weapon_crate_closed": {
      "minContainers": 20,
      "maxContainers": 25
    },
    "weapon_crate_outdoors": {
      "minContainers": 25,
      "maxContainers": 27
    },
    "outdoors_bags": {
      "minContainers": 26,
      "maxContainers": 28
    }
  },
  "containers": {
    "container_Laboratory_DesignStuff_00137": {
      "groupId": ""
    },
    "container_Laboratory_DesignStuff_00136": {
      "groupId": ""
    },
    "Lootable_00002": {
      "groupId": ""
    },
    "container_Laboratory_DesignStuff_00133": {
      "groupId": ""
    },
    "container_Laboratory_DesignStuff_00129": {
      "groupId": ""
    },
    "container_Laboratory_DesignStuff_00130": {
      "groupId": ""
    },
    "container_Laboratory_DesignStuff_00132": {
      "groupId": ""
    },
    "container_Laboratory_DesignStuff_00131": {
      "groupId": ""
    },
    "container_Laboratory_DesignStuff_00127": {
      "groupId": ""
    },
    "container_Laboratory_DesignStuff_00128": {
      "groupId": ""
    },
    "container_Laboratory_DesignStuff_00126": {
      "groupId": ""
    },
    "container_Laboratory_DesignStuff_00125": {
      "groupId": ""
    },
    "container_Laboratory_DesignStuff_00092": {
      "groupId": ""
    },
    "container_Laboratory_DesignStuff_00091": {
      "groupId": ""
    },
    "container_Laboratory_DesignStuff_00093": {
      "groupId": ""
    },
    "container_Laboratory_DesignStuff_00094": {
      "groupId": ""
    },
    "container_Laboratory_DesignStuff_00135": {
      "groupId": ""
    },
    "container_Laboratory_DesignStuff_00069": {
      "groupId": ""
    },
    "container_Laboratory_DesignStuff_00070": {
      "groupId": ""
    },
    "container_Laboratory_DesignStuff_00068": {
      "groupId": ""
    },
    "container_Laboratory_DesignStuff_00067": {
      "groupId": ""
    },
    "Lootable_00001": {
      "groupId": ""
    },
    "container_Laboratory_DesignStuff_00085": {
      "groupId": ""
    },
    "container_Laboratory_DesignStuff_00086": {
      "groupId": ""
    },
    "container_Laboratory_DesignStuff_00084": {
      "groupId": ""
    },
    "container_Laboratory_DesignStuff_00083": {
      "groupId": ""
    },
    "container_Laboratory_DesignStuff_00074": {
      "groupId": ""
    },
    "container_Laboratory_DesignStuff_00073": {
      "groupId": ""
    },
    "container_Laboratory_DesignStuff_00071": {
      "groupId": ""
    },
    "container_Laboratory_DesignStuff_00072": {
      "groupId": ""
    },
    "container_Laboratory_DesignStuff_00134": {
      "groupId": ""
    },
    "Lootable_00000": {
      "groupId": ""
    },
    "container_Laboratory_DesignStuff_00076": {
      "groupId": ""
    },
    "container_Laboratory_DesignStuff_00075": {
      "groupId": ""
    },
    "container_Laboratory_DesignStuff_00077": {
      "groupId": ""
    },
    "container_Laboratory_DesignStuff_00078": {
      "groupId": ""
    },
    "container_Laboratory_DesignStuff_00121": {
      "groupId": ""
    },
    "container_Laboratory_DesignStuff_00122": {
      "groupId": ""
    },
    "container_Laboratory_DesignStuff_00124": {
      "groupId": ""
    },
    "container_Laboratory_DesignStuff_00123": {
      "groupId": ""
    },
    "container_Laboratory_DesignStuff_00081": {
      "groupId": ""
    },
    "container_Laboratory_DesignStuff_00082": {
      "groupId": ""
    },
    "container_Laboratory_DesignStuff_00080": {
      "groupId": ""
    },
    "container_Laboratory_DesignStuff_00079": {
      "groupId": ""
    },
    "container_Laboratory_DesignStuff_00138": {
      "groupId": ""
    },
    "Lootable_00007": {
      "groupId": ""
    },
    "Lootable_00008": {
      "groupId": ""
    },
    "Lootable_00006": {
      "groupId": ""
    },
    "Lootable_00005": {
      "groupId": ""
    },
    "container_Laboratory_DesignStuff_00097": {
      "groupId": ""
    },
    "container_Laboratory_DesignStuff_00098": {
      "groupId": ""
    },
    "container_Laboratory_DesignStuff_00096": {
      "groupId": ""
    },
    "container_Laboratory_DesignStuff_00095": {
      "groupId": ""
    },
    "container_Laboratory_DesignStuff_00087": {
      "groupId": ""
    },
    "container_Laboratory_DesignStuff_00088": {
      "groupId": ""
    },
    "container_Laboratory_DesignStuff_00090": {
      "groupId": ""
    },
    "container_Laboratory_DesignStuff_00089": {
      "groupId": ""
    },
    "container_Laboratory_DesignStuff_00016": {
      "groupId": "outdoors_bags"
    },
    "container_Laboratory_DesignStuff_00055": {
      "groupId": "outdoors_bags"
    },
    "container_Laboratory_DesignStuff_00006": {
      "groupId": "outdoors_bags"
    },
    "container_Laboratory_DesignStuff_00053": {
      "groupId": "outdoors_bags"
    },
    "container_Laboratory_DesignStuff_00029": {
      "groupId": "outdoors_bags"
    },
    "container_Laboratory_DesignStuff_00022": {
      "groupId": "outdoors_bags"
    },
    "container_Laboratory_DesignStuff_00036": {
      "groupId": "outdoors_bags"
    },
    "container_Laboratory_DesignStuff_00046": {
      "groupId": "outdoors_bags"
    },
    "container_Laboratory_DesignStuff_00050": {
      "groupId": "outdoors_bags"
    },
    "container_Laboratory_DesignStuff_00004": {
      "groupId": "outdoors_bags"
    },
    "container_Laboratory_DesignStuff_00018": {
      "groupId": "outdoors_bags"
    },
    "container_Laboratory_DesignStuff_00002": {
      "groupId": "outdoors_bags"
    },
    "container_Laboratory_DesignStuff_00008": {
      "groupId": "outdoors_bags"
    },
    "container_Laboratory_DesignStuff_00066": {
      "groupId": "outdoors_bags"
    },
    "container_Laboratory_DesignStuff_00000": {
      "groupId": "outdoors_bags"
    },
    "container_Laboratory_DesignStuff_00054": {
      "groupId": "outdoors_bags"
    },
    "container_Laboratory_DesignStuff_00037": {
      "groupId": "outdoors_bags"
    },
    "container_Laboratory_DesignStuff_00047": {
      "groupId": "outdoors_bags"
    },
    "container_Laboratory_DesignStuff_00065": {
      "groupId": "outdoors_bags"
    },
    "container_Laboratory_DesignStuff_00041": {
      "groupId": "outdoors_bags"
    },
    "container_Laboratory_DesignStuff_00064": {
      "groupId": "outdoors_bags"
    },
    "container_Laboratory_DesignStuff_00010": {
      "groupId": "outdoors_bags"
    },
    "container_Laboratory_DesignStuff_00023": {
      "groupId": "outdoors_bags"
    },
    "container_Laboratory_DesignStuff_00014": {
      "groupId": "outdoors_bags"
    },
    "container_Laboratory_DesignStuff_00034": {
      "groupId": "outdoors_bags"
    },
    "container_Laboratory_DesignStuff_00001": {
      "groupId": "outdoors_bags"
    },
    "container_Laboratory_DesignStuff_00038": {
      "groupId": "outdoors_bags"
    },
    "container_Laboratory_DesignStuff_00052": {
      "groupId": "outdoors_bags"
    },
    "container_Laboratory_DesignStuff_00040": {
      "groupId": "outdoors_bags"
    },
    "container_Laboratory_DesignStuff_00031": {
      "groupId": "outdoors_bags"
    },
    "container_Test_for_export_00000": {
      "groupId": "outdoors_bags"
    },
    "container_Laboratory_DesignStuff_00021": {
      "groupId": "outdoors_bags"
    },
    "container_Laboratory_DesignStuff_00030": {
      "groupId": "outdoors_bags"
    },
    "container_Laboratory_DesignStuff_00062": {
      "groupId": "outdoors_bags"
    },
    "container_Laboratory_DesignStuff_00007": {
      "groupId": "outdoors_bags"
    },
    "container_Laboratory_DesignStuff_00024": {
      "groupId": "outdoors_bags"
    },
    "container_Laboratory_DesignStuff_00057": {
      "groupId": "outdoors_bags"
    },
    "container_Laboratory_DesignStuff_00059": {
      "groupId": "outdoors_bags"
    },
    "container_Laboratory_DesignStuff_00061": {
      "groupId": "outdoors_bags"
    },
    "container_Laboratory_DesignStuff_00048": {
      "groupId": "outdoors_bags"
    },
    "container_Laboratory_DesignStuff_00003": {
      "groupId": "outdoors_bags"
    },
    "container_Laboratory_DesignStuff_00056": {
      "groupId": "outdoors_bags"
    },
    "container_Laboratory_DesignStuff_00063": {
      "groupId": "outdoors_bags"
    },
    "container_Laboratory_DesignStuff_00058": {
      "groupId": "outdoors_bags"
    },
    "container_Laboratory_DesignStuff_00049": {
      "groupId": "outdoors_bags"
    },
    "container_Laboratory_DesignStuff_00013": {
      "groupId": "outdoors_bags"
    },
    "container_Laboratory_DesignStuff_00026": {
      "groupId": "outdoors_bags"
    },
    "container_Laboratory_DesignStuff_00032": {
      "groupId": "outdoors_bags"
    },
    "container_Laboratory_DesignStuff_00019": {
      "groupId": "outdoors_bags"
    },
    "container_Laboratory_DesignStuff_00043": {
      "groupId": "outdoors_bags"
    },
    "container_Laboratory_DesignStuff_00039": {
      "groupId": "outdoors_bags"
    },
    "container_Laboratory_DesignStuff_00017": {
      "groupId": "outdoors_bags"
    },
    "container_Laboratory_DesignStuff_00060": {
      "groupId": "outdoors_bags"
    },
    "container_Laboratory_DesignStuff_00012": {
      "groupId": "outdoors_bags"
    },
    "container_Laboratory_DesignStuff_00051": {
      "groupId": "outdoors_bags"
    },
    "container_Laboratory_DesignStuff_00027": {
      "groupId": "outdoors_bags"
    },
    "container_Laboratory_DesignStuff_00005": {
      "groupId": "outdoors_bags"
    },
    "container_Laboratory_DesignStuff_00025": {
      "groupId": "outdoors_bags"
    },
    "container_Laboratory_DesignStuff_00045": {
      "groupId": "outdoors_bags"
    },
    "container_Laboratory_DesignStuff_00009": {
      "groupId": "outdoors_bags"
    },
    "container_Laboratory_DesignStuff_00035": {
      "groupId": "outdoors_bags"
    },
    "container_Laboratory_DesignStuff_00033": {
      "groupId": "outdoors_bags"
    },
    "container_Laboratory_DesignStuff_00028": {
      "groupId": "outdoors_bags"
    },
    "Lootable_00011": {
      "groupId": ""
    },
    "container_Laboratory_DesignStuff_00015": {
      "groupId": "outdoors_bags"
    },
    "container_Laboratory_DesignStuff_00042": {
      "groupId": "outdoors_bags"
    },
    "container_Laboratory_DesignStuff_00011": {
      "groupId": "outdoors_bags"
    },
    "container_Laboratory_DesignStuff_00020": {
      "groupId": "outdoors_bags"
    },
    "container_Laboratory_DesignStuff_00044": {
      "groupId": "outdoors_bags"
    },
    "container_Laboratory_DesignStuff_00291": {
      "groupId": "outdoors_bags"
    },
    "container_Laboratory_DesignStuff_00284": {
      "groupId": "outdoors_bags"
    },
    "container_Laboratory_DesignStuff_00289": {
      "groupId": "outdoors_bags"
    },
    "container_Laboratory_DesignStuff_00283": {
      "groupId": "outdoors_bags"
    },
    "container_Laboratory_DesignStuff_00287": {
      "groupId": "outdoors_bags"
    },
    "container_Laboratory_DesignStuff_00288": {
      "groupId": "outdoors_bags"
    },
    "container_Laboratory_DesignStuff_00286": {
      "groupId": "outdoors_bags"
    },
    "container_Laboratory_DesignStuff_00290": {
      "groupId": "outdoors_bags"
    },
    "container_Laboratory_DesignStuff_00281": {
      "groupId": "tool&others_crate_outdoors"
    },
    "container_Laboratory_DesignStuff_00285": {
      "groupId": "tool&others_crate_outdoors"
    },
    "container_Laboratory_DesignStuff_00280": {
      "groupId": "tool&others_crate_outdoors"
    },
    "container_Laboratory_DesignStuff_00118": {
      "groupId": "weapon_crate_closed"
    },
    "container_Laboratory_DesignStuff_00232": {
      "groupId": "weapon_crate_outdoors"
    },
    "container_Laboratory_DesignStuff_00120": {
      "groupId": "weapon_crate_closed"
    },
    "container_Laboratory_DesignStuff_00233": {
      "groupId": "weapon_crate_outdoors"
    },
    "container_Laboratory_DesignStuff_00207": {
      "groupId": "weapon_crate_outdoors"
    },
    "container_Laboratory_DesignStuff_00108": {
      "groupId": "weapon_crate_closed"
    },
    "container_Laboratory_DesignStuff_00206": {
      "groupId": "weapon_crate_outdoors"
    },
    "container_Laboratory_DesignStuff_00278": {
      "groupId": ""
    },
    "container_Laboratory_DesignStuff_00119": {
      "groupId": "weapon_crate_closed"
    },
    "container_Laboratory_DesignStuff_00277": {
      "groupId": ""
    },
    "container_Laboratory_DesignStuff_00109": {
      "groupId": "weapon_crate_closed"
    },
    "container_Laboratory_DesignStuff_00295": {
      "groupId": "weapon_crate_closed"
    },
    "container_Laboratory_DesignStuff_00292": {
      "groupId": "weapon_crate_closed"
    },
    "container_Laboratory_DesignStuff_00294": {
      "groupId": "weapon_crate_closed"
    },
    "container_Laboratory_DesignStuff_00293": {
      "groupId": "weapon_crate_closed"
    },
    "container_Laboratory_DesignStuff_00301": {
      "groupId": "weapon_crate_closed"
    },
    "container_Laboratory_DesignStuff_00236": {
      "groupId": "tool&others_crate_outdoors"
    },
    "container_Laboratory_DesignStuff_00264": {
      "groupId": "tool&others_crate_outdoors"
    },
    "container_Laboratory_DesignStuff_00258": {
      "groupId": "tool&others_crate_outdoors"
    },
    "container_Laboratory_DesignStuff_00260": {
      "groupId": "tool&others_crate_outdoors"
    },
    "container_Laboratory_DesignStuff_00261": {
      "groupId": "tool&others_crate_outdoors"
    },
    "container_Laboratory_DesignStuff_00252": {
      "groupId": "tool&others_crate_outdoors"
    },
    "container_Laboratory_DesignStuff_00262": {
      "groupId": "tool&others_crate_outdoors"
    },
    "container_Laboratory_DesignStuff_00250": {
      "groupId": "tool&others_crate_outdoors"
    },
    "container_Laboratory_DesignStuff_00247": {
      "groupId": "tool&others_crate_outdoors"
    },
    "container_Laboratory_DesignStuff_00268": {
      "groupId": "tool&others_crate_outdoors"
    },
    "container_Laboratory_DesignStuff_00269": {
      "groupId": "tool&others_crate_outdoors"
    },
    "container_Laboratory_DesignStuff_00267": {
      "groupId": "tool&others_crate_outdoors"
    },
    "container_Laboratory_DesignStuff_00249": {
      "groupId": "tool&others_crate_outdoors"
    },
    "container_Laboratory_DesignStuff_00256": {
      "groupId": "tool&others_crate_outdoors"
    },
    "container_Laboratory_DesignStuff_00270": {
      "groupId": "tool&others_crate_outdoors"
    },
    "container_Laboratory_DesignStuff_00242": {
      "groupId": "tool&others_crate_outdoors"
    },
    "container_Laboratory_DesignStuff_00237": {
      "groupId": "tool&others_crate_outdoors"
    },
    "container_Laboratory_DesignStuff_00240": {
      "groupId": "tool&others_crate_outdoors"
    },
    "container_Laboratory_DesignStuff_00253": {
      "groupId": "tool&others_crate_outdoors"
    },
    "container_Laboratory_DesignStuff_00271": {
      "groupId": "tool&others_crate_outdoors"
    },
    "container_Laboratory_DesignStuff_00265": {
      "groupId": "tool&others_crate_outdoors"
    },
    "container_Laboratory_Medical_corridor_floor_1_00001": {
      "groupId": ""
    },
    "container_Laboratory_DesignStuff_00239": {
      "groupId": "tool&others_crate_outdoors"
    },
    "container_Laboratory_DesignStuff_00255": {
      "groupId": "tool&others_crate_outdoors"
    },
    "container_Laboratory_DesignStuff_00251": {
      "groupId": "tool&others_crate_outdoors"
    },
    "container_Laboratory_DesignStuff_00263": {
      "groupId": "tool&others_crate_outdoors"
    },
    "container_Laboratory_DesignStuff_00243": {
      "groupId": "tool&others_crate_outdoors"
    },
    "container_Laboratory_DesignStuff_00248": {
      "groupId": "tool&others_crate_outdoors"
    },
    "container_Laboratory_DesignStuff_00241": {
      "groupId": "tool&others_crate_outdoors"
    },
    "container_Laboratory_DesignStuff_00235": {
      "groupId": "tool&others_crate_outdoors"
    },
    "container_Laboratory_DesignStuff_00254": {
      "groupId": "tool&others_crate_outdoors"
    },
    "container_Laboratory_DesignStuff_00246": {
      "groupId": "tool&others_crate_outdoors"
    },
    "container_Laboratory_DesignStuff_00245": {
      "groupId": "tool&others_crate_outdoors"
    },
    "container_Laboratory_DesignStuff_00259": {
      "groupId": "tool&others_crate_outdoors"
    },
    "container_Laboratory_DesignStuff_00266": {
      "groupId": "tool&others_crate_outdoors"
    },
    "container_Laboratory_DesignStuff_00244": {
      "groupId": "tool&others_crate_outdoors"
    },
    "container_Laboratory_DesignStuff_00272": {
      "groupId": "tool&others_crate_outdoors"
    },
    "container_ProfileEditor_00002": {
      "groupId": ""
    },
    "container_Laboratory_DesignStuff_00276": {
      "groupId": ""
    },
    "container_Laboratory_DesignStuff_00274": {
      "groupId": ""
    },
    "container_Laboratory_DesignStuff_00275": {
      "groupId": ""
    },
    "Lootable_00004": {
      "groupId": ""
    },
    "container_Test_for_export_00001": {
      "groupId": ""
    },
    "container_Laboratory_DesignStuff_00273": {
      "groupId": ""
    },
    "container_Laboratory_DesignStuff_00107": {
      "groupId": "weapon_crate_closed"
    },
    "container_Laboratory_DesignStuff_00231": {
      "groupId": "weapon_crate_outdoors"
    },
    "container_Laboratory_DesignStuff_00117": {
      "groupId": "weapon_crate_closed"
    },
    "container_Laboratory_DesignStuff_00205": {
      "groupId": "weapon_crate_outdoors"
    },
    "container_Laboratory_DesignStuff_00201": {
      "groupId": "weapon_crate_outdoors"
    },
    "container_Laboratory_DesignStuff_00116": {
      "groupId": "weapon_crate_closed"
    },
    "container_Laboratory_DesignStuff_00226": {
      "groupId": "weapon_crate_outdoors"
    },
    "container_Laboratory_DesignStuff_00106": {
      "groupId": "weapon_crate_closed"
    },
    "container_Laboratory_DesignStuff_00225": {
      "groupId": "weapon_crate_outdoors"
    },
    "container_Laboratory_DesignStuff_00200": {
      "groupId": "weapon_crate_outdoors"
    },
    "container_Laboratory_DesignStuff_00115": {
      "groupId": "weapon_crate_closed"
    },
    "container_Laboratory_DesignStuff_00105": {
      "groupId": "weapon_crate_closed"
    },
    "container_Laboratory_DesignStuff_00224": {
      "groupId": "weapon_crate_outdoors"
    },
    "container_Laboratory_DesignStuff_00227": {
      "groupId": "weapon_crate_outdoors"
    },
    "container_Laboratory_DesignStuff_00198": {
      "groupId": "weapon_crate_outdoors"
    },
    "container_Laboratory_DesignStuff_00199": {
      "groupId": "weapon_crate_outdoors"
    },
    "container_Laboratory_DesignStuff_00173": {
      "groupId": ""
    },
    "container_Laboratory_DesignStuff_00146": {
      "groupId": ""
    },
    "container_Laboratory_DesignStuff_00174": {
      "groupId": ""
    },
    "container_Laboratory_DesignStuff_00164": {
      "groupId": ""
    },
    "container_Laboratory_DesignStuff_00167": {
      "groupId": ""
    },
    "container_Laboratory_DesignStuff_00178": {
      "groupId": ""
    },
    "Lootable_00065": {
      "groupId": ""
    },
    "container_Laboratory_DesignStuff_00156": {
      "groupId": ""
    },
    "container_Laboratory_DesignStuff_00153": {
      "groupId": ""
    },
    "container_Laboratory_DesignStuff_00170": {
      "groupId": ""
    },
    "container_Laboratory_DesignStuff_00168": {
      "groupId": ""
    },
    "container_Laboratory_DesignStuff_00159": {
      "groupId": ""
    },
    "container_Laboratory_DesignStuff_00166": {
      "groupId": ""
    },
    "container_Laboratory_DesignStuff_00179": {
      "groupId": ""
    },
    "container_Laboratory_DesignStuff_00172": {
      "groupId": ""
    },
    "container_Laboratory_DesignStuff_00154": {
      "groupId": ""
    },
    "container_Laboratory_DesignStuff_00139": {
      "groupId": ""
    },
    "container_Laboratory_DesignStuff_00152": {
      "groupId": ""
    },
    "container_Laboratory_DesignStuff_00177": {
      "groupId": ""
    },
    "container_Laboratory_DesignStuff_00180": {
      "groupId": ""
    },
    "container_Laboratory_DesignStuff_00143": {
      "groupId": ""
    },
    "container_Laboratory_DesignStuff_00162": {
      "groupId": ""
    },
    "container_Laboratory_DesignStuff_00149": {
      "groupId": ""
    },
    "container_Laboratory_DesignStuff_00144": {
      "groupId": ""
    },
    "container_Laboratory_DesignStuff_00147": {
      "groupId": ""
    },
    "container_Laboratory_DesignStuff_00141": {
      "groupId": ""
    },
    "container_Laboratory_DesignStuff_00175": {
      "groupId": ""
    },
    "container_Laboratory_DesignStuff_00163": {
      "groupId": ""
    },
    "container_Laboratory_DesignStuff_00161": {
      "groupId": ""
    },
    "container_Laboratory_DesignStuff_00169": {
      "groupId": ""
    },
    "container_Laboratory_DesignStuff_00148": {
      "groupId": ""
    },
    "container_Laboratory_DesignStuff_00165": {
      "groupId": ""
    },
    "container_Laboratory_DesignStuff_00150": {
      "groupId": ""
    },
    "container_Laboratory_DesignStuff_00181": {
      "groupId": ""
    },
    "container_Laboratory_DesignStuff_00176": {
      "groupId": ""
    },
    "container_Laboratory_DesignStuff_00160": {
      "groupId": ""
    },
    "container_Laboratory_DesignStuff_00142": {
      "groupId": ""
    },
    "container_Laboratory_DesignStuff_00151": {
      "groupId": ""
    },
    "container_Laboratory_DesignStuff_00171": {
      "groupId": ""
    },
    "container_Laboratory_DesignStuff_00145": {
      "groupId": ""
    },
    "container_Laboratory_DesignStuff_00155": {
      "groupId": ""
    },
    "container_Laboratory_DesignStuff_00158": {
      "groupId": ""
    },
    "container_Laboratory_DesignStuff_00140": {
      "groupId": ""
    },
    "container_Laboratory_DesignStuff_00157": {
      "groupId": ""
    },
    "container_Laboratory_DesignStuff_00238": {
      "groupId": "tool&others_crate_outdoors"
    },
    "container_Laboratory_DesignStuff_00234": {
      "groupId": "weapon_crate_outdoors"
    },
    "container_Laboratory_DesignStuff_00257": {
      "groupId": "tool&others_crate_outdoors"
    },
    "container_Laboratory_DesignStuff_00208": {
      "groupId": "weapon_crate_outdoors"
    },
    "container_Laboratory_DesignStuff_00202": {
      "groupId": "weapon_crate_outdoors"
    },
    "container_Laboratory_DesignStuff_00230": {
      "groupId": "weapon_crate_outdoors"
    },
    "container_Laboratory_DesignStuff_00203": {
      "groupId": "weapon_crate_outdoors"
    },
    "container_Laboratory_DesignStuff_00228": {
      "groupId": "weapon_crate_outdoors"
    },
    "container_Laboratory_DesignStuff_00204": {
      "groupId": "weapon_crate_outdoors"
    },
    "container_Laboratory_DesignStuff_00229": {
      "groupId": "weapon_crate_outdoors"
    },
    "container_Laboratory_DesignStuff_00104": {
      "groupId": "weapon_crate_closed"
    },
    "container_Laboratory_DesignStuff_00102": {
      "groupId": "weapon_crate_closed"
    },
    "container_Laboratory_DesignStuff_00113": {
      "groupId": "weapon_crate_closed"
    },
    "container_Laboratory_DesignStuff_00114": {
      "groupId": "weapon_crate_closed"
    },
    "container_Laboratory_DesignStuff_00103": {
      "groupId": "weapon_crate_closed"
    },
    "container_Laboratory_DesignStuff_00099": {
      "groupId": "weapon_crate_closed"
    },
    "container_Laboratory_DesignStuff_00101": {
      "groupId": "weapon_crate_closed"
    },
    "container_Laboratory_DesignStuff_00215": {
      "groupId": "weapon_crate_outdoors"
    },
    "container_Laboratory_DesignStuff_00214": {
      "groupId": "weapon_crate_outdoors"
    },
    "container_Laboratory_DesignStuff_00190": {
      "groupId": "weapon_crate_outdoors"
    },
    "container_Laboratory_DesignStuff_00183": {
      "groupId": "weapon_crate_outdoors"
    },
    "container_Laboratory_DesignStuff_00100": {
      "groupId": "weapon_crate_closed"
    },
    "container_Laboratory_DesignStuff_00210": {
      "groupId": "weapon_crate_outdoors"
    },
    "container_Laboratory_DesignStuff_00211": {
      "groupId": "weapon_crate_outdoors"
    },
    "container_Laboratory_DesignStuff_00186": {
      "groupId": "weapon_crate_outdoors"
    },
    "container_Laboratory_DesignStuff_00187": {
      "groupId": "weapon_crate_outdoors"
    },
    "container_Laboratory_DesignStuff_00213": {
      "groupId": "weapon_crate_outdoors"
    },
    "container_Laboratory_DesignStuff_00184": {
      "groupId": "weapon_crate_outdoors"
    },
    "container_Laboratory_DesignStuff_00216": {
      "groupId": "weapon_crate_outdoors"
    },
    "container_Laboratory_DesignStuff_00185": {
      "groupId": "weapon_crate_outdoors"
    },
    "container_Laboratory_DesignStuff_00112": {
      "groupId": "weapon_crate_closed"
    },
    "container_Laboratory_DesignStuff_00111": {
      "groupId": "weapon_crate_closed"
    },
    "container_Laboratory_DesignStuff_00188": {
      "groupId": "weapon_crate_outdoors"
    },
    "container_Laboratory_DesignStuff_00209": {
      "groupId": "weapon_crate_outdoors"
    },
    "container_Laboratory_DesignStuff_00110": {
      "groupId": "weapon_crate_closed"
    },
    "container_Laboratory_DesignStuff_00189": {
      "groupId": "weapon_crate_outdoors"
    },
    "container_Laboratory_DesignStuff_00182": {
      "groupId": "weapon_crate_outdoors"
    },
    "container_Laboratory_DesignStuff_00212": {
      "groupId": "weapon_crate_outdoors"
    },
    "container_Test_for_export_00002": {
      "groupId": "weapon_crate_outdoors"
    },
    "container_Laboratory_DesignStuff_00197": {
      "groupId": "weapon_crate_outdoors"
    },
    "container_Laboratory_DesignStuff_00221": {
      "groupId": "weapon_crate_outdoors"
    },
    "container_Laboratory_DesignStuff_00222": {
      "groupId": "weapon_crate_outdoors"
    },
    "container_Laboratory_DesignStuff_00193": {
      "groupId": "weapon_crate_outdoors"
    },
    "container_Laboratory_DesignStuff_00223": {
      "groupId": "weapon_crate_outdoors"
    },
    "container_Laboratory_DesignStuff_00191": {
      "groupId": "weapon_crate_outdoors"
    },
    "container_Laboratory_DesignStuff_00192": {
      "groupId": "weapon_crate_outdoors"
    },
    "container_Laboratory_DesignStuff_00219": {
      "groupId": "weapon_crate_outdoors"
    },
    "container_Laboratory_DesignStuff_00196": {
      "groupId": "weapon_crate_outdoors"
    },
    "container_Laboratory_DesignStuff_00220": {
      "groupId": "weapon_crate_outdoors"
    },
    "container_Laboratory_DesignStuff_00218": {
      "groupId": "weapon_crate_outdoors"
    },
    "container_Laboratory_DesignStuff_00217": {
      "groupId": "weapon_crate_outdoors"
    },
    "container_Laboratory_DesignStuff_00194": {
      "groupId": "weapon_crate_outdoors"
    },
    "container_Laboratory_DesignStuff_00195": {
      "groupId": "weapon_crate_outdoors"
    },
    "container_Laboratory_Medical_corridor_floor_1_00000": {
      "groupId": ""
    },
    "container_Laboratory_DesignStuff_00282": {
      "groupId": "weapon_crate_outdoors"
    },
    "container_Laboratory_DesignStuff_00297": {
      "groupId": "weapon_crate_closed"
    },
    "container_Laboratory_DesignStuff_00299": {
      "groupId": "weapon_crate_closed"
    },
    "container_Laboratory_DesignStuff_00303": {
      "groupId": "weapon_crate_closed"
    },
    "container_Laboratory_DesignStuff_00298": {
      "groupId": "weapon_crate_closed"
    },
    "container_Laboratory_DesignStuff_00302": {
      "groupId": "weapon_crate_closed"
    },
    "container_Laboratory_DesignStuff_00300": {
      "groupId": "weapon_crate_closed"
    },
    "container_Laboratory_DesignStuff_00296": {
      "groupId": "weapon_crate_closed"
    }
  }
}