{"Caliber1143x23ACP":[{"tpl":"5e81f423763d9f754677bf2e","relativeProbability":1098},{"tpl":"5ea2a8e200685063ec28c05a","relativeProbability":97},{"tpl":"5efb0d4f4bc50b58e81710f3","relativeProbability":108},{"tpl":"5efb0cabfb3e451d70735af5","relativeProbability":94},{"tpl":"5efb0fc6aeb21837e749c801","relativeProbability":64}],"Caliber127x33":[{"tpl":"668fe62ac62660a5d8071446","relativeProbability":888},{"tpl":"66a0d1f88486c69fce00fdf6","relativeProbability":137},{"tpl":"66a0d1e0ed648d72fe064d06","relativeProbability":137},{"tpl":"66a0d1c87d0d369e270bb9de","relativeProbability":126}],"Caliber127x55":[{"tpl":"5cadf6ddae9215051e1c23b2","relativeProbability":215},{"tpl":"5cadf6e5ae921500113bb973","relativeProbability":161},{"tpl":"5cadf6eeae921500134b2799","relativeProbability":118}],"Caliber12g":[{"tpl":"5d6e68c4a4b9361b93413f79","relativeProbability":266},{"tpl":"560d5e524bdc2d25448b4571","relativeProbability":1122},{"tpl":"64b8ee384b75259c590fa89b","relativeProbability":155},{"tpl":"5d6e6911a4b9361bd5780d52","relativeProbability":117},{"tpl":"5d6e68a8a4b9360b6c0d54e2","relativeProbability":157},{"tpl":"5d6e68b3a4b9361bca7e50b5","relativeProbability":104},{"tpl":"58820d1224597753c90aeb13","relativeProbability":166},{"tpl":"5d6e68dea4b9361bcc29e659","relativeProbability":117},{"tpl":"5d6e6869a4b9361c140bcfde","relativeProbability":129},{"tpl":"5d6e6891a4b9361bd473feea","relativeProbability":99},{"tpl":"5d6e6806a4b936088465b17e","relativeProbability":166},{"tpl":"5c0d591486f7744c505b416f","relativeProbability":137},{"tpl":"5d6e68d1a4b93622fe60e845","relativeProbability":76},{"tpl":"5d6e689ca4b9361bc8618956","relativeProbability":99},{"tpl":"5d6e68e6a4b9361c140bcfe0","relativeProbability":61}],"Caliber20g":[{"tpl":"5d6e6a42a4b9364f07165f52","relativeProbability":148},{"tpl":"5d6e695fa4b936359b35d852","relativeProbability":159},{"tpl":"5a38ebd9c4a282000d722a5b","relativeProbability":642},{"tpl":"5d6e69b9a4b9361bc8618958","relativeProbability":184},{"tpl":"5d6e6a05a4b93618084f58d0","relativeProbability":182},{"tpl":"660137ef76c1b56143052be8","relativeProbability":77},{"tpl":"5d6e69c7a4b9360b6c0d54e4","relativeProbability":117},{"tpl":"5d6e6a5fa4b93614ec501745","relativeProbability":93},{"tpl":"5d6e6a53a4b9361bd473feec","relativeProbability":145},{"tpl":"6601380580e77cfd080e3418","relativeProbability":99},{"tpl":"660137d8481cc6907a0c5cda","relativeProbability":16}],"Caliber20x1mm":[{"tpl":"6601546f86889319850bd566","relativeProbability":568}],"Caliber23x75":[{"tpl":"5e85aa1a988a8701445df1f5","relativeProbability":80},{"tpl":"5e85a9f4add9fe03027d9bf1","relativeProbability":39},{"tpl":"5f647f31b6238e5dd066e196","relativeProbability":86},{"tpl":"5e85a9a6eacf8c039e4e2ac1","relativeProbability":111}],"Caliber26x75":[{"tpl":"62389aaba63f32501b1b444f","relativeProbability":181},{"tpl":"62389be94d5d474bf712e709","relativeProbability":39},{"tpl":"62389bc9423ed1685422dc57","relativeProbability":32},{"tpl":"635267f063651329f75a4ee8","relativeProbability":4},{"tpl":"62389ba9a63f32501b1b4451","relativeProbability":10}],"Caliber366TKM":[{"tpl":"59e6658b86f77411d949b250","relativeProbability":142},{"tpl":"5f0596629e22f464da6bbdd9","relativeProbability":108},{"tpl":"59e6542b86f77411dc52a77a","relativeProbability":346},{"tpl":"59e655cb86f77411dc52a77b","relativeProbability":366}],"Caliber40mmRU":[{"tpl":"5656eb674bdc2d35148b457c","relativeProbability":1739}],"Caliber40x46":[{"tpl":"5ede4739e0350d05467f73e8","relativeProbability":667},{"tpl":"5ede475339ee016e8c534742","relativeProbability":217},{"tpl":"5ede475b549eed7c6d5c18fb","relativeProbability":682},{"tpl":"5f0c892565703e5c461894e9","relativeProbability":724},{"tpl":"5ede47405b097655935d7d16","relativeProbability":32},{"tpl":"5ede474b0c226a66f5402622","relativeProbability":69}],"Caliber46x30":[{"tpl":"5ba26812d4351e003201fef1","relativeProbability":281},{"tpl":"5ba2678ad4351e44f824b344","relativeProbability":423},{"tpl":"64b6979341772715af0f9c39","relativeProbability":291},{"tpl":"5ba26835d4351e0035628ff5","relativeProbability":88},{"tpl":"5ba26844d4351e00334c9475","relativeProbability":36}],"Caliber545x39":[{"tpl":"56dff3afd2720bba668b4567","relativeProbability":2472},{"tpl":"56dff061d2720bb5668b4567","relativeProbability":196},{"tpl":"56dff338d2720bbd668b4569","relativeProbability":490},{"tpl":"56dff026d2720bb8668b4567","relativeProbability":165},{"tpl":"56dff216d2720bbd668b4568","relativeProbability":329},{"tpl":"61962b617c6c7b169525f168","relativeProbability":98},{"tpl":"56dff0bed2720bb0668b4567","relativeProbability":715},{"tpl":"56dff421d2720b5f5a8b4567","relativeProbability":308},{"tpl":"56dff2ced2720bb4668b4567","relativeProbability":541},{"tpl":"56dff4a2d2720bbd668b456a","relativeProbability":336},{"tpl":"56dfef82d2720bbd668b4567","relativeProbability":132},{"tpl":"56dff4ecd2720b5f5a8b4568","relativeProbability":74},{"tpl":"5c0d5e4486f77478390952fe","relativeProbability":64}],"Caliber556x45NATO":[{"tpl":"601949593ae8f707c4608daa","relativeProbability":72},{"tpl":"59e6920f86f77411d82aa167","relativeProbability":1902},{"tpl":"59e68f6f86f7746c9f75e846","relativeProbability":395},{"tpl":"59e6906286f7746c9f75e847","relativeProbability":259},{"tpl":"59e6918f86f7746c9f75e849","relativeProbability":196},{"tpl":"59e6927d86f77411da468256","relativeProbability":361},{"tpl":"54527ac44bdc2d36668b4567","relativeProbability":279},{"tpl":"54527a984bdc2d4e668b4567","relativeProbability":497},{"tpl":"5c0d5ae286f7741e46554302","relativeProbability":113},{"tpl":"59e690b686f7746c9f75e848","relativeProbability":117},{"tpl":"60194943740c5d77f6705eea","relativeProbability":111}],"Caliber57x28":[{"tpl":"5cc80f8fe4a949033b0224a2","relativeProbability":700},{"tpl":"5cc86840d7f00c002412c56c","relativeProbability":151},{"tpl":"5cc80f67e4a949035e43bbba","relativeProbability":180},{"tpl":"5cc80f79e4a949033c7343b2","relativeProbability":307},{"tpl":"5cc80f53e4a949000e1ea4f8","relativeProbability":189},{"tpl":"5cc86832d7f00c000d3a6e6c","relativeProbability":138},{"tpl":"5cc80f38e4a949001152b560","relativeProbability":105}],"Caliber762x25TT":[{"tpl":"5735ff5c245977640e39ba7e","relativeProbability":682},{"tpl":"5736026a245977644601dc61","relativeProbability":1230},{"tpl":"573601b42459776410737435","relativeProbability":348}],"Caliber762x35":[{"tpl":"619636be6db0f2477964e710","relativeProbability":67},{"tpl":"5fbe3ffdf8b6a877a729ea82","relativeProbability":325},{"tpl":"5fd20ff893a8961fc660a954","relativeProbability":143},{"tpl":"64b8725c4b75259c590fa899","relativeProbability":202},{"tpl":"6196365d58ef8c428c287da1","relativeProbability":97},{"tpl":"6196364158ef8c428c287d9f","relativeProbability":60}],"Caliber762x39":[{"tpl":"5656d7c34bdc2d9d198b4587","relativeProbability":1619},{"tpl":"64b7af5a8532cf95ee0a0dbd","relativeProbability":1112},{"tpl":"64b7af734b75259c590fa895","relativeProbability":347},{"tpl":"59e4d3d286f774176a36250a","relativeProbability":283},{"tpl":"59e4cf5286f7741778269d8a","relativeProbability":230},{"tpl":"64b7af434b75259c590fa893","relativeProbability":401},{"tpl":"59e0d99486f7744a32234762","relativeProbability":277},{"tpl":"601aa3d2b2bcb34913271e6d","relativeProbability":71},{"tpl":"59e4d24686f7741776641ac7","relativeProbability":31}],"Caliber762x51":[{"tpl":"5e023e53d4353e3302577c4c","relativeProbability":1454},{"tpl":"58dd3ad986f77403051cba8f","relativeProbability":659},{"tpl":"6768c25aa7b238f14a08d3f6","relativeProbability":64},{"tpl":"5a608bf24f39f98ffc77720e","relativeProbability":263},{"tpl":"5e023e88277cce2b522ff2b1","relativeProbability":166},{"tpl":"5efb0c1bd79ff02a1f5e68d9","relativeProbability":31},{"tpl":"5a6086ea4f39f99cd479502f","relativeProbability":106},{"tpl":"5e023e6e34d52a55c3304f71","relativeProbability":301}],"Caliber762x54R":[{"tpl":"64b8f7b5389d7ffd620ccba2","relativeProbability":184},{"tpl":"5887431f2459777e1612938f","relativeProbability":506},{"tpl":"59e77a2386f7742ee578960a","relativeProbability":172},{"tpl":"5e023d48186a883be655e551","relativeProbability":32},{"tpl":"64b8f7c241772715af0f9c3d","relativeProbability":278},{"tpl":"5e023d34e8a400319a28ed44","relativeProbability":68},{"tpl":"64b8f7968532cf95ee0a0dbf","relativeProbability":271},{"tpl":"560d61e84bdc2da74d8b4571","relativeProbability":36},{"tpl":"5e023cf8186a883be655e54f","relativeProbability":97}],"Caliber86x70":[{"tpl":"5fc382c1016cce60e8341b20","relativeProbability":63},{"tpl":"5fc382b6d6fa9c00c571bbc3","relativeProbability":30},{"tpl":"5fc275cf85fd526b824a571a","relativeProbability":84},{"tpl":"5fc382a9d724d907e2077dab","relativeProbability":31}],"Caliber9x18PM":[{"tpl":"573719762459775a626ccbc1","relativeProbability":3196},{"tpl":"57371aab2459775a77142f22","relativeProbability":133},{"tpl":"5737218f245977612125ba51","relativeProbability":283},{"tpl":"5737207f24597760ff7b25f2","relativeProbability":208},{"tpl":"573719df2459775a626ccbc2","relativeProbability":223},{"tpl":"573718ba2459775a75491131","relativeProbability":178},{"tpl":"57371e4124597760ff7b25f1","relativeProbability":264},{"tpl":"57372140245977611f70ee91","relativeProbability":330}],"Caliber9x19PARA":[{"tpl":"64b7bbb74b75259c590fa897","relativeProbability":3053},{"tpl":"56d59d3ad2720bdb418b4577","relativeProbability":2066},{"tpl":"5c3df7d588a4501f290594e5","relativeProbability":249},{"tpl":"5c0d56a986f774449d5de529","relativeProbability":208},{"tpl":"58864a4f2459770fcc257101","relativeProbability":183},{"tpl":"5a3c16fe86f77452b62de32a","relativeProbability":233},{"tpl":"5c925fa22e221601da359b7b","relativeProbability":109},{"tpl":"5efb0da7a29a85116f6ea05f","relativeProbability":68},{"tpl":"5efb0e16aeb21837e749c7ff","relativeProbability":104}],"Caliber9x21":[{"tpl":"5a26abfac4a28232980eabff","relativeProbability":368},{"tpl":"6576f93989f0062e741ba952","relativeProbability":18},{"tpl":"5a269f97c4a282000b151807","relativeProbability":200},{"tpl":"5a26ac0ec4a28200741e1e18","relativeProbability":173},{"tpl":"5a26ac06c4a282000c5a90a8","relativeProbability":253},{"tpl":"6576f4708ca9c4381d16cd9d","relativeProbability":12}],"Caliber9x33R":[{"tpl":"62330c40bdd19b369e1e53d1","relativeProbability":131},{"tpl":"62330b3ed4dc74626d570b95","relativeProbability":838},{"tpl":"62330bfadc5883093563729b","relativeProbability":85},{"tpl":"62330c18744e5e31df12f516","relativeProbability":69}],"Caliber9x39":[{"tpl":"61962d879bb3d20b0946d385","relativeProbability":139},{"tpl":"6576f96220d53a5b8f3e395e","relativeProbability":250},{"tpl":"5c0d688c86f77413ae3407b2","relativeProbability":66},{"tpl":"57a0dfb82459774d3078b56c","relativeProbability":233},{"tpl":"57a0e5022459774d1673f889","relativeProbability":245},{"tpl":"5c0d668f86f7747ccb7f13b2","relativeProbability":104}]}