{
  "_id": "54cb50c76803fa8b248b4571",
  "availableInRaid": false,
  "avatar": "/files/trader/avatar/59b91ca086f77469a81232e4.jpg",
  "balance_dol": 0,
  "balance_eur": 0,
  "balance_rub": 7000000,
  "buyer_up": false,
  "currency": "RUB",
  "customization_seller": false,
  "discount": 0,
  "discount_end": 0,
  "gridHeight": 160,
  "insurance": {
    "availability": true,
    "excluded_category": [
      "62e9103049c018f425059f38"
    ],
    "max_return_hour": 36,
    "max_storage_time": 96,
    "min_payment": 0,
    "min_return_hour": 24
  },
  "isCanTransferItems": false,
  "items_buy": {
    "category": [
      "5422acb9af1c889c16000029",
      "5485a8684bdc2da71d8b4567",
      "543be6564bdc2df4348b4568",
      "543be5664bdc2dd4348b4569",
      "57864bb7245977548b3b66c2",
      "57864ada245977548638de91",
      "5d650c3e815116009f6201d2",
      "590c745b86f7743cc433c5f2",
      "5448e54d4bdc2dcc718b4568",
      "5c99f98d86f7745c314214b3",
      "5448fe124bdc2da5018b4567"
    ],
    "id_list": [
      "5d40407c86f774318526545a",
      "5d1b376e86f774252519444e"
    ]
  },
  "items_buy_prohibited": {
    "category": [],
    "id_list": [
      "62e910aaf957f2915e0a5e36",
      "64d0b40fbe2eed70e254e2d4",
      "65ddcc9cfa85b9f17d0dfb07",
      "65ddcc7aef36f6413d0829b9",
      "65ca457b4aafb5d7fc0dcb5d",
      "660312cc4d6cdfa6f500c703",
      "660bbc98c38b837877075e4a",
      "660bc341c38b837877075e4c",
      "6638a5474e92f038531e210e",
      "66bc98a01a47be227a5e956e",
      "6655e35b6bc645cb7b059912",
      "666879d498b97e3a8f09f1ae",
      "6399f54b0a36db13c823ad21",
      "66687bc89111279d600b5062",
      "66d98233302686954b0c6f81",
      "6707d0bdaab679420007e01a",
      "6707d0804e617ec94f0e562f",
      "67408903268737ef6908d432"
    ]
  },
  "location": "",
  "loyaltyLevels": [
    {
      "buy_price_coef": 50,
      "exchange_price_coef": 0,
      "heal_price_coef": 0,
      "insurance_price_coef": "16",
      "minLevel": 1,
      "minSalesSum": 0,
      "minStanding": 0,
      "repair_price_coef": 80
    },
    {
      "buy_price_coef": 50,
      "exchange_price_coef": 0,
      "heal_price_coef": 0,
      "insurance_price_coef": "17",
      "minLevel": 15,
      "minSalesSum": 750000,
      "minStanding": 0.2,
      "repair_price_coef": 90
    },
    {
      "buy_price_coef": 50,
      "exchange_price_coef": 0,
      "heal_price_coef": 0,
      "insurance_price_coef": "18",
      "minLevel": 26,
      "minSalesSum": 1500000,
      "minStanding": 0.35,
      "repair_price_coef": 95
    },
    {
      "buy_price_coef": 50,
      "exchange_price_coef": 0,
      "heal_price_coef": 0,
      "insurance_price_coef": "19",
      "minLevel": 36,
      "minSalesSum": 2300000,
      "minStanding": 0.5,
      "repair_price_coef": 100
    }
  ],
  "medic": false,
  "name": "Павел Егорович",
  "nextResupply": 1631489718,
  "nickname": "Prapor",
  "prohibitedTransferableItems": {
    "category": [],
    "id_list": []
  },
  "repair": {
    "availability": true,
    "currency": "5449016a4bdc2d6f028b456f",
    "currency_coefficient": 1,
    "excluded_category": [],
    "excluded_id_list": [],
    "quality": "1.2"
  },
  "sell_category": [],
  "sell_modifier_for_prohibited_items": 0,
  "surname": "Романенко",
  "transferableItems": {
    "category": [],
    "id_list": []
  },
  "unlockedByDefault": true
}
