{
	"Enabled": false,
	"Locked": true,
	"Insurance": true,
	"SafeLocation": false,
	"Name": "Private Sector",
	"Description": "Private residential sector, built up with cottages of the upper-class citizens of Tarkov. In the first weeks of emerging chaos it served as a refugee staging camp, but has become a known scavenger haunt afterwards.",
	"Scene": {
		"path": "",
		"rcid": ""
	},
	"Area": 0,
	"RequiredPlayerLevel": 0,
	"MinPlayers": 6,
	"MaxPlayers": 9,
	"exit_count": 1,
	"exit_access_time": 10,
	"exit_time": 2,
	"Preview": {
		"path": "",
		"rcid": ""
	},
	"IconX": 224,
	"IconY": 646,
	"filter_ex": [],
	"waves": [
		{
			"number": 0,
			"time_min": 1,
			"time_max": 2,
			"slots_min": 3,
			"slots_max": 6,
			"SpawnPoints": "",
			"BotSide": "Savage",
			"BotPreset": "normal",
			"isPlayers": false,
			"WildSpawnType": "assault"
		},
		{
			"number": 1,
			"time_min": 10,
			"time_max": 12,
			"slots_min": 3,
			"slots_max": 5,
			"SpawnPoints": "",
			"BotSide": "Usec",
			"BotPreset": "hard",
			"isPlayers": false,
			"WildSpawnType": "assault"
		}
	],
	"limits": [],
	"AveragePlayTime": 100,
	"AveragePlayerLevel": 10,
	"escape_time_limit": 0,
	"Rules": "Normal",
	"IsSecret": true,
	"doors": [],
	"tmp_location_field_remove_me": 0,
	"MinDistToExitPoint": 30,
	"MaxDistToFreePoint": 900,
	"MinDistToFreePoint": 10,
	"MaxBotPerZone": 0,
	"OpenZones": "",
	"OcculsionCullingEnabled": false,
	"GlobalLootChanceModifier": 1,
	"OldSpawn": true,
	"NewSpawn": false,
	"BotMax": 0,
	"BotStart": 0,
	"BotStop": 0,
	"BotMaxTimePlayer": 0,
	"BotSpawnTimeOnMin": 0,
	"BotSpawnTimeOnMax": 0,
	"BotSpawnTimeOffMin": 0,
	"BotSpawnTimeOffMax": 0,
	"BotMaxPlayer": 0,
	"BotEasy": 0,
	"BotNormal": 0,
	"BotHard": 0,
	"BotImpossible": 0,
	"BotAssault": 0,
	"BotMarksman": 0,
	"DisabledScavExits": "",
	"AccessKeys": [],
	"UnixDateTime": 0,
	"users_gather_seconds": 120,
	"users_spawn_seconds_n": 60,
	"users_spawn_seconds_n2": 90,
	"users_summon_seconds": 0,
	"sav_summon_seconds": 60,
	"matching_min_seconds": 120,
	"MinMaxBots": [],
	"BotLocationModifier": {
		"AccuracySpeed": 0,
		"Scattering": 0,
		"GainSight": 0,
		"MarksmanAccuratyCoef": 0,
		"VisibleDistance": 0
	},
	"exits": [],
	"DisabledForScav": false,
	"SpawnPointParams": [],
	"maxItemCountInLocation": [],
	"Id": "Private Area",
	"_Id": "5704e64ad2720bb55b8b456e",
	"Loot": [],
	"Banners": [
		{
			"id": "5803a58524597710ca36fcb2",
			"pic": {
				"path": "CONTENT/banners/banner_terragroup.jpg",
				"rcid": ""
			}
		},
		{
			"id": "5c1b857086f77465f465faa4",
			"pic": {
				"path": "CONTENT/banners/banner_scavraider.jpg",
				"rcid": ""
			}
		}
	],
	"BossLocationSpawn": []
}