[
  {
    "Chance": 100.0,
    "ChancePVE": 100.0,
    "Count": 0,
    "CountPve": 0,
    "EntryPoints": "MallNW",
    "EventAvailable": false,
    "ExfiltrationTime": 8.0,
    "ExfiltrationTimePVE": 8.0,
    "ExfiltrationType": "Individual",
    "Id": "",
    "MinTime": 0.0,
    "MinTimePVE": 0.0,
    "MaxTime": 0.0,
    "MaxTimePVE": 0.0,
    "Name": "SE Exfil",
    "PassageRequirement": "None",
    "PlayersCount": 0,
    "PlayersCountPVE": 0,
    "RequiredSlot": "FirstPrimaryWeapon",
    "RequirementTip": "",
    "Side": "Pmc"
  },
  {
    "Chance": 100.0,
    "ChancePVE": 100.0,
    "Count": 0,
    "CountPve": 0,
    "EntryPoints": "MallSE",
    "EventAvailable": false,
    "ExfiltrationTime": 8.0,
    "ExfiltrationTimePVE": 8.0,
    "ExfiltrationType": "Individual",
    "Id": "",
    "MinTime": 0.0,
    "MinTimePVE": 0.0,
    "MaxTime": 0.0,
    "MaxTimePVE": 0.0,
    "Name": "NW Exfil",
    "PassageRequirement": "None",
    "PlayersCount": 0,
    "PlayersCountPVE": 0,
    "RequiredSlot": "FirstPrimaryWeapon",
    "RequirementTip": "",
    "Side": "Pmc"
  },
  {
    "Chance": 50.0,
    "ChancePVE": 50.0,
    "Count": 5000,
    "CountPve": 0,
    "EntryPoints": "MallSE,MallNW",
    "EventAvailable": false,
    "ExfiltrationTime": 60.0,
    "ExfiltrationTimePVE": 60.0,
    "ExfiltrationType": "SharedTimer",
    "Id": "5449016a4bdc2d6f028b456f",
    "MinTime": 0.0,
    "MinTimePVE": 0.0,
    "MaxTime": 0.0,
    "MaxTimePVE": 0.0,
    "Name": "PP Exfil",
    "PassageRequirement": "TransferItem",
    "PlayersCount": 4,
    "PlayersCountPVE": 4,
    "RequiredSlot": "FirstPrimaryWeapon",
    "RequirementTip": "EXFIL_Item",
    "Side": "Pmc"
  },
  {
    "Chance": 100.0,
    "ChancePVE": 100.0,
    "Count": 0,
    "CountPve": 0,
    "EntryPoints": "MallSE,MallNW",
    "EventAvailable": false,
    "ExfiltrationTime": 8.0,
    "ExfiltrationTimePVE": 8.0,
    "ExfiltrationType": "SharedTimer",
    "Id": "",
    "MinTime": 0.0,
    "MinTimePVE": 0.0,
    "MaxTime": 0.0,
    "MaxTimePVE": 0.0,
    "Name": "Interchange Cooperation",
    "PassageRequirement": "ScavCooperation",
    "PlayersCount": 0,
    "PlayersCountPVE": 0,
    "RequiredSlot": "FirstPrimaryWeapon",
    "RequirementTip": "EXFIL_Cooperate",
    "Side": "Coop"
  },
  {
    "Chance": 100.0,
    "ChancePVE": 100.0,
    "Count": 0,
    "CountPve": 0,
    "EntryPoints": "MallSE,MallNW",
    "EventAvailable": false,
    "ExfiltrationTime": 10.0,
    "ExfiltrationTimePVE": 10.0,
    "ExfiltrationType": "Individual",
    "Id": "",
    "MinTime": 0.0,
    "MinTimePVE": 0.0,
    "MaxTime": 0.0,
    "MaxTimePVE": 0.0,
    "Name": "Hole Exfill",
    "PassageRequirement": "Empty",
    "PlayersCount": 0,
    "PlayersCountPVE": 0,
    "RequiredSlot": "Backpack",
    "RequirementTip": "EXFIL_INTERCHANGE_HOLE_TIP",
    "Side": "Pmc"
  },
  {
    "Chance": 100.0,
    "ChancePVE": 100.0,
    "Count": 0,
    "CountPve": 0,
    "EntryPoints": "MallSE,MallNW",
    "EventAvailable": false,
    "ExfiltrationTime": 3.0,
    "ExfiltrationTimePVE": 3.0,
    "ExfiltrationType": "Manual",
    "Id": "",
    "MinTime": 0.0,
    "MinTimePVE": 0.0,
    "MaxTime": 0.0,
    "MaxTimePVE": 0.0,
    "Name": "Saferoom Exfil",
    "PassageRequirement": "WorldEvent",
    "PlayersCount": 0,
    "PlayersCountPVE": 0,
    "RequiredSlot": "FirstPrimaryWeapon",
    "RequirementTip": "EXFIL_INTERCHANGE_SAFEROOM_TIP",
    "Side": "Pmc"
  },
  {
    "Chance": 100.0,
    "ChancePVE": 100.0,
    "Count": 0,
    "CountPve": 0,
    "EntryPoints": "",
    "EventAvailable": false,
    "ExfiltrationTime": 8.0,
    "ExfiltrationTimePVE": 8.0,
    "ExfiltrationType": "Individual",
    "Id": "",
    "MinTime": 0.0,
    "MinTimePVE": 0.0,
    "MaxTime": 0.0,
    "MaxTimePVE": 0.0,
    "Name": "SE Exfil",
    "PassageRequirement": "None",
    "PlayersCount": 0,
    "PlayersCountPVE": 0,
    "RequiredSlot": "FirstPrimaryWeapon",
    "RequirementTip": "",
    "Side": "Scav"
  },
  {
    "Chance": 100.0,
    "ChancePVE": 100.0,
    "Count": 0,
    "CountPve": 0,
    "EntryPoints": "",
    "EventAvailable": false,
    "ExfiltrationTime": 8.0,
    "ExfiltrationTimePVE": 8.0,
    "ExfiltrationType": "Individual",
    "Id": "",
    "MinTime": 0.0,
    "MinTimePVE": 0.0,
    "MaxTime": 0.0,
    "MaxTimePVE": 0.0,
    "Name": "NW Exfil",
    "PassageRequirement": "None",
    "PlayersCount": 0,
    "PlayersCountPVE": 0,
    "RequiredSlot": "FirstPrimaryWeapon",
    "RequirementTip": "",
    "Side": "Scav"
  }
]