[
  {
    "Chance": 100.0,
    "ChancePVE": 100.0,
    "Count": 400,
    "CountPve": 0,
    "EntryPoints": "Common",
    "EventAvailable": false,
    "ExfiltrationTime": 5.0,
    "ExfiltrationTimePVE": 5.0,
    "ExfiltrationType": "SharedTimer",
    "Id": "0",
    "MinTime": 1450.0,
    "MinTimePVE": 1450.0,
    "MaxTime": 1700.0,
    "MaxTimePVE": 1700.0,
    "Name": "EXFIL_Train",
    "PassageRequirement": "Train",
    "PlayersCount": 0,
    "PlayersCountPVE": 0,
    "RequiredSlot": "FirstPrimaryWeapon",
    "RequirementTip": "TIP IS HARDCODED",
    "Side": "Coop"
  },
  {
    "Chance": 100.0,
    "ChancePVE": 100.0,
    "Count": 0,
    "CountPve": 0,
    "EntryPoints": "Common",
    "EventAvailable": false,
    "ExfiltrationTime": 8.0,
    "ExfiltrationTimePVE": 8.0,
    "ExfiltrationType": "Individual",
    "Id": "",
    "MinTime": 0.0,
    "MinTimePVE": 0.0,
    "MaxTime": 0.0,
    "MaxTimePVE": 0.0,
    "Name": "EXFIL_Bunker_D2",
    "PassageRequirement": "WorldEvent",
    "PlayersCount": 0,
    "PlayersCountPVE": 0,
    "RequiredSlot": "FirstPrimaryWeapon",
    "RequirementTip": "",
    "Side": "Pmc"
  },
  {
    "Chance": 100.0,
    "ChancePVE": 100.0,
    "Count": 0,
    "CountPve": 0,
    "EntryPoints": "Common",
    "EventAvailable": false,
    "ExfiltrationTime": 18.0,
    "ExfiltrationTimePVE": 18.0,
    "ExfiltrationType": "Individual",
    "Id": "",
    "MinTime": 0.0,
    "MinTimePVE": 0.0,
    "MaxTime": 0.0,
    "MaxTimePVE": 0.0,
    "Name": "EXFIL_Bunker",
    "PassageRequirement": "WorldEvent",
    "PlayersCount": 0,
    "PlayersCountPVE": 0,
    "RequiredSlot": "FirstPrimaryWeapon",
    "RequirementTip": "EXFIL_BUNKER_POWER",
    "Side": "Coop"
  },
  {
    "Chance": 100.0,
    "ChancePVE": 100.0,
    "Count": 0,
    "CountPve": 0,
    "EntryPoints": "Common",
    "EventAvailable": false,
    "ExfiltrationTime": 8.0,
    "ExfiltrationTimePVE": 8.0,
    "ExfiltrationType": "Individual",
    "Id": "Alpinist",
    "MinTime": 0.0,
    "MinTimePVE": 0.0,
    "MaxTime": 0.0,
    "MaxTimePVE": 0.0,
    "Name": "Alpinist",
    "PassageRequirement": "Reference",
    "PlayersCount": 0,
    "PlayersCountPVE": 0,
    "RequiredSlot": "FirstPrimaryWeapon",
    "RequirementTip": "",
    "Side": "Pmc"
  },
  {
    "Chance": 100.0,
    "ChancePVE": 100.0,
    "Count": 0,
    "CountPve": 0,
    "EntryPoints": "Common",
    "EventAvailable": false,
    "ExfiltrationTime": 8.0,
    "ExfiltrationTimePVE": 8.0,
    "ExfiltrationType": "SharedTimer",
    "Id": "",
    "MinTime": 0.0,
    "MinTimePVE": 0.0,
    "MaxTime": 0.0,
    "MaxTimePVE": 0.0,
    "Name": "EXFIL_ScavCooperation",
    "PassageRequirement": "ScavCooperation",
    "PlayersCount": 0,
    "PlayersCountPVE": 0,
    "RequiredSlot": "FirstPrimaryWeapon",
    "RequirementTip": "EXFIL_Cooperate",
    "Side": "Coop"
  },
  {
    "Chance": 100.0,
    "ChancePVE": 100.0,
    "Count": 0,
    "CountPve": 0,
    "EntryPoints": "Common",
    "EventAvailable": false,
    "ExfiltrationTime": 10.0,
    "ExfiltrationTimePVE": 10.0,
    "ExfiltrationType": "Individual",
    "Id": "",
    "MinTime": 0.0,
    "MinTimePVE": 0.0,
    "MaxTime": 0.0,
    "MaxTimePVE": 0.0,
    "Name": "EXFIL_vent",
    "PassageRequirement": "Empty",
    "PlayersCount": 0,
    "PlayersCountPVE": 0,
    "RequiredSlot": "Backpack",
    "RequirementTip": "EXFIL_tip_backpack",
    "Side": "Coop"
  },
  {
    "Chance": 100.0,
    "ChancePVE": 100.0,
    "Count": 0,
    "CountPve": 0,
    "EntryPoints": "",
    "EventAvailable": false,
    "ExfiltrationTime": 8.0,
    "ExfiltrationTimePVE": 8.0,
    "ExfiltrationType": "Individual",
    "Id": "",
    "MinTime": 0.0,
    "MinTimePVE": 0.0,
    "MaxTime": 0.0,
    "MaxTimePVE": 0.0,
    "Name": "Exit1",
    "PassageRequirement": "None",
    "PlayersCount": 0,
    "PlayersCountPVE": 0,
    "RequiredSlot": "FirstPrimaryWeapon",
    "RequirementTip": "",
    "Side": "Scav"
  },
  {
    "Chance": 100.0,
    "ChancePVE": 100.0,
    "Count": 0,
    "CountPve": 0,
    "EntryPoints": "",
    "EventAvailable": false,
    "ExfiltrationTime": 8.0,
    "ExfiltrationTimePVE": 8.0,
    "ExfiltrationType": "Individual",
    "Id": "",
    "MinTime": 0.0,
    "MinTimePVE": 0.0,
    "MaxTime": 0.0,
    "MaxTimePVE": 0.0,
    "Name": "Exit2",
    "PassageRequirement": "None",
    "PlayersCount": 0,
    "PlayersCountPVE": 0,
    "RequiredSlot": "FirstPrimaryWeapon",
    "RequirementTip": "",
    "Side": "Scav"
  },
  {
    "Chance": 100.0,
    "ChancePVE": 100.0,
    "Count": 0,
    "CountPve": 0,
    "EntryPoints": "",
    "EventAvailable": false,
    "ExfiltrationTime": 8.0,
    "ExfiltrationTimePVE": 8.0,
    "ExfiltrationType": "Individual",
    "Id": "",
    "MinTime": 0.0,
    "MinTimePVE": 0.0,
    "MaxTime": 0.0,
    "MaxTimePVE": 0.0,
    "Name": "Exit3",
    "PassageRequirement": "None",
    "PlayersCount": 0,
    "PlayersCountPVE": 0,
    "RequiredSlot": "FirstPrimaryWeapon",
    "RequirementTip": "",
    "Side": "Scav"
  },
  {
    "Chance": 100.0,
    "ChancePVE": 100.0,
    "Count": 0,
    "CountPve": 0,
    "EntryPoints": "",
    "EventAvailable": false,
    "ExfiltrationTime": 8.0,
    "ExfiltrationTimePVE": 8.0,
    "ExfiltrationType": "Individual",
    "Id": "",
    "MinTime": 0.0,
    "MinTimePVE": 0.0,
    "MaxTime": 0.0,
    "MaxTimePVE": 0.0,
    "Name": "Exit4",
    "PassageRequirement": "None",
    "PlayersCount": 0,
    "PlayersCountPVE": 0,
    "RequiredSlot": "FirstPrimaryWeapon",
    "RequirementTip": "",
    "Side": "Scav"
  }
]