{
  "_id": "6617beeaa9cfa777ca915b7c",
  "availableInRaid": false,
  "avatar": "/files/trader/avatar/6617beeaa9cfa777ca915b7c.png",
  "balance_dol": 0,
  "balance_eur": 0,
  "balance_rub": 7000000,
  "buyer_up": false,
  "currency": "RUB",
  "customization_seller": false,
  "discount": 0,
  "discount_end": 0,
  "gridHeight": 120,
  "insurance": {
    "availability": false,
    "excluded_category": [],
    "max_return_hour": 0,
    "max_storage_time": 48,
    "min_payment": 0,
    "min_return_hour": 0
  },
  "isCanTransferItems": false,
  "items_buy": {
    "category": [
      "5422acb9af1c889c16000029",
      "5448fe124bdc2da5018b4567",
      "5485a8684bdc2da71d8b4567"
    ],
    "id_list": []
  },
  "items_buy_prohibited": {
    "category": [],
    "id_list": [
      "64d0b40fbe2eed70e254e2d4",
      "62e910aaf957f2915e0a5e36",
      "65ddcc9cfa85b9f17d0dfb07",
      "66bc98a01a47be227a5e956e",
      "6655e35b6bc645cb7b059912",
      "666879d498b97e3a8f09f1ae",
      "6399f54b0a36db13c823ad21",
      "66687bc89111279d600b5062",
      "66d98233302686954b0c6f81",
      "6707d0bdaab679420007e01a",
      "6707d0804e617ec94f0e562f"
    ]
  },
  "location": "Arena",
  "loyaltyLevels": [
    {
      "buy_price_coef": 50,
      "exchange_price_coef": 0,
      "heal_price_coef": 0,
      "insurance_price_coef": "0",
      "minLevel": 1,
      "minSalesSum": 0,
      "minStanding": 0,
      "repair_price_coef": 0
    },
    {
      "buy_price_coef": 44,
      "exchange_price_coef": 0,
      "heal_price_coef": 0,
      "insurance_price_coef": "0",
      "minLevel": 15,
      "minSalesSum": 0,
      "minStanding": 0.25,
      "repair_price_coef": 0
    },
    {
      "buy_price_coef": 44,
      "exchange_price_coef": 0,
      "heal_price_coef": 0,
      "insurance_price_coef": "0",
      "minLevel": 25,
      "minSalesSum": 0,
      "minStanding": 0.5,
      "repair_price_coef": 0
    },
    {
      "buy_price_coef": 38,
      "exchange_price_coef": 0,
      "heal_price_coef": 0,
      "insurance_price_coef": "0",
      "minLevel": 35,
      "minSalesSum": 0,
      "minStanding": 1.2,
      "repair_price_coef": 0
    }
  ],
  "medic": false,
  "name": "Распорядитель Арены",
  "nextResupply": 1717707106,
  "nickname": "Arena",
  "prohibitedTransferableItems": {
    "category": [],
    "id_list": []
  },
  "repair": {
    "availability": false,
    "currency": "5449016a4bdc2d6f028b456f",
    "currency_coefficient": 1,
    "excluded_category": [],
    "excluded_id_list": [],
    "quality": 0
  },
  "sell_category": [],
  "sell_modifier_for_prohibited_items": 0,
  "surname": "Arena",
  "transferableItems": {
    "category": [],
    "id_list": [
      "5d235b4d86f7742e017bc88a",
      "5449016a4bdc2d6f028b456f"
    ]
  },
  "unlockedByDefault": false
}
