{
  "appearance": {
    "body": {
      "5d28adcb86f77429242fc893": 1
    },
    "feet": {
      "5d28b3a186f7747f7e69ab8c": 1
    },
    "hands": {
      "5cc2e68f14c02e28b47de290": 1
    },
    "head": {
      "5d28b01486f77429242fc898": 1
    },
    "voice": {
      "BossBully": 1
    }
  },
  "experience": {
    "level": {
      "min": 0,
      "max": 1
    },
    "reward": {
      "normal": {
        "min": 2500,
        "max": 2500
      }
    },
    "standingForKill": {
      "normal": -0.2
    },
    "aggressorBonus": {
      "normal": 0.05
    },
    "useSimpleAnimator": false
  },
  "health": {
    "Hydration": {
      "min": 100,
      "max": 100
    },
    "Energy": {
      "min": 100,
      "max": 100
    },
    "Temperature": {
      "min": 36,
      "max": 40
    },
    "BodyParts": [
      {
        "Head": {
          "min": 62,
          "max": 62
        },
        "Chest": {
          "min": 145,
          "max": 145
        },
        "Stomach": {
          "min": 125,
          "max": 125
        },
        "LeftArm": {
          "min": 100,
          "max": 100
        },
        "RightArm": {
          "min": 100,
          "max": 100
        },
        "LeftLeg": {
          "min": 110,
          "max": 110
        },
        "RightLeg": {
          "min": 110,
          "max": 110
        }
      }
    ]
  },
  "skills": {
    "Common": {}
  },
  "inventory": {
    "equipment": {
      "Headwear": {
        "61c18db6dfd64163ea78fbb4": 2965,
        "5aa2b9ede5b5b000137b758b": 2973,
        "60bf74184a63fc79b60c57f6": 2954
      },
      "Earpiece": {},
      "FaceCover": {},
      "ArmorVest": {},
      "Eyewear": {
        "5aa2b986e5b5b00014028f4c": 1563,
        "5aa2b9aee5b5b00015693121": 1550,
        "5d6d2ef3a4b93618084f58bd": 1556,
        "61c18d83b00456371a66814b": 1565
      },
      "ArmBand": {},
      "TacticalVest": {},
      "Backpack": {},
      "FirstPrimaryWeapon": {
        "5ac66cb05acfc40198510a10": 4232,
        "5ac66d015acfc400180ae6e4": 4237,
        "576165642459773c7a400233": 1849,
        "5dcbd56fdbd3d91b3e5468d5": 1104,
        "668e71a8dadf42204c032ce1": 4188,
        "5926bb2186f7744b1c6c6e60": 1578
      },
      "SecondPrimaryWeapon": {},
      "Holster": {
        "602a9740da11d6478d5a06dc": 1687,
        "5b3b713c5acfc4330140bd8d": 13830,
        "6193a720f8ee7e52e42109ed": 1671
      },
      "Scabbard": {},
      "Pockets": {
        "5af99e9186f7747c447120b8": 1
      },
      "SecuredContainer": {
        "5c0a794586f77461c458f892": 1
      }
    },
    "Ammo": {
      "Caliber556x45NATO": {
        "59e6906286f7746c9f75e847": 3240,
        "5c0d5ae286f7741e46554302": 244,
        "59e690b686f7746c9f75e848": 169,
        "59e6920f86f77411d82aa167": 240
      },
      "Caliber9x19PARA": {
        "5c0d56a986f774449d5de529": 463,
        "5c925fa22e221601da359b7b": 610,
        "64b7bbb74b75259c590fa897": 501,
        "5efb0da7a29a85116f6ea05f": 145,
        "5a3c16fe86f77452b62de32a": 101,
        "5c3df7d588a4501f290594e5": 543
      },
      "Caliber762x25TT": {
        "5736026a245977644601dc61": 1
      },
      "Caliber12g": {
        "5d6e68c4a4b9361b93413f79": 242,
        "5d6e68a8a4b9360b6c0d54e2": 35
      },
      "Caliber1143x23ACP": {
        "5efb0cabfb3e451d70735af5": 23,
        "5e81f423763d9f754677bf2e": 370
      },
      "Caliber762x51": {
        "5a608bf24f39f98ffc77720e": 1350,
        "5e023e88277cce2b522ff2b1": 1970,
        "5a6086ea4f39f99cd479502f": 758,
        "5e023e53d4353e3302577c4c": 339,
        "6768c25aa7b238f14a08d3f6": 54
      }
    },
    "mods": {
      "5ac66cb05acfc40198510a10": {
        "mod_gas_block": [
          "59c6633186f7740cf0493bb9"
        ],
        "mod_muzzle": [
          "5943ee5a86f77413872d25ec",
          "5a9fbb84a2750c00137fa685"
        ],
        "mod_pistol_grip": [
          "5649ae4a4bdc2d1b2b8b4588"
        ],
        "mod_stock": [
          "5ac78eaf5acfc4001926317a",
          "6761779c48fa5c377e06fc3f"
        ],
        "mod_reciever": [
          "5d2c76ed48f03532f2136169"
        ],
        "mod_magazine": [
          "5ac66c5d5acfc4001718d314",
          "6764139c44b3c96e7b0e2f7b"
        ]
      },
      "59c6633186f7740cf0493bb9": {
        "mod_handguard": [
          "57cffd8224597763b03fc609"
        ]
      },
      "57cffd8224597763b03fc609": {
        "mod_mount_003": [
          "57cffcd624597763133760c5"
        ]
      },
      "5ac78eaf5acfc4001926317a": {
        "mod_stock": [
          "59ecc3dd86f7746dc827481c"
        ]
      },
      "5d2c76ed48f03532f2136169": {
        "mod_scope": [
          "591c4efa86f7741030027726",
          "57ae0171245977343c27bfcf"
        ]
      },
      "602a9740da11d6478d5a06dc": {
        "mod_barrel": [
          "602a95edda11d6478d5a06da"
        ],
        "mod_reciever": [
          "60228924961b8d75ee233c32"
        ],
        "mod_magazine": [
          "602286df23506e50807090c6"
        ]
      },
      "60228924961b8d75ee233c32": {
        "mod_sight_rear": [
          "60229948cacb6b0506369e27"
        ],
        "mod_sight_front": [
          "60228a76d62c9b14ed777a66"
        ]
      },
      "5ac66d015acfc400180ae6e4": {
        "mod_gas_block": [
          "59d64ec286f774171d1e0a42"
        ],
        "mod_pistol_grip": [
          "5649ade84bdc2d1b2b8b4587"
        ],
        "mod_stock": [
          "5ac50c185acfc400163398d4",
          "6761779c48fa5c377e06fc3f"
        ],
        "mod_charge": [
          "5648ac824bdc2ded0b8b457d"
        ],
        "mod_muzzle": [
          "5a9fbb84a2750c00137fa685",
          "5943ee5a86f77413872d25ec"
        ],
        "mod_reciever": [
          "5d2c76ed48f03532f2136169"
        ],
        "mod_magazine": [
          "5c0548ae0db834001966a3c2",
          "5ac66c5d5acfc4001718d314",
          "6764139c44b3c96e7b0e2f7b"
        ]
      },
      "59d64ec286f774171d1e0a42": {
        "mod_handguard": [
          "5648b4534bdc2d3d1c8b4580"
        ]
      },
      "5648b4534bdc2d3d1c8b4580": {
        "mod_foregrip": [
          "558032614bdc2de7118b4585"
        ]
      },
      "5b3b713c5acfc4330140bd8d": {
        "mod_barrel": [
          "5b3baf8f5acfc40dc5296692"
        ],
        "mod_pistol_grip": [
          "5b3cadf35acfc400194776a0"
        ],
        "mod_magazine": [
          "571a29dc2459771fb2755a6a"
        ]
      },
      "576165642459773c7a400233": {
        "mod_handguard": [
          "58272b392459774b4c7b3ccd"
        ],
        "mod_pistol_grip": [
          "5b30ac585acfc433000eb79c"
        ],
        "mod_muzzle": [
          "59c0ec5b86f77435b128bfca",
          "58272d7f2459774f6311ddfd"
        ],
        "mod_reciever": [
          "57616c112459773cce774d66"
        ],
        "mod_stock": [
          "57616ca52459773c69055192"
        ],
        "mod_charge": [
          "5648ac824bdc2ded0b8b457d"
        ],
        "mod_magazine": [
          "57616a9e2459773c7a400234"
        ],
        "patron_in_weapon": [
          "5d6e68c4a4b9361b93413f79",
          "5d6e68a8a4b9360b6c0d54e2"
        ]
      },
      "58272b392459774b4c7b3ccd": {
        "mod_foregrip": [
          "5cf4fb76d7f00c065703d3ac"
        ]
      },
      "6193a720f8ee7e52e42109ed": {
        "mod_barrel": [
          "6194f02d9bb3d20b0946d2f0"
        ],
        "mod_reciever": [
          "6194f5a318a3974e5e7421eb"
        ],
        "mod_trigger": [
          "6193d3cded0429009f543e6a"
        ],
        "mod_hammer": [
          "6193d3be7c6c7b169525f0da"
        ],
        "mod_catch": [
          "6193d5d4f8ee7e52e4210a1b"
        ],
        "mod_mount_000": [
          "619624b26db0f2477964e6b0"
        ],
        "mod_magazine": [
          "6193d3149fb0c665d5490e32"
        ]
      },
      "6194f5a318a3974e5e7421eb": {
        "mod_sight_rear": [
          "6194f2df645b5d229654ad77"
        ],
        "mod_sight_front": [
          "6194f3286db0f2477964e67d"
        ]
      },
      "5dcbd56fdbd3d91b3e5468d5": {
        "mod_pistol_grip": [
          "5c48a2c22e221602b313fb6c"
        ],
        "mod_handguard": [
          "5dcbd6b46ec07c0c4347a564"
        ],
        "mod_barrel": [
          "5dcbe9431e1f4616d354987e"
        ],
        "mod_scope": [
          "59f9d81586f7744c7506ee62",
          "57c69dd424597774c03b7bbc"
        ],
        "mod_magazine": [
          "5df8f541c41b2312ea3335e3",
          "5a3501acc4a282000d72293a",
          "6761770e48fa5c377e06fc3c"
        ],
        "patron_in_weapon": [
          "5a608bf24f39f98ffc77720e",
          "5e023e88277cce2b522ff2b1",
          "5a6086ea4f39f99cd479502f",
          "5e023e53d4353e3302577c4c",
          "6768c25aa7b238f14a08d3f6"
        ]
      },
      "5dcbe9431e1f4616d354987e": {
        "mod_muzzle": [
          "5d1f819086f7744b355c219b"
        ]
      },
      "668e71a8dadf42204c032ce1": {
        "mod_muzzle_000": [
          "668670e3fb75ee4a5e02eb16"
        ],
        "mod_stock": [
          "669cf78806768ff39504fc1c"
        ],
        "mod_reciever": [
          "6680326874b8f2050c0b9178"
        ],
        "mod_barrel": [
          "66867023c3d473265104f384"
        ],
        "mod_mount_000": [
          "668ea3f68117e4968b0cff4a"
        ],
        "mod_magazine": [
          "66866f622a2296a8d9099639"
        ]
      },
      "669cf78806768ff39504fc1c": {
        "mod_stock_000": [
          "5fbcc437d724d907e2077d5c"
        ]
      },
      "6680326874b8f2050c0b9178": {
        "mod_scope": [
          "6477772ea8a38bb2050ed4db"
        ]
      },
      "668ea3f68117e4968b0cff4a": {
        "mod_tactical_001": [
          "6272370ee4013c5d7e31f418"
        ]
      },
      "5926bb2186f7744b1c6c6e60": {
        "mod_reciever": [
          "5926c0df86f77462f647f764"
        ],
        "mod_charge": [
          "5926c32286f774616e42de99"
        ],
        "mod_magazine": [
          "5926c3b286f774640d189b6b",
          "5a351711c4a282000b1521a4"
        ],
        "patron_in_weapon": [
          "64b7bbb74b75259c590fa897",
          "5efb0da7a29a85116f6ea05f",
          "5c925fa22e221601da359b7b",
          "5a3c16fe86f77452b62de32a",
          "5c3df7d588a4501f290594e5"
        ]
      },
      "5926c0df86f77462f647f764": {
        "mod_handguard": [
          "5d010d1cd7ad1a59283b1ce7"
        ],
        "mod_stock": [
          "5926d3c686f77410de68ebc8"
        ],
        "mod_muzzle": [
          "5c0000c00db834001a6697fc",
          "5926e16e86f7742f5a0f7ecb"
        ],
        "mod_sight_rear": [
          "5926d2be86f774134d668e4e"
        ]
      },
      "5d010d1cd7ad1a59283b1ce7": {
        "mod_tactical_003": [
          "5a7b483fe899ef0016170d15"
        ],
        "mod_foregrip": [
          "5c791e872e2216001219c40a"
        ]
      },
      "5c0000c00db834001a6697fc": {
        "mod_muzzle": [
          "5a9fb739a2750c003215717f"
        ]
      },
      "5d1f819086f7744b355c219b": {
        "mod_muzzle": [
          "5cff9e84d7ad1a049e54ed55"
        ]
      },
      "57c69dd424597774c03b7bbc": {
        "mod_scope": [
          "57c5ac0824597754771e88a9"
        ]
      }
    },
    "items": {
      "TacticalVest": {},
      "Pockets": {
        "5ac66c5d5acfc4001718d314": 10000,
        "602286df23506e50807090c6": 10000,
        "590c678286f77426c9660122": 10000,
        "5710c24ad2720bc3458b45a3": 10000,
        "5c0548ae0db834001966a3c2": 10000,
        "571a29dc2459771fb2755a6a": 10000,
        "675aaab74bca0b001d02f356": 10000,
        "5df8a6a186f77412640e2e80": 2868,
        "57616a9e2459773c7a400234": 10000,
        "6193d3149fb0c665d5490e32": 10000,
        "5df8f541c41b2312ea3335e3": 10000,
        "66866f622a2296a8d9099639": 10000,
        "5926c3b286f774640d189b6b": 10000,
        "5ad7217186f7746744498875": 65,
        "5c94bbff86f7747ee735c08f": 430,
        "5a3501acc4a282000d72293a": 10000,
        "59faff1d86f7746c51718c9c": 4215,
        "591382d986f774465a6413a7": 104,
        "593aa4be86f77457f56379f8": 609,
        "62987da96188c076bc0d8c51": 53,
        "591ae8f986f77406f854be45": 50,
        "5938994586f774523a425196": 261,
        "5780cf942459777df90dcb72": 690,
        "64ccc268c41e91416064ebc7": 67,
        "64ccc1d4a0f13c24561edf27": 49,
        "5ad5d20586f77449be26d877": 230,
        "5a0f068686f7745b0d4ea242": 53,
        "64ccc1ec1779ad6ba200a137": 58,
        "5914578086f774123569ffa4": 182,
        "5a0f045e86f7745b0f0d0e42": 46,
        "5d8e15b686f774445103b190": 59,
        "6761770e48fa5c377e06fc3c": 452,
        "63a39c69af870e651d58e6aa": 50,
        "5c1e2a1e86f77431ea0ea84c": 46,
        "5a351711c4a282000b1521a4": 5056,
        "59136e1e86f774432f15d133": 103,
        "5913611c86f77479e0084092": 323,
        "675ea3d6312c0a5c4e04e317": 397,
        "61aa81fcb225ac1ead7957c3": 59,
        "6581998038c79576a2569e11": 457,
        "63a39fc0af870e651d58e6ae": 24,
        "5a0f08bc86f77478f33b84c2": 59,
        "6582dbe43a2e5248357dbe9a": 464,
        "61a64428a8c6aa1b795f0ba1": 67,
        "5a0eee1486f77402aa773226": 58,
        "64ccc246ff54fb38131acf29": 51,
        "59136f6f86f774447a1ed173": 50,
        "5eff09cd30a7dc22fd1ddfed": 113,
        "658199972dc4e60f6d556a2f": 593,
        "5a0f006986f7741ffd2fe484": 72,
        "5938603e86f77435642354f4": 861,
        "5a0ee4b586f7743698200d22": 30,
        "5937ee6486f77408994ba448": 460,
        "591afe0186f77431bd616a11": 427,
        "6582dc4b6ba9e979af6b79f4": 212,
        "5d8e0e0e86f774321140eb56": 32,
        "5a13f46386f7741dd7384b04": 54,
        "59136a4486f774447a1ed172": 174,
        "5938504186f7740991483f30": 533,
        "5d80c88d86f77440556dbf07": 27,
        "5a0ee30786f774023b6ee08f": 54,
        "61aa5b7db225ac1ead7957c1": 59,
        "5780cfa52459777dfb276eb1": 221,
        "6761a6f90575f25e020816a4": 217,
        "5a0ee34586f774023b6ee092": 52,
        "61aa5b518f5e7a39b41416e2": 37,
        "59148c8a86f774197930e983": 227,
        "591383f186f7744a4c5edcf3": 180,
        "5d95d6fa86f77424484aa5e9": 55,
        "5d80cb8786f774405611c7d9": 28,
        "63a3a93f8a56922e82001f5d": 11,
        "5913915886f774123603c392": 66,
        "61a64492ba05ef10d62adcc1": 50,
        "5d80cb3886f77440556dbf09": 51,
        "64ccc2111779ad6ba200a139": 59,
        "62987e26a77ec735f90a2995": 127,
        "63a39f6e64283b5e9c56b289": 56,
        "62987c658081af308d7558c6": 52,
        "5ad5d49886f77455f9731921": 499,
        "5ad5cfbd86f7742c825d6104": 51,
        "5d80cd1a86f77402aa362f42": 29,
        "5ad5db3786f7743568421cce": 49,
        "5da743f586f7744014504f72": 47,
        "5a0f075686f7745bcc42ee12": 70,
        "5780d0532459777a5108b9a2": 80,
        "5a0eec9686f77402ac5c39f2": 61,
        "5a0ee76686f7743698200d5c": 67,
        "63a71eb5b7f4570d3a29316b": 42,
        "63a71ed21031ac76fe773c7f": 39,
        "63a39fd1c9b3aa4b61683efb": 147,
        "5a0ea69f86f7741cd5406619": 68,
        "62a9cb937377a65d7b070cef": 60,
        "63a39ce4cd6db0635c1975fa": 58,
        "64ccc206793ca11c8f450a38": 45,
        "5913651986f774432f15d132": 61,
        "5a0f0f5886f7741c4e32a472": 63,
        "61aa5ba8018e9821b7368da9": 52,
        "63a39e49cd6db0635c1975fc": 45,
        "5d80c6fc86f774403a401e3c": 25,
        "64ccc24de61ea448b507d34d": 60,
        "64ccc1fe088064307e14a6f7": 65,
        "5a0eb38b86f774153b320eb0": 60,
        "5ad5ccd186f774446d5706e9": 69,
        "5c1e2d1f86f77431e9280bee": 42,
        "5d80c66d86f774405611c7d6": 28,
        "5a0dc95c86f77452440fc675": 91,
        "5913877a86f774432f15d444": 45,
        "59387a4986f77401cc236e62": 65,
        "5d80c6c586f77440351beef1": 31,
        "5780cf692459777de4559321": 54,
        "5d80c95986f77440351beef3": 32,
        "64ccc1f4ff54fb38131acf27": 60,
        "5d8e3ecc86f774414c78d05e": 23,
        "63a39667c9b3aa4b61683e98": 76,
        "5d80c78786f774403a401e3e": 28,
        "5a13ef7e86f7741290491063": 51,
        "5a0ec70e86f7742c0b518fba": 69,
        "5a0eb6ac86f7743124037a28": 51,
        "63a39c7964283b5e9c56b280": 273,
        "63a71e781031ac76fe773c7d": 110,
        "5ede7b0c6d23e5473e6e8c66": 22,
        "5a145d4786f7744cbb6f4a12": 30,
        "5780cf9e2459777df90dcb73": 41,
        "5a0ee72c86f77436955d3435": 56,
        "5d80c62a86f7744036212b3f": 13,
        "5672c92d4bdc2d180f8b4567": 67,
        "5a0eecf686f7740350630097": 19,
        "61aa5aed32a4743c3453d319": 55,
        "5a13ef0686f7746e5a411744": 60,
        "5a0eff2986f7741fd654e684": 54,
        "5a0eed4386f77405112912aa": 27,
        "5a0eeb8e86f77461257ed71a": 78,
        "63a39df18a56922e82001f25": 107,
        "5a0ee62286f774369454a7ac": 46,
        "5a13f35286f77413ef1436b0": 30,
        "5a1452ee86f7746f33111763": 20,
        "5a13ee1986f774794d4c14cd": 47,
        "63a39fdf1e21260da44a0256": 83,
        "5a0dc45586f7742f6b0b73e3": 58,
        "5ad5d7d286f77450166e0a89": 25,
        "59148f8286f7741b951ea113": 58,
        "5a0ee37f86f774023657a86f": 13,
        "5780d07a2459777de4559324": 59,
        "62987cb98081af308d7558c8": 63,
        "5d80c93086f7744036212b41": 24,
        "5780d0652459777df90dcb74": 30,
        "61a6444b8c141d68246e2d2f": 55,
        "6582dc5740562727a654ebb1": 50,
        "63a39dfe3901f439517cafba": 66,
        "5a13f24186f77410e57c5626": 29,
        "5e42c71586f7747f245e1343": 33,
        "5a144dfd86f77445cb5a0982": 28,
        "5d80c8f586f77440373c4ed0": 30,
        "5d80c60f86f77440373c4ece": 17,
        "5a0eebed86f77461230ddb3d": 64,
        "5ad7242b86f7740a6a3abd43": 63,
        "5a0eeb1a86f774688b70aa5c": 56,
        "5da5cdcd86f774529238fb9b": 23,
        "5d95d6be86f77424444eb3a7": 63,
        "5d80cb5686f77440545d1286": 56,
        "5a145ebb86f77458f1796f05": 65,
        "63a71e86b7f4570d3a293169": 40,
        "5ad5d64486f774079b080af8": 49,
        "63a39f08cd6db0635c197600": 90,
        "5ad7247386f7747487619dc3": 24,
        "5a0ea64786f7741707720468": 60,
        "62a09ec84f842e1bd12da3f2": 102,
        "5448ba0b4bdc2d02308b456c": 61,
        "5a0eedb386f77403506300be": 70,
        "5d80ccac86f77470841ff452": 25,
        "5938144586f77473c2087145": 49,
        "5addaffe86f77470b455f900": 18,
        "5d947d3886f774447b415893": 28,
        "5780cf722459777a5108b9a1": 56,
        "5d80ca9086f774403a401e40": 28,
        "63a39cb1c9b3aa4b61683ee2": 51,
        "63a399193901f439517cafb6": 25,
        "63a39f18c2d53c2c6839c1d3": 37,
        "5c1f79a086f7746ed066fb8f": 17,
        "5a144bdb86f7741d374bbde0": 31,
        "63a71e922b25f7513905ca20": 17,
        "5d947d4e86f774447b415895": 28,
        "5a145d7b86f7744cbb6f4a13": 30,
        "5780cf7f2459777de4559322": 20,
        "5d80cbd886f77470855c26c2": 30,
        "5d80ccdd86f77474f7575e02": 24,
        "5a0ea79b86f7741d4a35298e": 59,
        "5780cda02459777b272ede61": 59,
        "5d9f1fa686f774726974a992": 19,
        "5d80cab086f77440535be201": 27,
        "5783c43d2459774bbe137486": 10000,
        "62987dfc402c7f69bf010923": 20,
        "5ede7a8229445733cb4c18e2": 21,
        "5a0ec6d286f7742c0b518fb5": 25,
        "6761a6ccd9bbb27ad703c48a": 19,
        "5da46e3886f774653b7a83fe": 29,
        "5a13eebd86f7746fd639aa93": 19,
        "64ccc25f95763a1ae376e447": 4,
        "5d8e0db586f7744450412a42": 19,
        "679baa4f59b8961f370dd683": 46,
        "679baa5a59b8961f370dd685": 43,
        "679baa9091966fe40408f149": 49,
        "679baa2c61f588ae2b062a24": 49,
        "67e183377c6c2011970f3149": 1
      },
      "Backpack": {
        "5c1d0d6d86f7744bb2683e1f": 1,
        "5c1d0c5f86f7744bb2683cf0": 1,
        "5c1e495a86f7743109743dfb": 1,
        "5c1d0dc586f7744baf2e7b79": 1,
        "5c1d0efb86f7744baf2e7b7b": 1,
        "5c1d0f4986f7744bb01837fa": 1,
        "5c94bbff86f7747ee735c08f": 1,
        "5e42c83786f7742a021fdf3c": 1,
        "5e42c81886f7742a01529f57": 1,
        "59136a4486f774447a1ed172": 1,
        "5780cf7f2459777de4559322": 1,
        "5d80c60f86f77440373c4ece": 1,
        "5d80c62a86f7744036212b3f": 1,
        "5ede7a8229445733cb4c18e2": 1,
        "5da743f586f7744014504f72": 1,
        "5d8e15b686f774445103b190": 1,
        "5a13f24186f77410e57c5626": 1,
        "5448ba0b4bdc2d02308b456c": 1,
        "5a1452ee86f7746f33111763": 1,
        "5a13f35286f77413ef1436b0": 1,
        "5a0eec9686f77402ac5c39f2": 1,
        "5a13ef7e86f7741290491063": 1,
        "5a0ee30786f774023b6ee08f": 1,
        "5a0ee76686f7743698200d5c": 1,
        "5913877a86f774432f15d444": 1,
        "5780d0652459777df90dcb74": 1,
        "5d80c88d86f77440556dbf07": 1,
        "5ede7b0c6d23e5473e6e8c66": 1,
        "5d8e0e0e86f774321140eb56": 1,
        "5d80cb3886f77440556dbf09": 1,
        "5d95d6fa86f77424484aa5e9": 1,
        "5d80cb5686f77440545d1286": 1,
        "5d80c6fc86f774403a401e3c": 1,
        "5d9f1fa686f774726974a992": 1,
        "5d947d3886f774447b415893": 1,
        "5e42c71586f7747f245e1343": 1,
        "5ad5d7d286f77450166e0a89": 1,
        "5addaffe86f77470b455f900": 1,
        "5ad5d64486f774079b080af8": 1,
        "591afe0186f77431bd616a11": 1,
        "5c1e2d1f86f77431e9280bee": 1,
        "5c1f79a086f7746ed066fb8f": 1,
        "5c1e2a1e86f77431ea0ea84c": 1,
        "5a144bdb86f7741d374bbde0": 1,
        "5a0ee4b586f7743698200d22": 1,
        "5a145d4786f7744cbb6f4a12": 1,
        "5a145d7b86f7744cbb6f4a13": 1,
        "5a0eecf686f7740350630097": 1,
        "5a0eee1486f77402aa773226": 1
      },
      "SecuredContainer": {
        "59e6906286f7746c9f75e847": 100000,
        "5c0d56a986f774449d5de529": 100000,
        "5c0d5ae286f7741e46554302": 42670,
        "5736026a245977644601dc61": 100000,
        "5d6e68c4a4b9361b93413f79": 100000,
        "5efb0cabfb3e451d70735af5": 8543,
        "5a608bf24f39f98ffc77720e": 33440,
        "5c925fa22e221601da359b7b": 100000,
        "64b7bbb74b75259c590fa897": 100000,
        "5e023e88277cce2b522ff2b1": 52490,
        "59e690b686f7746c9f75e848": 34900,
        "5e81f423763d9f754677bf2e": 100000,
        "5efb0da7a29a85116f6ea05f": 49030,
        "59e6920f86f77411d82aa167": 42290,
        "5d6e68a8a4b9360b6c0d54e2": 24460,
        "5a3c16fe86f77452b62de32a": 26060,
        "5a6086ea4f39f99cd479502f": 20210,
        "5e023e53d4353e3302577c4c": 9471,
        "6768c25aa7b238f14a08d3f6": 1446,
        "5c3df7d588a4501f290594e5": 100000
      },
      "SpecialLoot": {}
    }
  },
  "firstName": [
    "Решала"
  ],
  "lastName": [],
  "difficulty": {
    "easy": {
      "Lay": {
        "CHECK_SHOOT_WHEN_LAYING": false,
        "DELTA_LAY_CHECK": 2,
        "DELTA_GETUP": 2.7,
        "DELTA_AFTER_GETUP": 10,
        "CLEAR_POINTS_OF_SCARE_SEC": 20,
        "MAX_LAY_TIME": 35,
        "DELTA_WANT_LAY_CHECL_SEC": 5,
        "ATTACK_LAY_CHANCE": 25,
        "DIST_TO_COVER_TO_LAY": 3.5,
        "DIST_TO_COVER_TO_LAY_SQRT": 12.25,
        "DIST_GRASS_TERRAIN_SQRT": 0.160000011,
        "DIST_ENEMY_NULL_DANGER_LAY": 15,
        "DIST_ENEMY_NULL_DANGER_LAY_SQRT": 225,
        "DIST_ENEMY_GETUP_LAY": 10,
        "DIST_ENEMY_GETUP_LAY_SQRT": 100,
        "DIST_ENEMY_CAN_LAY": 15,
        "DIST_ENEMY_CAN_LAY_SQRT": 225,
        "LAY_AIM": 0.6,
        "MIN_CAN_LAY_DIST_SQRT": 121,
        "MIN_CAN_LAY_DIST": 11,
        "MAX_CAN_LAY_DIST_SQRT": 40000,
        "MAX_CAN_LAY_DIST": 200,
        "LAY_CHANCE_DANGER": 40,
        "DAMAGE_TIME_TO_GETUP": 3
      },
      "Aiming": {
        "MAX_AIM_PRECICING": 2,
        "BETTER_PRECICING_COEF": 0.95,
        "RECALC_DIST": 0.7,
        "RECALC_SQR_DIST": 0.48999998,
        "COEF_FROM_COVER": 0.45,
        "PANIC_COEF": 1.2,
        "PANIC_ACCURATY_COEF": 1.2,
        "HARD_AIM": 0.75,
        "PANIC_TIME": 6,
        "RECALC_MUST_TIME": 3,
        "DAMAGE_PANIC_TIME": 15,
        "DANGER_UP_POINT": 1.3,
        "MAX_AIMING_UPGRADE_BY_TIME": 0.2,
        "DAMAGE_TO_DISCARD_AIM_0_100": 86,
        "MIN_TIME_DISCARD_AIM_SEC": 0.3,
        "MAX_TIME_DISCARD_AIM_SEC": 0.6,
        "XZ_COEF": 0.4,
        "SHOOT_TO_CHANGE_PRIORITY": 5525,
        "BOTTOM_COEF": 0.08,
        "FIRST_CONTACT_ADD_SEC": 0.1,
        "FIRST_CONTACT_ADD_CHANCE_100": 80,
        "BASE_HIT_AFFECTION_DELAY_SEC": 0.57,
        "BASE_HIT_AFFECTION_MIN_ANG": 4,
        "BASE_HIT_AFFECTION_MAX_ANG": 10,
        "BASE_SHIEF": 0.05,
        "SCATTERING_HAVE_DAMAGE_COEF": 2,
        "SCATTERING_DIST_MODIF": 0.8,
        "SCATTERING_DIST_MODIF_CLOSE": 0.6,
        "AIMING_TYPE": 4,
        "DIST_TO_SHOOT_TO_CENTER": 3,
        "DIST_TO_SHOOT_NO_OFFSET": 3,
        "SHPERE_FRIENDY_FIRE_SIZE": 0.2,
        "COEF_IF_MOVE": 1,
        "TIME_COEF_IF_MOVE": 1.1,
        "BOT_MOVE_IF_DELTA": 3.01,
        "NEXT_SHOT_MISS_CHANCE_100": 100,
        "NEXT_SHOT_MISS_Y_OFFSET": 1,
        "ANYTIME_LIGHT_WHEN_AIM_100": -1,
        "ANY_PART_SHOOT_TIME": 15,
        "WEAPON_ROOT_OFFSET": 0.35,
        "MIN_DAMAGE_TO_GET_HIT_AFFETS": 1,
        "MAX_AIM_TIME": 1.5,
        "OFFSET_RECAL_ANYWAY_TIME": 1,
        "Y_TOP_OFFSET_COEF": 0.001,
        "Y_BOTTOM_OFFSET_COEF": 0.015
      },
      "Look": {
        "OLD_TIME_POINT": 11,
        "WAIT_NEW_SENSOR": 2.1,
        "WAIT_NEW__LOOK_SENSOR": 7.8,
        "LOOK_AROUND_DELTA": 1.1,
        "MAX_VISION_GRASS_METERS": 0.8,
        "MAX_VISION_GRASS_METERS_FLARE": 8,
        "MAX_VISION_GRASS_METERS_OPT": 0.9090909,
        "MAX_VISION_GRASS_METERS_FLARE_OPT": 0.125,
        "LightOnVisionDistance": 40,
        "FAR_DISTANCE": 160,
        "FarDeltaTimeSec": 3,
        "MIDDLE_DIST": 90,
        "MiddleDeltaTimeSec": 1,
        "CloseDeltaTimeSec": 0.1,
        "POSIBLE_VISION_SPACE": 1.2,
        "GOAL_TO_FULL_DISSAPEAR": 1.1,
        "GOAL_TO_FULL_DISSAPEAR_SHOOT": 0.03,
        "BODY_DELTA_TIME_SEARCH_SEC": 1.7,
        "COME_TO_BODY_DIST": 1.2,
        "MARKSMAN_VISIBLE_DIST_COEF": 1.15,
        "VISIBLE_DISNACE_WITH_LIGHT": 95,
        "ENEMY_LIGHT_ADD": 43,
        "ENEMY_LIGHT_START_DIST": 90,
        "CAN_LOOK_TO_WALL": true,
        "DIST_NOT_TO_IGNORE_WALL": 15,
        "DIST_CHECK_WALL": 20,
        "LOOK_LAST_POSENEMY_IF_NO_DANGER_SEC": 25,
        "MIN_LOOK_AROUD_TIME": 20,
        "OPTIMIZE_TO_ONLY_BODY": true,
        "NO_GREEN_DIST": 5,
        "NO_GRASS_DIST": 5,
        "GOAL_TO_FULL_DISSAPEAR_GREEN": 1.5
      },
      "Shoot": {
        "RECOIL_TIME_NORMALIZE": 1,
        "RECOIL_PER_METER": 0.02,
        "MAX_RECOIL_PER_METER": 0.04,
        "HORIZONT_RECOIL_COEF": 0.04,
        "WAIT_NEXT_SINGLE_SHOT": 0.2,
        "WAIT_NEXT_SINGLE_SHOT_LONG_MAX": 3.3,
        "WAIT_NEXT_SINGLE_SHOT_LONG_MIN": 0.4,
        "MARKSMAN_DIST_SEK_COEF": 44,
        "FINGER_HOLD_SINGLE_SHOT": 0.14,
        "BASE_AUTOMATIC_TIME": 0.2,
        "AUTOMATIC_FIRE_SCATTERING_COEF": 1.5,
        "CHANCE_TO_CHANGE_TO_AUTOMATIC_FIRE_100": 96,
        "FAR_DIST_ENEMY": 20,
        "SHOOT_FROM_COVER": 4,
        "FAR_DIST_ENEMY_SQR": 400,
        "MAX_DIST_COEF": 1.35,
        "RECOIL_DELTA_PRESS": 0.15,
        "RUN_DIST_NO_AMMO": 25,
        "RUN_DIST_NO_AMMO_SQRT": 625,
        "CAN_SHOOTS_TIME_TO_AMBUSH": 993,
        "NOT_TO_SEE_ENEMY_TO_WANT_RELOAD_PERCENT": 0.5,
        "NOT_TO_SEE_ENEMY_TO_WANT_RELOAD_SEC": 2,
        "RELOAD_PECNET_NO_ENEMY": 0.6,
        "CHANCE_TO_CHANGE_WEAPON": 80,
        "CHANCE_TO_CHANGE_WEAPON_WITH_HELMET": 30,
        "LOW_DIST_TO_CHANGE_WEAPON": 6,
        "FAR_DIST_TO_CHANGE_WEAPON": 30,
        "SUPPRESS_BY_SHOOT_TIME": 6,
        "SUPPRESS_TRIGGERS_DOWN": 3,
        "VALIDATE_MALFUNCTION_CHANCE": 100,
        "REPAIR_MALFUNCTION_IMMEDIATE_CHANCE": 25,
        "DELAY_BEFORE_EXAMINE_MALFUNCTION": 0.5,
        "DELAY_BEFORE_FIX_MALFUNCTION": 0.5
      },
      "Move": {
        "BASE_ROTATE_SPEED": 270,
        "REACH_DIST": 0.5,
        "REACH_DIST_RUN": 0.8,
        "START_SLOW_DIST": 1.5,
        "BASESTART_SLOW_DIST": 1.1,
        "SLOW_COEF": 7,
        "DIST_TO_CAN_CHANGE_WAY": 8,
        "DIST_TO_START_RAYCAST": 15,
        "BASE_START_SERACH": 35,
        "UPDATE_TIME_RECAL_WAY": 7,
        "FAR_DIST": 4,
        "FAR_DIST_SQR": 16,
        "DIST_TO_CAN_CHANGE_WAY_SQR": 64,
        "DIST_TO_START_RAYCAST_SQR": 225,
        "BASE_SQRT_START_SERACH": 1225,
        "Y_APPROXIMATION": 0.7,
        "DELTA_LAST_SEEN_ENEMY": 20,
        "REACH_DIST_COVER": 2,
        "RUN_TO_COVER_MIN": 2,
        "CHANCE_TO_RUN_IF_NO_AMMO_0_100": 100,
        "RUN_IF_CANT_SHOOT": true,
        "RUN_IF_GAOL_FAR_THEN": 10,
        "SEC_TO_CHANGE_TO_RUN": 3
      },
      "Grenade": {
        "DELTA_NEXT_ATTEMPT_FROM_COVER": 5,
        "DELTA_NEXT_ATTEMPT": 10,
        "MIN_DIST_NOT_TO_THROW": 8,
        "NEAR_DELTA_THROW_TIME_SEC": 2,
        "MIN_THROW_GRENADE_DIST": 12,
        "MIN_THROW_GRENADE_DIST_SQRT": 144,
        "MIN_DIST_NOT_TO_THROW_SQR": 64,
        "RUN_AWAY": 22,
        "RUN_AWAY_SQR": 484,
        "ADD_GRENADE_AS_DANGER": 65,
        "ADD_GRENADE_AS_DANGER_SQR": 4225,
        "CHANCE_TO_NOTIFY_ENEMY_GR_100": 95,
        "GrenadePerMeter": 0.1,
        "REQUEST_DIST_MUST_THROW_SQRT": 4,
        "REQUEST_DIST_MUST_THROW": 2,
        "BEWARE_TYPE": 2,
        "SHOOT_TO_SMOKE_CHANCE_100": 50,
        "CHANCE_RUN_FLASHED_100": 100,
        "MAX_FLASHED_DIST_TO_SHOOT": 10,
        "MAX_FLASHED_DIST_TO_SHOOT_SQRT": 100,
        "FLASH_GRENADE_TIME_COEF": 0.25,
        "SIZE_SPOTTED_COEF": 2,
        "BE_ATTENTION_COEF": 4,
        "TIME_SHOOT_TO_FLASH": 4,
        "CLOSE_TO_SMOKE_TO_SHOOT": 10,
        "CLOSE_TO_SMOKE_TO_SHOOT_SQRT": 100,
        "CLOSE_TO_SMOKE_TIME_DELTA": 5,
        "SMOKE_CHECK_DELTA": 1,
        "DELTA_GRENADE_START_TIME": 0.01,
        "AMBUSH_IF_SMOKE_IN_ZONE_100": 40,
        "AMBUSH_IF_SMOKE_RETURN_TO_ATTACK_SEC": 30,
        "NO_RUN_FROM_AI_GRENADES": true,
        "MAX_THROW_POWER": 25,
        "MIN_THROW_DIST_PERCENT_0_1": 0.7,
        "GrenadePrecision": 0.05,
        "STOP_WHEN_THROW_GRENADE": true,
        "WAIT_TIME_TURN_AWAY": 0.2,
        "SMOKE_SUPPRESS_DELTA": 20,
        "DAMAGE_GRENADE_SUPPRESS_DELTA": 8,
        "STUN_SUPPRESS_DELTA": 9,
        "CHEAT_START_GRENADE_PLACE": false,
        "CAN_THROW_STRAIGHT_CONTACT": true,
        "STRAIGHT_CONTACT_DELTA_SEC": -1,
        "ANG_TYPE": 1
      },
      "Change": {
        "SMOKE_VISION_DIST": 0.6,
        "SMOKE_GAIN_SIGHT": 0.625,
        "SMOKE_SCATTERING": 1.6,
        "SMOKE_PRECICING": 1.6,
        "SMOKE_HEARING": 1,
        "SMOKE_ACCURATY": 1.6,
        "SMOKE_LAY_CHANCE": 1.6,
        "FLASH_VISION_DIST": 0.05,
        "FLASH_GAIN_SIGHT": 0.555,
        "FLASH_SCATTERING": 1.6,
        "FLASH_PRECICING": 1.6,
        "FLASH_HEARING": 1,
        "FLASH_ACCURATY": 1.6,
        "FLASH_LAY_CHANCE": 1,
        "STUN_HEARING": 0.01
      },
      "Cover": {
        "RETURN_TO_ATTACK_AFTER_AMBUSH_MIN": 20,
        "RETURN_TO_ATTACK_AFTER_AMBUSH_MAX": 50,
        "SOUND_TO_GET_SPOTTED": 2,
        "TIME_TO_MOVE_TO_COVER": 15,
        "MAX_DIST_OF_COVER": 4,
        "CHANGE_RUN_TO_COVER_SEC": 5,
        "CHANGE_RUN_TO_COVER_SEC_GREANDE": 0.6,
        "MIN_DIST_TO_ENEMY": 9,
        "DIST_CANT_CHANGE_WAY": 5,
        "DIST_CHECK_SFETY": 9,
        "TIME_CHECK_SAFE": 2,
        "HIDE_TO_COVER_TIME": 1.5,
        "MAX_DIST_OF_COVER_SQR": 16,
        "DIST_CANT_CHANGE_WAY_SQR": 25,
        "SPOTTED_COVERS_RADIUS": 2.5,
        "LOOK_LAST_ENEMY_POS_MOVING": 1.5,
        "LOOK_TO_HIT_POINT_IF_LAST_ENEMY": 3,
        "LOOK_LAST_ENEMY_POS_LOOKAROUND": 45,
        "OFFSET_LOOK_ALONG_WALL_ANG": 20,
        "SPOTTED_GRENADE_RADIUS": 16,
        "MAX_SPOTTED_TIME_SEC": 20,
        "WAIT_INT_COVER_FINDING_ENEMY": 2,
        "CLOSE_DIST_POINT_SQRT": 4,
        "DELTA_SEEN_FROM_COVE_LAST_POS": 15,
        "MOVE_TO_COVER_WHEN_TARGET": false,
        "RUN_COVER_IF_CAN_AND_NO_ENEMIES": true,
        "SPOTTED_GRENADE_TIME": 7,
        "DEPENDS_Y_DIST_TO_BOT": true,
        "RUN_IF_FAR": 15,
        "RUN_IF_FAR_SQRT": 225,
        "STAY_IF_FAR": 25,
        "STAY_IF_FAR_SQRT": 625,
        "CHECK_COVER_ENEMY_LOOK": false,
        "SHOOT_NEAR_TO_LEAVE": 3,
        "SHOOT_NEAR_SEC_PERIOD": 1,
        "HITS_TO_LEAVE_COVER": 2,
        "HITS_TO_LEAVE_COVER_UNKNOWN": 2,
        "DOG_FIGHT_AFTER_LEAVE": 4,
        "NOT_LOOK_AT_WALL_IS_DANGER": true,
        "MIN_DEFENCE_LEVEL": 22,
        "GOOD_DIST_TO_POINT_COEF": 1.8,
        "ENEMY_DIST_TO_GO_OUT": 1
      },
      "Patrol": {
        "LOOK_TIME_BASE": 12,
        "CAN_CHOOSE_RESERV": true,
        "TRY_CHOOSE_RESERV_WAY_ON_START": true,
        "RESERVE_TIME_STAY": 72,
        "FRIEND_SEARCH_SEC": 12,
        "TALK_DELAY": 1.1,
        "MIN_TALK_DELAY": 35,
        "TALK_DELAY_BIG": 55.1,
        "CHANGE_WAY_TIME": 325.1,
        "MIN_DIST_TO_CLOSE_TALK": 5,
        "VISION_DIST_COEF_PEACE": 1,
        "MIN_DIST_TO_CLOSE_TALK_SQR": 25,
        "CHANCE_TO_CUT_WAY_0_100": 75,
        "CUT_WAY_MIN_0_1": 0.4,
        "CUT_WAY_MAX_0_1": 0.65,
        "CHANCE_TO_CHANGE_WAY_0_100": 30,
        "CHANCE_TO_SHOOT_DEADBODY": 52,
        "SUSPETION_PLACE_LIFETIME": 7,
        "RESERVE_OUT_TIME": 60,
        "CLOSE_TO_SELECT_RESERV_WAY": 55,
        "MAX_YDIST_TO_START_WARN_REQUEST_TO_REQUESTER": 5,
        "CAN_CHECK_MAGAZINE": false,
        "USE_PATROL_POINT_ACTION_MOVE_BY_RESERVE_WAY": false
      },
      "Hearing": {
        "BOT_CLOSE_PANIC_DIST": 1,
        "CHANCE_TO_HEAR_SIMPLE_SOUND_0_1": 0.98,
        "DISPERSION_COEF": 10,
        "CLOSE_DIST": 26,
        "FAR_DIST": 56,
        "SOUND_DIR_DEEFREE": 30,
        "DIST_PLACE_TO_FIND_POINT": 70,
        "DEAD_BODY_SOUND_RAD": 30,
        "LOOK_ONLY_DANGER": false,
        "RESET_TIMER_DIST": 17,
        "HEAR_DELAY_WHEN_PEACE": 0,
        "HEAR_DELAY_WHEN_HAVE_SMT": 0,
        "LOOK_ONLY_DANGER_DELTA": 9
      },
      "Mind": {
        "MIN_SHOOTS_TIME": 2,
        "MAX_SHOOTS_TIME": 4,
        "TIME_TO_RUN_TO_COVER_CAUSE_SHOOT_SEC": 15,
        "DAMAGE_REDUCTION_TIME_SEC": 30,
        "MIN_DAMAGE_SCARE": 20,
        "CHANCE_TO_RUN_CAUSE_DAMAGE_0_100": 35,
        "TIME_TO_FORGOR_ABOUT_ENEMY_SEC": 52,
        "TIME_TO_FIND_ENEMY": 22,
        "MAX_AGGRO_BOT_DIST": 100,
        "HIT_POINT_DETECTION": 4,
        "DANGER_POINT_CHOOSE_COEF": 1,
        "SIMPLE_POINT_CHOOSE_COEF": 0.4,
        "LASTSEEN_POINT_CHOOSE_COEF": 0.2,
        "COVER_DIST_COEF": 1.5,
        "DIST_TO_FOUND_SQRT": 400,
        "MAX_AGGRO_BOT_DIST_SQR": 10000,
        "DIST_TO_STOP_RUN_ENEMY": 15,
        "ENEMY_LOOK_AT_ME_ANG": 15,
        "MIN_START_AGGRESION_COEF": 1,
        "MAX_START_AGGRESION_COEF": 3,
        "BULLET_FEEL_DIST": 160,
        "BULLET_FEEL_CLOSE_SDIST": 1,
        "ATTACK_IMMEDIATLY_CHANCE_0_100": 40,
        "CHANCE_FUCK_YOU_ON_CONTACT_100": 0.01,
        "FRIEND_DEAD_AGR_LOW": -0.2,
        "FRIEND_AGR_KILL": 0.2,
        "LAST_ENEMY_LOOK_TO": 40,
        "CAN_RECEIVE_PLAYER_REQUESTS_SAVAGE": false,
        "CAN_RECEIVE_PLAYER_REQUESTS_BEAR": false,
        "CAN_RECEIVE_PLAYER_REQUESTS_USEC": false,
        "CAN_USE_MEDS": true,
        "SUSPETION_POINT_CHANCE_ADD100": 0,
        "AMBUSH_WHEN_UNDER_FIRE": true,
        "AMBUSH_WHEN_UNDER_FIRE_TIME_RESIST": 60,
        "ATTACK_ENEMY_IF_PROTECT_DELTA_LAST_TIME_SEEN": 1.5,
        "HOLD_IF_PROTECT_DELTA_LAST_TIME_SEEN": 8.5,
        "FIND_COVER_TO_GET_POSITION_WITH_SHOOT": 2,
        "PROTECT_TIME_REAL": true,
        "CHANCE_SHOOT_WHEN_WARN_PLAYER_100": 25,
        "CAN_PANIC_IS_PROTECT": false,
        "NO_RUN_AWAY_FOR_SAFE": false,
        "PART_PERCENT_TO_HEAL": 0.65,
        "PROTECT_DELTA_HEAL_SEC": 10,
        "CAN_STAND_BY": true,
        "CAN_THROW_REQUESTS": true,
        "GROUP_ANY_PHRASE_DELAY": 5,
        "GROUP_EXACTLY_PHRASE_DELAY": 30,
        "DIST_TO_ENEMY_YO_CAN_HEAL": 30,
        "CHANCE_TO_STAY_WHEN_WARN_PLAYER_100": 80,
        "DOG_FIGHT_OUT": 6,
        "DOG_FIGHT_IN": 3,
        "SHOOT_INSTEAD_DOG_FIGHT": 9,
        "PISTOL_SHOTGUN_AMBUSH_DIST": 30,
        "STANDART_AMBUSH_DIST": 100,
        "AI_POWER_COEF": 120,
        "COVER_SECONDS_AFTER_LOSE_VISION": 10,
        "COVER_SELF_ALWAYS_IF_DAMAGED": false,
        "SEC_TO_MORE_DIST_TO_RUN": 10,
        "HEAL_DELAY_SEC": 5,
        "HIT_DELAY_WHEN_HAVE_SMT": -1,
        "HIT_DELAY_WHEN_PEACE": -1,
        "CAN_TAKE_ITEMS": false,
        "TALK_WITH_QUERY": true,
        "DEFAULT_SAVAGE_BEHAVIOUR": "Warn",
        "DEFAULT_BEAR_BEHAVIOUR": "AlwaysEnemies",
        "DEFAULT_USEC_BEHAVIOUR": "AlwaysEnemies",
        "FRIENDLY_BOT_TYPES": [],
        "WARN_BOT_TYPES": [
          "assault"
        ],
        "ENEMY_BOT_TYPES": [
          "pmcBEAR",
          "pmcUSEC"
        ],
        "DEFAULT_ENEMY_USEC": true,
        "DEFAULT_ENEMY_BEAR": true
      },
      "Boss": {
        "BOSS_DIST_TO_WARNING": 34,
        "BOSS_DIST_TO_WARNING_SQRT": 1156,
        "BOSS_DIST_TO_WARNING_OUT": 43,
        "BOSS_DIST_TO_WARNING_OUT_SQRT": 1849,
        "BOSS_DIST_TO_SHOOT": 16,
        "BOSS_DIST_TO_SHOOT_SQRT": 256,
        "CHANCE_TO_SEND_GRENADE_100": 100,
        "MAX_DIST_COVER_BOSS": 25,
        "MAX_DIST_COVER_BOSS_SQRT": 625,
        "MAX_DIST_DECIDER_TO_SEND": 35,
        "MAX_DIST_DECIDER_TO_SEND_SQRT": 1225,
        "TIME_AFTER_LOSE": 15,
        "TIME_AFTER_LOSE_DELTA": 60,
        "PERSONS_SEND": 2,
        "DELTA_SEARCH_TIME": 18,
        "COVER_TO_SEND": true,
        "WAIT_NO_ATTACK_SAVAGE": 4,
        "CHANCE_USE_RESERVE_PATROL_100": 100,
        "KILLA_Y_DELTA_TO_BE_ENEMY_BOSS": 5,
        "KILLA_DITANCE_TO_BE_ENEMY_BOSS": 45,
        "KILLA_START_SEARCH_SEC": 40,
        "KILLA_CONTUTION_TIME": 5,
        "KILLA_CLOSE_ATTACK_DIST": 8,
        "KILLA_MIDDLE_ATTACK_DIST": 22,
        "KILLA_LARGE_ATTACK_DIST": 41,
        "KILLA_SEARCH_METERS": 30,
        "KILLA_DEF_DIST_SQRT": 225,
        "KILLA_SEARCH_SEC_STOP_AFTER_COMING": 25,
        "KILLA_DIST_TO_GO_TO_SUPPRESS": 6,
        "KILLA_AFTER_GRENADE_SUPPRESS_DELAY": 2,
        "KILLA_CLOSEATTACK_TIMES": 3,
        "KILLA_CLOSEATTACK_DELAY": 10,
        "KILLA_HOLD_DELAY": 5,
        "KILLA_BULLET_TO_RELOAD": 15,
        "SHALL_WARN": true,
        "KOJANIY_DIST_WHEN_READY": 40,
        "KOJANIY_DIST_TO_BE_ENEMY": 200,
        "KOJANIY_MIN_DIST_TO_LOOT": 20,
        "KOJANIY_MIN_DIST_TO_LOOT_SQRT": 400,
        "KOJANIY_DIST_ENEMY_TOO_CLOSE": 17,
        "KOJANIY_MANY_ENEMIES_COEF": 1.5,
        "KILLA_ENEMIES_TO_ATTACK": 3,
        "KILLA_ONE_IS_CLOSE": 30,
        "KILLA_TRIGGER_DOWN_DELAY": 1,
        "KILLA_WAIT_IN_COVER_COEF": 1,
        "ALLOW_REQUEST_SELF": false
      },
      "Core": {
        "VisibleAngle": 160,
        "VisibleDistance": 137,
        "GainSightCoef": 2,
        "ScatteringPerMeter": 0.02,
        "ScatteringClosePerMeter": 0.12,
        "DamageCoeff": 1,
        "HearingSense": 3.85,
        "CanRun": true,
        "CanGrenade": true,
        "AimingType": "normal",
        "PistolFireDistancePref": 35,
        "ShotgunFireDistancePref": 50,
        "RifleFireDistancePref": 100,
        "AccuratySpeed": 0.2,
        "WaitInCoverBetweenShotsSec": 1
      },
      "Scattering": {
        "MinScatter": 0.03,
        "WorkingScatter": 0.15,
        "MaxScatter": 0.4,
        "SpeedUp": 0.3,
        "SpeedUpAim": 1.4,
        "SpeedDown": -0.3,
        "ToSlowBotSpeed": 1.5,
        "ToLowBotSpeed": 2.4,
        "ToUpBotSpeed": 3.6,
        "MovingSlowCoef": 1.5,
        "ToLowBotAngularSpeed": 80,
        "ToStopBotAngularSpeed": 40,
        "FromShot": 0.001,
        "TracerCoef": 1.3,
        "HandDamageScatteringMinMax": 0.7,
        "HandDamageAccuracySpeed": 1.3,
        "BloodFall": 1.45,
        "Caution": 0.3,
        "ToCaution": 0.6,
        "RecoilControlCoefShootDone": 0.0003,
        "RecoilControlCoefShootDoneAuto": 0.00015,
        "AMPLITUDE_FACTOR": 0.25,
        "AMPLITUDE_SPEED": 0.1,
        "DIST_FROM_OLD_POINT_TO_NOT_AIM": 15,
        "DIST_FROM_OLD_POINT_TO_NOT_AIM_SQRT": 225,
        "DIST_NOT_TO_SHOOT": 0.3,
        "PoseChnageCoef": 0.1,
        "LayFactor": 0.1,
        "RecoilYCoef": 0.0005,
        "RecoilYCoefSppedDown": -0.52,
        "RecoilYMax": 1
      }
    },
    "normal": {
      "Lay": {
        "CHECK_SHOOT_WHEN_LAYING": false,
        "DELTA_LAY_CHECK": 2,
        "DELTA_GETUP": 2.7,
        "DELTA_AFTER_GETUP": 10,
        "CLEAR_POINTS_OF_SCARE_SEC": 20,
        "MAX_LAY_TIME": 35,
        "DELTA_WANT_LAY_CHECL_SEC": 5,
        "ATTACK_LAY_CHANCE": 25,
        "DIST_TO_COVER_TO_LAY": 3.5,
        "DIST_TO_COVER_TO_LAY_SQRT": 12.25,
        "DIST_GRASS_TERRAIN_SQRT": 0.160000011,
        "DIST_ENEMY_NULL_DANGER_LAY": 15,
        "DIST_ENEMY_NULL_DANGER_LAY_SQRT": 225,
        "DIST_ENEMY_GETUP_LAY": 10,
        "DIST_ENEMY_GETUP_LAY_SQRT": 100,
        "DIST_ENEMY_CAN_LAY": 15,
        "DIST_ENEMY_CAN_LAY_SQRT": 225,
        "LAY_AIM": 0.6,
        "MIN_CAN_LAY_DIST_SQRT": 121,
        "MIN_CAN_LAY_DIST": 11,
        "MAX_CAN_LAY_DIST_SQRT": 40000,
        "MAX_CAN_LAY_DIST": 200,
        "LAY_CHANCE_DANGER": 40,
        "DAMAGE_TIME_TO_GETUP": 3
      },
      "Aiming": {
        "MAX_AIM_PRECICING": 2,
        "BETTER_PRECICING_COEF": 0.95,
        "RECALC_DIST": 0.7,
        "RECALC_SQR_DIST": 0.48999998,
        "COEF_FROM_COVER": 0.45,
        "PANIC_COEF": 1.2,
        "PANIC_ACCURATY_COEF": 1.2,
        "HARD_AIM": 0.75,
        "PANIC_TIME": 6,
        "RECALC_MUST_TIME": 3,
        "DAMAGE_PANIC_TIME": 15,
        "DANGER_UP_POINT": 1.3,
        "MAX_AIMING_UPGRADE_BY_TIME": 0.2,
        "DAMAGE_TO_DISCARD_AIM_0_100": 86,
        "MIN_TIME_DISCARD_AIM_SEC": 0.3,
        "MAX_TIME_DISCARD_AIM_SEC": 0.6,
        "XZ_COEF": 0.4,
        "SHOOT_TO_CHANGE_PRIORITY": 5525,
        "BOTTOM_COEF": 0.08,
        "FIRST_CONTACT_ADD_SEC": 0.1,
        "FIRST_CONTACT_ADD_CHANCE_100": 80,
        "BASE_HIT_AFFECTION_DELAY_SEC": 0.57,
        "BASE_HIT_AFFECTION_MIN_ANG": 4,
        "BASE_HIT_AFFECTION_MAX_ANG": 10,
        "BASE_SHIEF": 0.05,
        "SCATTERING_HAVE_DAMAGE_COEF": 2,
        "SCATTERING_DIST_MODIF": 0.8,
        "SCATTERING_DIST_MODIF_CLOSE": 0.6,
        "AIMING_TYPE": 4,
        "DIST_TO_SHOOT_TO_CENTER": 3,
        "DIST_TO_SHOOT_NO_OFFSET": 3,
        "SHPERE_FRIENDY_FIRE_SIZE": 0.2,
        "COEF_IF_MOVE": 1,
        "TIME_COEF_IF_MOVE": 1.1,
        "BOT_MOVE_IF_DELTA": 3.01,
        "NEXT_SHOT_MISS_CHANCE_100": 100,
        "NEXT_SHOT_MISS_Y_OFFSET": 1,
        "ANYTIME_LIGHT_WHEN_AIM_100": -1,
        "ANY_PART_SHOOT_TIME": 15,
        "WEAPON_ROOT_OFFSET": 0.35,
        "MIN_DAMAGE_TO_GET_HIT_AFFETS": 1,
        "MAX_AIM_TIME": 1.5,
        "OFFSET_RECAL_ANYWAY_TIME": 1,
        "Y_TOP_OFFSET_COEF": 0.001,
        "Y_BOTTOM_OFFSET_COEF": 0.015
      },
      "Look": {
        "OLD_TIME_POINT": 11,
        "WAIT_NEW_SENSOR": 2.1,
        "WAIT_NEW__LOOK_SENSOR": 7.8,
        "LOOK_AROUND_DELTA": 1.1,
        "MAX_VISION_GRASS_METERS": 0.8,
        "MAX_VISION_GRASS_METERS_FLARE": 8,
        "MAX_VISION_GRASS_METERS_OPT": 0.9090909,
        "MAX_VISION_GRASS_METERS_FLARE_OPT": 0.125,
        "LightOnVisionDistance": 40,
        "FAR_DISTANCE": 160,
        "FarDeltaTimeSec": 3,
        "MIDDLE_DIST": 90,
        "MiddleDeltaTimeSec": 1,
        "CloseDeltaTimeSec": 0.1,
        "POSIBLE_VISION_SPACE": 1.2,
        "GOAL_TO_FULL_DISSAPEAR": 1.1,
        "GOAL_TO_FULL_DISSAPEAR_SHOOT": 0.03,
        "BODY_DELTA_TIME_SEARCH_SEC": 1.7,
        "COME_TO_BODY_DIST": 1.2,
        "MARKSMAN_VISIBLE_DIST_COEF": 1.15,
        "VISIBLE_DISNACE_WITH_LIGHT": 95,
        "ENEMY_LIGHT_ADD": 43,
        "ENEMY_LIGHT_START_DIST": 90,
        "CAN_LOOK_TO_WALL": true,
        "DIST_NOT_TO_IGNORE_WALL": 15,
        "DIST_CHECK_WALL": 20,
        "LOOK_LAST_POSENEMY_IF_NO_DANGER_SEC": 25,
        "MIN_LOOK_AROUD_TIME": 20,
        "OPTIMIZE_TO_ONLY_BODY": true,
        "NO_GREEN_DIST": 5,
        "NO_GRASS_DIST": 5,
        "GOAL_TO_FULL_DISSAPEAR_GREEN": 1.5
      },
      "Shoot": {
        "RECOIL_TIME_NORMALIZE": 1,
        "RECOIL_PER_METER": 0.02,
        "MAX_RECOIL_PER_METER": 0.04,
        "HORIZONT_RECOIL_COEF": 0.04,
        "WAIT_NEXT_SINGLE_SHOT": 0.2,
        "WAIT_NEXT_SINGLE_SHOT_LONG_MAX": 3.3,
        "WAIT_NEXT_SINGLE_SHOT_LONG_MIN": 0.4,
        "MARKSMAN_DIST_SEK_COEF": 44,
        "FINGER_HOLD_SINGLE_SHOT": 0.14,
        "BASE_AUTOMATIC_TIME": 0.2,
        "AUTOMATIC_FIRE_SCATTERING_COEF": 1.5,
        "CHANCE_TO_CHANGE_TO_AUTOMATIC_FIRE_100": 96,
        "FAR_DIST_ENEMY": 20,
        "SHOOT_FROM_COVER": 4,
        "FAR_DIST_ENEMY_SQR": 400,
        "MAX_DIST_COEF": 1.35,
        "RECOIL_DELTA_PRESS": 0.15,
        "RUN_DIST_NO_AMMO": 25,
        "RUN_DIST_NO_AMMO_SQRT": 625,
        "CAN_SHOOTS_TIME_TO_AMBUSH": 993,
        "NOT_TO_SEE_ENEMY_TO_WANT_RELOAD_PERCENT": 0.5,
        "NOT_TO_SEE_ENEMY_TO_WANT_RELOAD_SEC": 2,
        "RELOAD_PECNET_NO_ENEMY": 0.6,
        "CHANCE_TO_CHANGE_WEAPON": 80,
        "CHANCE_TO_CHANGE_WEAPON_WITH_HELMET": 30,
        "LOW_DIST_TO_CHANGE_WEAPON": 6,
        "FAR_DIST_TO_CHANGE_WEAPON": 30,
        "SUPPRESS_BY_SHOOT_TIME": 6,
        "SUPPRESS_TRIGGERS_DOWN": 3,
        "VALIDATE_MALFUNCTION_CHANCE": 100,
        "REPAIR_MALFUNCTION_IMMEDIATE_CHANCE": 25,
        "DELAY_BEFORE_EXAMINE_MALFUNCTION": 0.5,
        "DELAY_BEFORE_FIX_MALFUNCTION": 0.5
      },
      "Move": {
        "BASE_ROTATE_SPEED": 270,
        "REACH_DIST": 0.5,
        "REACH_DIST_RUN": 0.8,
        "START_SLOW_DIST": 1.5,
        "BASESTART_SLOW_DIST": 1.1,
        "SLOW_COEF": 7,
        "DIST_TO_CAN_CHANGE_WAY": 8,
        "DIST_TO_START_RAYCAST": 15,
        "BASE_START_SERACH": 35,
        "UPDATE_TIME_RECAL_WAY": 7,
        "FAR_DIST": 4,
        "FAR_DIST_SQR": 16,
        "DIST_TO_CAN_CHANGE_WAY_SQR": 64,
        "DIST_TO_START_RAYCAST_SQR": 225,
        "BASE_SQRT_START_SERACH": 1225,
        "Y_APPROXIMATION": 0.7,
        "DELTA_LAST_SEEN_ENEMY": 20,
        "REACH_DIST_COVER": 2,
        "RUN_TO_COVER_MIN": 2,
        "CHANCE_TO_RUN_IF_NO_AMMO_0_100": 100,
        "RUN_IF_CANT_SHOOT": true,
        "RUN_IF_GAOL_FAR_THEN": 10,
        "SEC_TO_CHANGE_TO_RUN": 3
      },
      "Grenade": {
        "DELTA_NEXT_ATTEMPT_FROM_COVER": 5,
        "DELTA_NEXT_ATTEMPT": 10,
        "MIN_DIST_NOT_TO_THROW": 8,
        "NEAR_DELTA_THROW_TIME_SEC": 2,
        "MIN_THROW_GRENADE_DIST": 12,
        "MIN_THROW_GRENADE_DIST_SQRT": 144,
        "MIN_DIST_NOT_TO_THROW_SQR": 64,
        "RUN_AWAY": 22,
        "RUN_AWAY_SQR": 484,
        "ADD_GRENADE_AS_DANGER": 65,
        "ADD_GRENADE_AS_DANGER_SQR": 4225,
        "CHANCE_TO_NOTIFY_ENEMY_GR_100": 95,
        "GrenadePerMeter": 0.1,
        "REQUEST_DIST_MUST_THROW_SQRT": 4,
        "REQUEST_DIST_MUST_THROW": 2,
        "BEWARE_TYPE": 2,
        "SHOOT_TO_SMOKE_CHANCE_100": 50,
        "CHANCE_RUN_FLASHED_100": 100,
        "MAX_FLASHED_DIST_TO_SHOOT": 10,
        "MAX_FLASHED_DIST_TO_SHOOT_SQRT": 100,
        "FLASH_GRENADE_TIME_COEF": 0.25,
        "SIZE_SPOTTED_COEF": 2,
        "BE_ATTENTION_COEF": 4,
        "TIME_SHOOT_TO_FLASH": 4,
        "CLOSE_TO_SMOKE_TO_SHOOT": 10,
        "CLOSE_TO_SMOKE_TO_SHOOT_SQRT": 100,
        "CLOSE_TO_SMOKE_TIME_DELTA": 5,
        "SMOKE_CHECK_DELTA": 1,
        "DELTA_GRENADE_START_TIME": 0.01,
        "AMBUSH_IF_SMOKE_IN_ZONE_100": 40,
        "AMBUSH_IF_SMOKE_RETURN_TO_ATTACK_SEC": 30,
        "NO_RUN_FROM_AI_GRENADES": true,
        "MAX_THROW_POWER": 25,
        "MIN_THROW_DIST_PERCENT_0_1": 0.7,
        "GrenadePrecision": 0.05,
        "STOP_WHEN_THROW_GRENADE": true,
        "WAIT_TIME_TURN_AWAY": 0.2,
        "SMOKE_SUPPRESS_DELTA": 20,
        "DAMAGE_GRENADE_SUPPRESS_DELTA": 8,
        "STUN_SUPPRESS_DELTA": 9,
        "CHEAT_START_GRENADE_PLACE": false,
        "CAN_THROW_STRAIGHT_CONTACT": true,
        "STRAIGHT_CONTACT_DELTA_SEC": -1,
        "ANG_TYPE": 1
      },
      "Change": {
        "SMOKE_VISION_DIST": 0.6,
        "SMOKE_GAIN_SIGHT": 0.625,
        "SMOKE_SCATTERING": 1.6,
        "SMOKE_PRECICING": 1.6,
        "SMOKE_HEARING": 1,
        "SMOKE_ACCURATY": 1.6,
        "SMOKE_LAY_CHANCE": 1.6,
        "FLASH_VISION_DIST": 0.05,
        "FLASH_GAIN_SIGHT": 0.555,
        "FLASH_SCATTERING": 1.6,
        "FLASH_PRECICING": 1.6,
        "FLASH_HEARING": 1,
        "FLASH_ACCURATY": 1.6,
        "FLASH_LAY_CHANCE": 1,
        "STUN_HEARING": 0.01
      },
      "Cover": {
        "RETURN_TO_ATTACK_AFTER_AMBUSH_MIN": 20,
        "RETURN_TO_ATTACK_AFTER_AMBUSH_MAX": 50,
        "SOUND_TO_GET_SPOTTED": 2,
        "TIME_TO_MOVE_TO_COVER": 15,
        "MAX_DIST_OF_COVER": 4,
        "CHANGE_RUN_TO_COVER_SEC": 5,
        "CHANGE_RUN_TO_COVER_SEC_GREANDE": 0.6,
        "MIN_DIST_TO_ENEMY": 9,
        "DIST_CANT_CHANGE_WAY": 5,
        "DIST_CHECK_SFETY": 9,
        "TIME_CHECK_SAFE": 2,
        "HIDE_TO_COVER_TIME": 1.5,
        "MAX_DIST_OF_COVER_SQR": 16,
        "DIST_CANT_CHANGE_WAY_SQR": 25,
        "SPOTTED_COVERS_RADIUS": 2.5,
        "LOOK_LAST_ENEMY_POS_MOVING": 1.5,
        "LOOK_TO_HIT_POINT_IF_LAST_ENEMY": 3,
        "LOOK_LAST_ENEMY_POS_LOOKAROUND": 45,
        "OFFSET_LOOK_ALONG_WALL_ANG": 20,
        "SPOTTED_GRENADE_RADIUS": 16,
        "MAX_SPOTTED_TIME_SEC": 20,
        "WAIT_INT_COVER_FINDING_ENEMY": 2,
        "CLOSE_DIST_POINT_SQRT": 4,
        "DELTA_SEEN_FROM_COVE_LAST_POS": 15,
        "MOVE_TO_COVER_WHEN_TARGET": false,
        "RUN_COVER_IF_CAN_AND_NO_ENEMIES": true,
        "SPOTTED_GRENADE_TIME": 7,
        "DEPENDS_Y_DIST_TO_BOT": true,
        "RUN_IF_FAR": 15,
        "RUN_IF_FAR_SQRT": 225,
        "STAY_IF_FAR": 25,
        "STAY_IF_FAR_SQRT": 625,
        "CHECK_COVER_ENEMY_LOOK": false,
        "SHOOT_NEAR_TO_LEAVE": 3,
        "SHOOT_NEAR_SEC_PERIOD": 1,
        "HITS_TO_LEAVE_COVER": 2,
        "HITS_TO_LEAVE_COVER_UNKNOWN": 2,
        "DOG_FIGHT_AFTER_LEAVE": 4,
        "NOT_LOOK_AT_WALL_IS_DANGER": true,
        "MIN_DEFENCE_LEVEL": 22,
        "GOOD_DIST_TO_POINT_COEF": 1.8,
        "ENEMY_DIST_TO_GO_OUT": 1
      },
      "Patrol": {
        "LOOK_TIME_BASE": 12,
        "CAN_CHOOSE_RESERV": true,
        "TRY_CHOOSE_RESERV_WAY_ON_START": true,
        "RESERVE_TIME_STAY": 72,
        "FRIEND_SEARCH_SEC": 12,
        "TALK_DELAY": 1.1,
        "MIN_TALK_DELAY": 35,
        "TALK_DELAY_BIG": 55.1,
        "CHANGE_WAY_TIME": 325.1,
        "MIN_DIST_TO_CLOSE_TALK": 5,
        "VISION_DIST_COEF_PEACE": 1,
        "MIN_DIST_TO_CLOSE_TALK_SQR": 25,
        "CHANCE_TO_CUT_WAY_0_100": 75,
        "CUT_WAY_MIN_0_1": 0.4,
        "CUT_WAY_MAX_0_1": 0.65,
        "CHANCE_TO_CHANGE_WAY_0_100": 30,
        "CHANCE_TO_SHOOT_DEADBODY": 52,
        "SUSPETION_PLACE_LIFETIME": 7,
        "RESERVE_OUT_TIME": 60,
        "CLOSE_TO_SELECT_RESERV_WAY": 55,
        "MAX_YDIST_TO_START_WARN_REQUEST_TO_REQUESTER": 5,
        "CAN_CHECK_MAGAZINE": false,
        "USE_PATROL_POINT_ACTION_MOVE_BY_RESERVE_WAY": false
      },
      "Hearing": {
        "BOT_CLOSE_PANIC_DIST": 1,
        "CHANCE_TO_HEAR_SIMPLE_SOUND_0_1": 0.98,
        "DISPERSION_COEF": 10,
        "CLOSE_DIST": 26,
        "FAR_DIST": 56,
        "SOUND_DIR_DEEFREE": 30,
        "DIST_PLACE_TO_FIND_POINT": 70,
        "DEAD_BODY_SOUND_RAD": 30,
        "LOOK_ONLY_DANGER": false,
        "RESET_TIMER_DIST": 17,
        "HEAR_DELAY_WHEN_PEACE": 0,
        "HEAR_DELAY_WHEN_HAVE_SMT": 0,
        "LOOK_ONLY_DANGER_DELTA": 9
      },
      "Mind": {
        "MIN_SHOOTS_TIME": 2,
        "MAX_SHOOTS_TIME": 4,
        "TIME_TO_RUN_TO_COVER_CAUSE_SHOOT_SEC": 15,
        "DAMAGE_REDUCTION_TIME_SEC": 30,
        "MIN_DAMAGE_SCARE": 20,
        "CHANCE_TO_RUN_CAUSE_DAMAGE_0_100": 35,
        "TIME_TO_FORGOR_ABOUT_ENEMY_SEC": 52,
        "TIME_TO_FIND_ENEMY": 22,
        "MAX_AGGRO_BOT_DIST": 100,
        "HIT_POINT_DETECTION": 4,
        "DANGER_POINT_CHOOSE_COEF": 1,
        "SIMPLE_POINT_CHOOSE_COEF": 0.4,
        "LASTSEEN_POINT_CHOOSE_COEF": 0.2,
        "COVER_DIST_COEF": 1.5,
        "DIST_TO_FOUND_SQRT": 400,
        "MAX_AGGRO_BOT_DIST_SQR": 10000,
        "DIST_TO_STOP_RUN_ENEMY": 15,
        "ENEMY_LOOK_AT_ME_ANG": 15,
        "MIN_START_AGGRESION_COEF": 1,
        "MAX_START_AGGRESION_COEF": 3,
        "BULLET_FEEL_DIST": 160,
        "BULLET_FEEL_CLOSE_SDIST": 1,
        "ATTACK_IMMEDIATLY_CHANCE_0_100": 40,
        "CHANCE_FUCK_YOU_ON_CONTACT_100": 0.01,
        "FRIEND_DEAD_AGR_LOW": -0.2,
        "FRIEND_AGR_KILL": 0.2,
        "LAST_ENEMY_LOOK_TO": 40,
        "CAN_RECEIVE_PLAYER_REQUESTS_SAVAGE": false,
        "CAN_RECEIVE_PLAYER_REQUESTS_BEAR": false,
        "CAN_RECEIVE_PLAYER_REQUESTS_USEC": false,
        "CAN_USE_MEDS": true,
        "SUSPETION_POINT_CHANCE_ADD100": 0,
        "AMBUSH_WHEN_UNDER_FIRE": true,
        "AMBUSH_WHEN_UNDER_FIRE_TIME_RESIST": 60,
        "ATTACK_ENEMY_IF_PROTECT_DELTA_LAST_TIME_SEEN": 1.5,
        "HOLD_IF_PROTECT_DELTA_LAST_TIME_SEEN": 8.5,
        "FIND_COVER_TO_GET_POSITION_WITH_SHOOT": 2,
        "PROTECT_TIME_REAL": true,
        "CHANCE_SHOOT_WHEN_WARN_PLAYER_100": 25,
        "CAN_PANIC_IS_PROTECT": false,
        "NO_RUN_AWAY_FOR_SAFE": false,
        "PART_PERCENT_TO_HEAL": 0.65,
        "PROTECT_DELTA_HEAL_SEC": 10,
        "CAN_STAND_BY": true,
        "CAN_THROW_REQUESTS": true,
        "GROUP_ANY_PHRASE_DELAY": 5,
        "GROUP_EXACTLY_PHRASE_DELAY": 30,
        "DIST_TO_ENEMY_YO_CAN_HEAL": 30,
        "CHANCE_TO_STAY_WHEN_WARN_PLAYER_100": 80,
        "DOG_FIGHT_OUT": 6,
        "DOG_FIGHT_IN": 3,
        "SHOOT_INSTEAD_DOG_FIGHT": 9,
        "PISTOL_SHOTGUN_AMBUSH_DIST": 30,
        "STANDART_AMBUSH_DIST": 100,
        "AI_POWER_COEF": 120,
        "COVER_SECONDS_AFTER_LOSE_VISION": 10,
        "COVER_SELF_ALWAYS_IF_DAMAGED": false,
        "SEC_TO_MORE_DIST_TO_RUN": 10,
        "HEAL_DELAY_SEC": 5,
        "HIT_DELAY_WHEN_HAVE_SMT": -1,
        "HIT_DELAY_WHEN_PEACE": -1,
        "CAN_TAKE_ITEMS": false,
        "TALK_WITH_QUERY": true,
        "DEFAULT_SAVAGE_BEHAVIOUR": "Warn",
        "DEFAULT_BEAR_BEHAVIOUR": "AlwaysEnemies",
        "DEFAULT_USEC_BEHAVIOUR": "AlwaysEnemies",
        "FRIENDLY_BOT_TYPES": [],
        "WARN_BOT_TYPES": [
          "assault"
        ],
        "ENEMY_BOT_TYPES": [
          "pmcBEAR",
          "pmcUSEC"
        ],
        "DEFAULT_ENEMY_USEC": true,
        "DEFAULT_ENEMY_BEAR": true
      },
      "Boss": {
        "BOSS_DIST_TO_WARNING": 34,
        "BOSS_DIST_TO_WARNING_SQRT": 1156,
        "BOSS_DIST_TO_WARNING_OUT": 43,
        "BOSS_DIST_TO_WARNING_OUT_SQRT": 1849,
        "BOSS_DIST_TO_SHOOT": 16,
        "BOSS_DIST_TO_SHOOT_SQRT": 256,
        "CHANCE_TO_SEND_GRENADE_100": 100,
        "MAX_DIST_COVER_BOSS": 25,
        "MAX_DIST_COVER_BOSS_SQRT": 625,
        "MAX_DIST_DECIDER_TO_SEND": 35,
        "MAX_DIST_DECIDER_TO_SEND_SQRT": 1225,
        "TIME_AFTER_LOSE": 15,
        "TIME_AFTER_LOSE_DELTA": 60,
        "PERSONS_SEND": 2,
        "DELTA_SEARCH_TIME": 18,
        "COVER_TO_SEND": true,
        "WAIT_NO_ATTACK_SAVAGE": 4,
        "CHANCE_USE_RESERVE_PATROL_100": 100,
        "KILLA_Y_DELTA_TO_BE_ENEMY_BOSS": 5,
        "KILLA_DITANCE_TO_BE_ENEMY_BOSS": 45,
        "KILLA_START_SEARCH_SEC": 40,
        "KILLA_CONTUTION_TIME": 5,
        "KILLA_CLOSE_ATTACK_DIST": 8,
        "KILLA_MIDDLE_ATTACK_DIST": 22,
        "KILLA_LARGE_ATTACK_DIST": 41,
        "KILLA_SEARCH_METERS": 30,
        "KILLA_DEF_DIST_SQRT": 225,
        "KILLA_SEARCH_SEC_STOP_AFTER_COMING": 25,
        "KILLA_DIST_TO_GO_TO_SUPPRESS": 6,
        "KILLA_AFTER_GRENADE_SUPPRESS_DELAY": 2,
        "KILLA_CLOSEATTACK_TIMES": 3,
        "KILLA_CLOSEATTACK_DELAY": 10,
        "KILLA_HOLD_DELAY": 5,
        "KILLA_BULLET_TO_RELOAD": 15,
        "SHALL_WARN": true,
        "KOJANIY_DIST_WHEN_READY": 40,
        "KOJANIY_DIST_TO_BE_ENEMY": 200,
        "KOJANIY_MIN_DIST_TO_LOOT": 20,
        "KOJANIY_MIN_DIST_TO_LOOT_SQRT": 400,
        "KOJANIY_DIST_ENEMY_TOO_CLOSE": 17,
        "KOJANIY_MANY_ENEMIES_COEF": 1.5,
        "KILLA_ENEMIES_TO_ATTACK": 3,
        "KILLA_ONE_IS_CLOSE": 30,
        "KILLA_TRIGGER_DOWN_DELAY": 1,
        "KILLA_WAIT_IN_COVER_COEF": 1,
        "ALLOW_REQUEST_SELF": false
      },
      "Core": {
        "VisibleAngle": 160,
        "VisibleDistance": 137,
        "GainSightCoef": 2,
        "ScatteringPerMeter": 0.02,
        "ScatteringClosePerMeter": 0.12,
        "DamageCoeff": 1,
        "HearingSense": 3.85,
        "CanRun": true,
        "CanGrenade": true,
        "AimingType": "normal",
        "PistolFireDistancePref": 35,
        "ShotgunFireDistancePref": 50,
        "RifleFireDistancePref": 100,
        "AccuratySpeed": 0.2,
        "WaitInCoverBetweenShotsSec": 1
      },
      "Scattering": {
        "MinScatter": 0.03,
        "WorkingScatter": 0.15,
        "MaxScatter": 0.4,
        "SpeedUp": 0.3,
        "SpeedUpAim": 1.4,
        "SpeedDown": -0.3,
        "ToSlowBotSpeed": 1.5,
        "ToLowBotSpeed": 2.4,
        "ToUpBotSpeed": 3.6,
        "MovingSlowCoef": 1.5,
        "ToLowBotAngularSpeed": 80,
        "ToStopBotAngularSpeed": 40,
        "FromShot": 0.001,
        "TracerCoef": 1.3,
        "HandDamageScatteringMinMax": 0.7,
        "HandDamageAccuracySpeed": 1.3,
        "BloodFall": 1.45,
        "Caution": 0.3,
        "ToCaution": 0.6,
        "RecoilControlCoefShootDone": 0.0003,
        "RecoilControlCoefShootDoneAuto": 0.00015,
        "AMPLITUDE_FACTOR": 0.25,
        "AMPLITUDE_SPEED": 0.1,
        "DIST_FROM_OLD_POINT_TO_NOT_AIM": 15,
        "DIST_FROM_OLD_POINT_TO_NOT_AIM_SQRT": 225,
        "DIST_NOT_TO_SHOOT": 0.3,
        "PoseChnageCoef": 0.1,
        "LayFactor": 0.1,
        "RecoilYCoef": 0.0005,
        "RecoilYCoefSppedDown": -0.52,
        "RecoilYMax": 1
      }
    },
    "hard": {
      "Lay": {
        "CHECK_SHOOT_WHEN_LAYING": false,
        "DELTA_LAY_CHECK": 2,
        "DELTA_GETUP": 2.7,
        "DELTA_AFTER_GETUP": 10,
        "CLEAR_POINTS_OF_SCARE_SEC": 20,
        "MAX_LAY_TIME": 35,
        "DELTA_WANT_LAY_CHECL_SEC": 5,
        "ATTACK_LAY_CHANCE": 25,
        "DIST_TO_COVER_TO_LAY": 3.5,
        "DIST_TO_COVER_TO_LAY_SQRT": 12.25,
        "DIST_GRASS_TERRAIN_SQRT": 0.160000011,
        "DIST_ENEMY_NULL_DANGER_LAY": 15,
        "DIST_ENEMY_NULL_DANGER_LAY_SQRT": 225,
        "DIST_ENEMY_GETUP_LAY": 10,
        "DIST_ENEMY_GETUP_LAY_SQRT": 100,
        "DIST_ENEMY_CAN_LAY": 15,
        "DIST_ENEMY_CAN_LAY_SQRT": 225,
        "LAY_AIM": 0.6,
        "MIN_CAN_LAY_DIST_SQRT": 121,
        "MIN_CAN_LAY_DIST": 11,
        "MAX_CAN_LAY_DIST_SQRT": 40000,
        "MAX_CAN_LAY_DIST": 200,
        "LAY_CHANCE_DANGER": 40,
        "DAMAGE_TIME_TO_GETUP": 3
      },
      "Aiming": {
        "MAX_AIM_PRECICING": 2,
        "BETTER_PRECICING_COEF": 0.95,
        "RECALC_DIST": 0.7,
        "RECALC_SQR_DIST": 0.48999998,
        "COEF_FROM_COVER": 0.45,
        "PANIC_COEF": 1.2,
        "PANIC_ACCURATY_COEF": 1.2,
        "HARD_AIM": 0.75,
        "PANIC_TIME": 6,
        "RECALC_MUST_TIME": 3,
        "DAMAGE_PANIC_TIME": 15,
        "DANGER_UP_POINT": 1.3,
        "MAX_AIMING_UPGRADE_BY_TIME": 0.2,
        "DAMAGE_TO_DISCARD_AIM_0_100": 86,
        "MIN_TIME_DISCARD_AIM_SEC": 0.3,
        "MAX_TIME_DISCARD_AIM_SEC": 0.6,
        "XZ_COEF": 0.4,
        "SHOOT_TO_CHANGE_PRIORITY": 5525,
        "BOTTOM_COEF": 0.08,
        "FIRST_CONTACT_ADD_SEC": 0.1,
        "FIRST_CONTACT_ADD_CHANCE_100": 80,
        "BASE_HIT_AFFECTION_DELAY_SEC": 0.57,
        "BASE_HIT_AFFECTION_MIN_ANG": 4,
        "BASE_HIT_AFFECTION_MAX_ANG": 10,
        "BASE_SHIEF": 0.05,
        "SCATTERING_HAVE_DAMAGE_COEF": 2,
        "SCATTERING_DIST_MODIF": 0.8,
        "SCATTERING_DIST_MODIF_CLOSE": 0.6,
        "AIMING_TYPE": 4,
        "DIST_TO_SHOOT_TO_CENTER": 3,
        "DIST_TO_SHOOT_NO_OFFSET": 3,
        "SHPERE_FRIENDY_FIRE_SIZE": 0.2,
        "COEF_IF_MOVE": 1,
        "TIME_COEF_IF_MOVE": 1.1,
        "BOT_MOVE_IF_DELTA": 3.01,
        "NEXT_SHOT_MISS_CHANCE_100": 100,
        "NEXT_SHOT_MISS_Y_OFFSET": 1,
        "ANYTIME_LIGHT_WHEN_AIM_100": -1,
        "ANY_PART_SHOOT_TIME": 15,
        "WEAPON_ROOT_OFFSET": 0.35,
        "MIN_DAMAGE_TO_GET_HIT_AFFETS": 1,
        "MAX_AIM_TIME": 1.5,
        "OFFSET_RECAL_ANYWAY_TIME": 1,
        "Y_TOP_OFFSET_COEF": 0.001,
        "Y_BOTTOM_OFFSET_COEF": 0.015
      },
      "Look": {
        "OLD_TIME_POINT": 11,
        "WAIT_NEW_SENSOR": 2.1,
        "WAIT_NEW__LOOK_SENSOR": 7.8,
        "LOOK_AROUND_DELTA": 1.1,
        "MAX_VISION_GRASS_METERS": 0.8,
        "MAX_VISION_GRASS_METERS_FLARE": 8,
        "MAX_VISION_GRASS_METERS_OPT": 0.9090909,
        "MAX_VISION_GRASS_METERS_FLARE_OPT": 0.125,
        "LightOnVisionDistance": 40,
        "FAR_DISTANCE": 160,
        "FarDeltaTimeSec": 3,
        "MIDDLE_DIST": 90,
        "MiddleDeltaTimeSec": 1,
        "CloseDeltaTimeSec": 0.1,
        "POSIBLE_VISION_SPACE": 1.2,
        "GOAL_TO_FULL_DISSAPEAR": 1.1,
        "GOAL_TO_FULL_DISSAPEAR_SHOOT": 0.03,
        "BODY_DELTA_TIME_SEARCH_SEC": 1.7,
        "COME_TO_BODY_DIST": 1.2,
        "MARKSMAN_VISIBLE_DIST_COEF": 1.15,
        "VISIBLE_DISNACE_WITH_LIGHT": 95,
        "ENEMY_LIGHT_ADD": 43,
        "ENEMY_LIGHT_START_DIST": 90,
        "CAN_LOOK_TO_WALL": true,
        "DIST_NOT_TO_IGNORE_WALL": 15,
        "DIST_CHECK_WALL": 20,
        "LOOK_LAST_POSENEMY_IF_NO_DANGER_SEC": 25,
        "MIN_LOOK_AROUD_TIME": 20,
        "OPTIMIZE_TO_ONLY_BODY": true,
        "NO_GREEN_DIST": 5,
        "NO_GRASS_DIST": 5,
        "GOAL_TO_FULL_DISSAPEAR_GREEN": 1.5
      },
      "Shoot": {
        "RECOIL_TIME_NORMALIZE": 1,
        "RECOIL_PER_METER": 0.02,
        "MAX_RECOIL_PER_METER": 0.04,
        "HORIZONT_RECOIL_COEF": 0.04,
        "WAIT_NEXT_SINGLE_SHOT": 0.2,
        "WAIT_NEXT_SINGLE_SHOT_LONG_MAX": 3.3,
        "WAIT_NEXT_SINGLE_SHOT_LONG_MIN": 0.4,
        "MARKSMAN_DIST_SEK_COEF": 44,
        "FINGER_HOLD_SINGLE_SHOT": 0.14,
        "BASE_AUTOMATIC_TIME": 0.2,
        "AUTOMATIC_FIRE_SCATTERING_COEF": 1.5,
        "CHANCE_TO_CHANGE_TO_AUTOMATIC_FIRE_100": 96,
        "FAR_DIST_ENEMY": 20,
        "SHOOT_FROM_COVER": 4,
        "FAR_DIST_ENEMY_SQR": 400,
        "MAX_DIST_COEF": 1.35,
        "RECOIL_DELTA_PRESS": 0.15,
        "RUN_DIST_NO_AMMO": 25,
        "RUN_DIST_NO_AMMO_SQRT": 625,
        "CAN_SHOOTS_TIME_TO_AMBUSH": 993,
        "NOT_TO_SEE_ENEMY_TO_WANT_RELOAD_PERCENT": 0.5,
        "NOT_TO_SEE_ENEMY_TO_WANT_RELOAD_SEC": 2,
        "RELOAD_PECNET_NO_ENEMY": 0.6,
        "CHANCE_TO_CHANGE_WEAPON": 80,
        "CHANCE_TO_CHANGE_WEAPON_WITH_HELMET": 30,
        "LOW_DIST_TO_CHANGE_WEAPON": 6,
        "FAR_DIST_TO_CHANGE_WEAPON": 30,
        "SUPPRESS_BY_SHOOT_TIME": 6,
        "SUPPRESS_TRIGGERS_DOWN": 3,
        "VALIDATE_MALFUNCTION_CHANCE": 100,
        "REPAIR_MALFUNCTION_IMMEDIATE_CHANCE": 25,
        "DELAY_BEFORE_EXAMINE_MALFUNCTION": 0.5,
        "DELAY_BEFORE_FIX_MALFUNCTION": 0.5
      },
      "Move": {
        "BASE_ROTATE_SPEED": 270,
        "REACH_DIST": 0.5,
        "REACH_DIST_RUN": 0.8,
        "START_SLOW_DIST": 1.5,
        "BASESTART_SLOW_DIST": 1.1,
        "SLOW_COEF": 7,
        "DIST_TO_CAN_CHANGE_WAY": 8,
        "DIST_TO_START_RAYCAST": 15,
        "BASE_START_SERACH": 35,
        "UPDATE_TIME_RECAL_WAY": 7,
        "FAR_DIST": 4,
        "FAR_DIST_SQR": 16,
        "DIST_TO_CAN_CHANGE_WAY_SQR": 64,
        "DIST_TO_START_RAYCAST_SQR": 225,
        "BASE_SQRT_START_SERACH": 1225,
        "Y_APPROXIMATION": 0.7,
        "DELTA_LAST_SEEN_ENEMY": 20,
        "REACH_DIST_COVER": 2,
        "RUN_TO_COVER_MIN": 2,
        "CHANCE_TO_RUN_IF_NO_AMMO_0_100": 100,
        "RUN_IF_CANT_SHOOT": true,
        "RUN_IF_GAOL_FAR_THEN": 10,
        "SEC_TO_CHANGE_TO_RUN": 3
      },
      "Grenade": {
        "DELTA_NEXT_ATTEMPT_FROM_COVER": 5,
        "DELTA_NEXT_ATTEMPT": 10,
        "MIN_DIST_NOT_TO_THROW": 8,
        "NEAR_DELTA_THROW_TIME_SEC": 2,
        "MIN_THROW_GRENADE_DIST": 12,
        "MIN_THROW_GRENADE_DIST_SQRT": 144,
        "MIN_DIST_NOT_TO_THROW_SQR": 64,
        "RUN_AWAY": 22,
        "RUN_AWAY_SQR": 484,
        "ADD_GRENADE_AS_DANGER": 65,
        "ADD_GRENADE_AS_DANGER_SQR": 4225,
        "CHANCE_TO_NOTIFY_ENEMY_GR_100": 95,
        "GrenadePerMeter": 0.1,
        "REQUEST_DIST_MUST_THROW_SQRT": 4,
        "REQUEST_DIST_MUST_THROW": 2,
        "BEWARE_TYPE": 2,
        "SHOOT_TO_SMOKE_CHANCE_100": 50,
        "CHANCE_RUN_FLASHED_100": 100,
        "MAX_FLASHED_DIST_TO_SHOOT": 10,
        "MAX_FLASHED_DIST_TO_SHOOT_SQRT": 100,
        "FLASH_GRENADE_TIME_COEF": 0.25,
        "SIZE_SPOTTED_COEF": 2,
        "BE_ATTENTION_COEF": 4,
        "TIME_SHOOT_TO_FLASH": 4,
        "CLOSE_TO_SMOKE_TO_SHOOT": 10,
        "CLOSE_TO_SMOKE_TO_SHOOT_SQRT": 100,
        "CLOSE_TO_SMOKE_TIME_DELTA": 5,
        "SMOKE_CHECK_DELTA": 1,
        "DELTA_GRENADE_START_TIME": 0.01,
        "AMBUSH_IF_SMOKE_IN_ZONE_100": 40,
        "AMBUSH_IF_SMOKE_RETURN_TO_ATTACK_SEC": 30,
        "NO_RUN_FROM_AI_GRENADES": true,
        "MAX_THROW_POWER": 25,
        "MIN_THROW_DIST_PERCENT_0_1": 0.7,
        "GrenadePrecision": 0.05,
        "STOP_WHEN_THROW_GRENADE": true,
        "WAIT_TIME_TURN_AWAY": 0.2,
        "SMOKE_SUPPRESS_DELTA": 20,
        "DAMAGE_GRENADE_SUPPRESS_DELTA": 8,
        "STUN_SUPPRESS_DELTA": 9,
        "CHEAT_START_GRENADE_PLACE": false,
        "CAN_THROW_STRAIGHT_CONTACT": true,
        "STRAIGHT_CONTACT_DELTA_SEC": -1,
        "ANG_TYPE": 1
      },
      "Change": {
        "SMOKE_VISION_DIST": 0.6,
        "SMOKE_GAIN_SIGHT": 0.625,
        "SMOKE_SCATTERING": 1.6,
        "SMOKE_PRECICING": 1.6,
        "SMOKE_HEARING": 1,
        "SMOKE_ACCURATY": 1.6,
        "SMOKE_LAY_CHANCE": 1.6,
        "FLASH_VISION_DIST": 0.05,
        "FLASH_GAIN_SIGHT": 0.555,
        "FLASH_SCATTERING": 1.6,
        "FLASH_PRECICING": 1.6,
        "FLASH_HEARING": 1,
        "FLASH_ACCURATY": 1.6,
        "FLASH_LAY_CHANCE": 1,
        "STUN_HEARING": 0.01
      },
      "Cover": {
        "RETURN_TO_ATTACK_AFTER_AMBUSH_MIN": 20,
        "RETURN_TO_ATTACK_AFTER_AMBUSH_MAX": 50,
        "SOUND_TO_GET_SPOTTED": 2,
        "TIME_TO_MOVE_TO_COVER": 15,
        "MAX_DIST_OF_COVER": 4,
        "CHANGE_RUN_TO_COVER_SEC": 5,
        "CHANGE_RUN_TO_COVER_SEC_GREANDE": 0.6,
        "MIN_DIST_TO_ENEMY": 9,
        "DIST_CANT_CHANGE_WAY": 5,
        "DIST_CHECK_SFETY": 9,
        "TIME_CHECK_SAFE": 2,
        "HIDE_TO_COVER_TIME": 1.5,
        "MAX_DIST_OF_COVER_SQR": 16,
        "DIST_CANT_CHANGE_WAY_SQR": 25,
        "SPOTTED_COVERS_RADIUS": 2.5,
        "LOOK_LAST_ENEMY_POS_MOVING": 1.5,
        "LOOK_TO_HIT_POINT_IF_LAST_ENEMY": 3,
        "LOOK_LAST_ENEMY_POS_LOOKAROUND": 45,
        "OFFSET_LOOK_ALONG_WALL_ANG": 20,
        "SPOTTED_GRENADE_RADIUS": 16,
        "MAX_SPOTTED_TIME_SEC": 20,
        "WAIT_INT_COVER_FINDING_ENEMY": 2,
        "CLOSE_DIST_POINT_SQRT": 4,
        "DELTA_SEEN_FROM_COVE_LAST_POS": 15,
        "MOVE_TO_COVER_WHEN_TARGET": false,
        "RUN_COVER_IF_CAN_AND_NO_ENEMIES": true,
        "SPOTTED_GRENADE_TIME": 7,
        "DEPENDS_Y_DIST_TO_BOT": true,
        "RUN_IF_FAR": 15,
        "RUN_IF_FAR_SQRT": 225,
        "STAY_IF_FAR": 25,
        "STAY_IF_FAR_SQRT": 625,
        "CHECK_COVER_ENEMY_LOOK": false,
        "SHOOT_NEAR_TO_LEAVE": 3,
        "SHOOT_NEAR_SEC_PERIOD": 1,
        "HITS_TO_LEAVE_COVER": 2,
        "HITS_TO_LEAVE_COVER_UNKNOWN": 2,
        "DOG_FIGHT_AFTER_LEAVE": 4,
        "NOT_LOOK_AT_WALL_IS_DANGER": true,
        "MIN_DEFENCE_LEVEL": 22,
        "GOOD_DIST_TO_POINT_COEF": 1.8,
        "ENEMY_DIST_TO_GO_OUT": 1
      },
      "Patrol": {
        "LOOK_TIME_BASE": 12,
        "CAN_CHOOSE_RESERV": true,
        "TRY_CHOOSE_RESERV_WAY_ON_START": true,
        "RESERVE_TIME_STAY": 72,
        "FRIEND_SEARCH_SEC": 12,
        "TALK_DELAY": 1.1,
        "MIN_TALK_DELAY": 35,
        "TALK_DELAY_BIG": 55.1,
        "CHANGE_WAY_TIME": 325.1,
        "MIN_DIST_TO_CLOSE_TALK": 5,
        "VISION_DIST_COEF_PEACE": 1,
        "MIN_DIST_TO_CLOSE_TALK_SQR": 25,
        "CHANCE_TO_CUT_WAY_0_100": 75,
        "CUT_WAY_MIN_0_1": 0.4,
        "CUT_WAY_MAX_0_1": 0.65,
        "CHANCE_TO_CHANGE_WAY_0_100": 30,
        "CHANCE_TO_SHOOT_DEADBODY": 52,
        "SUSPETION_PLACE_LIFETIME": 7,
        "RESERVE_OUT_TIME": 60,
        "CLOSE_TO_SELECT_RESERV_WAY": 55,
        "MAX_YDIST_TO_START_WARN_REQUEST_TO_REQUESTER": 5,
        "CAN_CHECK_MAGAZINE": false,
        "USE_PATROL_POINT_ACTION_MOVE_BY_RESERVE_WAY": false
      },
      "Hearing": {
        "BOT_CLOSE_PANIC_DIST": 1,
        "CHANCE_TO_HEAR_SIMPLE_SOUND_0_1": 0.98,
        "DISPERSION_COEF": 10,
        "CLOSE_DIST": 26,
        "FAR_DIST": 56,
        "SOUND_DIR_DEEFREE": 30,
        "DIST_PLACE_TO_FIND_POINT": 70,
        "DEAD_BODY_SOUND_RAD": 30,
        "LOOK_ONLY_DANGER": false,
        "RESET_TIMER_DIST": 17,
        "HEAR_DELAY_WHEN_PEACE": 0,
        "HEAR_DELAY_WHEN_HAVE_SMT": 0,
        "LOOK_ONLY_DANGER_DELTA": 9
      },
      "Mind": {
        "MIN_SHOOTS_TIME": 2,
        "MAX_SHOOTS_TIME": 4,
        "TIME_TO_RUN_TO_COVER_CAUSE_SHOOT_SEC": 15,
        "DAMAGE_REDUCTION_TIME_SEC": 30,
        "MIN_DAMAGE_SCARE": 20,
        "CHANCE_TO_RUN_CAUSE_DAMAGE_0_100": 35,
        "TIME_TO_FORGOR_ABOUT_ENEMY_SEC": 52,
        "TIME_TO_FIND_ENEMY": 22,
        "MAX_AGGRO_BOT_DIST": 100,
        "HIT_POINT_DETECTION": 4,
        "DANGER_POINT_CHOOSE_COEF": 1,
        "SIMPLE_POINT_CHOOSE_COEF": 0.4,
        "LASTSEEN_POINT_CHOOSE_COEF": 0.2,
        "COVER_DIST_COEF": 1.5,
        "DIST_TO_FOUND_SQRT": 400,
        "MAX_AGGRO_BOT_DIST_SQR": 10000,
        "DIST_TO_STOP_RUN_ENEMY": 15,
        "ENEMY_LOOK_AT_ME_ANG": 15,
        "MIN_START_AGGRESION_COEF": 1,
        "MAX_START_AGGRESION_COEF": 3,
        "BULLET_FEEL_DIST": 160,
        "BULLET_FEEL_CLOSE_SDIST": 1,
        "ATTACK_IMMEDIATLY_CHANCE_0_100": 40,
        "CHANCE_FUCK_YOU_ON_CONTACT_100": 0.01,
        "FRIEND_DEAD_AGR_LOW": -0.2,
        "FRIEND_AGR_KILL": 0.2,
        "LAST_ENEMY_LOOK_TO": 40,
        "CAN_RECEIVE_PLAYER_REQUESTS_SAVAGE": false,
        "CAN_RECEIVE_PLAYER_REQUESTS_BEAR": false,
        "CAN_RECEIVE_PLAYER_REQUESTS_USEC": false,
        "CAN_USE_MEDS": true,
        "SUSPETION_POINT_CHANCE_ADD100": 0,
        "AMBUSH_WHEN_UNDER_FIRE": true,
        "AMBUSH_WHEN_UNDER_FIRE_TIME_RESIST": 60,
        "ATTACK_ENEMY_IF_PROTECT_DELTA_LAST_TIME_SEEN": 1.5,
        "HOLD_IF_PROTECT_DELTA_LAST_TIME_SEEN": 8.5,
        "FIND_COVER_TO_GET_POSITION_WITH_SHOOT": 2,
        "PROTECT_TIME_REAL": true,
        "CHANCE_SHOOT_WHEN_WARN_PLAYER_100": 25,
        "CAN_PANIC_IS_PROTECT": false,
        "NO_RUN_AWAY_FOR_SAFE": false,
        "PART_PERCENT_TO_HEAL": 0.65,
        "PROTECT_DELTA_HEAL_SEC": 10,
        "CAN_STAND_BY": true,
        "CAN_THROW_REQUESTS": true,
        "GROUP_ANY_PHRASE_DELAY": 5,
        "GROUP_EXACTLY_PHRASE_DELAY": 30,
        "DIST_TO_ENEMY_YO_CAN_HEAL": 30,
        "CHANCE_TO_STAY_WHEN_WARN_PLAYER_100": 80,
        "DOG_FIGHT_OUT": 6,
        "DOG_FIGHT_IN": 3,
        "SHOOT_INSTEAD_DOG_FIGHT": 9,
        "PISTOL_SHOTGUN_AMBUSH_DIST": 30,
        "STANDART_AMBUSH_DIST": 100,
        "AI_POWER_COEF": 120,
        "COVER_SECONDS_AFTER_LOSE_VISION": 10,
        "COVER_SELF_ALWAYS_IF_DAMAGED": false,
        "SEC_TO_MORE_DIST_TO_RUN": 10,
        "HEAL_DELAY_SEC": 5,
        "HIT_DELAY_WHEN_HAVE_SMT": -1,
        "HIT_DELAY_WHEN_PEACE": -1,
        "CAN_TAKE_ITEMS": false,
        "TALK_WITH_QUERY": true,
        "DEFAULT_SAVAGE_BEHAVIOUR": "Warn",
        "DEFAULT_BEAR_BEHAVIOUR": "AlwaysEnemies",
        "DEFAULT_USEC_BEHAVIOUR": "AlwaysEnemies",
        "FRIENDLY_BOT_TYPES": [],
        "WARN_BOT_TYPES": [
          "assault"
        ],
        "ENEMY_BOT_TYPES": [
          "pmcBEAR",
          "pmcUSEC"
        ],
        "DEFAULT_ENEMY_USEC": true,
        "DEFAULT_ENEMY_BEAR": true
      },
      "Boss": {
        "BOSS_DIST_TO_WARNING": 34,
        "BOSS_DIST_TO_WARNING_SQRT": 1156,
        "BOSS_DIST_TO_WARNING_OUT": 43,
        "BOSS_DIST_TO_WARNING_OUT_SQRT": 1849,
        "BOSS_DIST_TO_SHOOT": 16,
        "BOSS_DIST_TO_SHOOT_SQRT": 256,
        "CHANCE_TO_SEND_GRENADE_100": 100,
        "MAX_DIST_COVER_BOSS": 25,
        "MAX_DIST_COVER_BOSS_SQRT": 625,
        "MAX_DIST_DECIDER_TO_SEND": 35,
        "MAX_DIST_DECIDER_TO_SEND_SQRT": 1225,
        "TIME_AFTER_LOSE": 15,
        "TIME_AFTER_LOSE_DELTA": 60,
        "PERSONS_SEND": 2,
        "DELTA_SEARCH_TIME": 18,
        "COVER_TO_SEND": true,
        "WAIT_NO_ATTACK_SAVAGE": 4,
        "CHANCE_USE_RESERVE_PATROL_100": 100,
        "KILLA_Y_DELTA_TO_BE_ENEMY_BOSS": 5,
        "KILLA_DITANCE_TO_BE_ENEMY_BOSS": 45,
        "KILLA_START_SEARCH_SEC": 40,
        "KILLA_CONTUTION_TIME": 5,
        "KILLA_CLOSE_ATTACK_DIST": 8,
        "KILLA_MIDDLE_ATTACK_DIST": 22,
        "KILLA_LARGE_ATTACK_DIST": 41,
        "KILLA_SEARCH_METERS": 30,
        "KILLA_DEF_DIST_SQRT": 225,
        "KILLA_SEARCH_SEC_STOP_AFTER_COMING": 25,
        "KILLA_DIST_TO_GO_TO_SUPPRESS": 6,
        "KILLA_AFTER_GRENADE_SUPPRESS_DELAY": 2,
        "KILLA_CLOSEATTACK_TIMES": 3,
        "KILLA_CLOSEATTACK_DELAY": 10,
        "KILLA_HOLD_DELAY": 5,
        "KILLA_BULLET_TO_RELOAD": 15,
        "SHALL_WARN": true,
        "KOJANIY_DIST_WHEN_READY": 40,
        "KOJANIY_DIST_TO_BE_ENEMY": 200,
        "KOJANIY_MIN_DIST_TO_LOOT": 20,
        "KOJANIY_MIN_DIST_TO_LOOT_SQRT": 400,
        "KOJANIY_DIST_ENEMY_TOO_CLOSE": 17,
        "KOJANIY_MANY_ENEMIES_COEF": 1.5,
        "KILLA_ENEMIES_TO_ATTACK": 3,
        "KILLA_ONE_IS_CLOSE": 30,
        "KILLA_TRIGGER_DOWN_DELAY": 1,
        "KILLA_WAIT_IN_COVER_COEF": 1,
        "ALLOW_REQUEST_SELF": false
      },
      "Core": {
        "VisibleAngle": 160,
        "VisibleDistance": 137,
        "GainSightCoef": 2,
        "ScatteringPerMeter": 0.02,
        "ScatteringClosePerMeter": 0.12,
        "DamageCoeff": 1,
        "HearingSense": 3.85,
        "CanRun": true,
        "CanGrenade": true,
        "AimingType": "normal",
        "PistolFireDistancePref": 35,
        "ShotgunFireDistancePref": 50,
        "RifleFireDistancePref": 100,
        "AccuratySpeed": 0.2,
        "WaitInCoverBetweenShotsSec": 1
      },
      "Scattering": {
        "MinScatter": 0.03,
        "WorkingScatter": 0.15,
        "MaxScatter": 0.4,
        "SpeedUp": 0.3,
        "SpeedUpAim": 1.4,
        "SpeedDown": -0.3,
        "ToSlowBotSpeed": 1.5,
        "ToLowBotSpeed": 2.4,
        "ToUpBotSpeed": 3.6,
        "MovingSlowCoef": 1.5,
        "ToLowBotAngularSpeed": 80,
        "ToStopBotAngularSpeed": 40,
        "FromShot": 0.001,
        "TracerCoef": 1.3,
        "HandDamageScatteringMinMax": 0.7,
        "HandDamageAccuracySpeed": 1.3,
        "BloodFall": 1.45,
        "Caution": 0.3,
        "ToCaution": 0.6,
        "RecoilControlCoefShootDone": 0.0003,
        "RecoilControlCoefShootDoneAuto": 0.00015,
        "AMPLITUDE_FACTOR": 0.25,
        "AMPLITUDE_SPEED": 0.1,
        "DIST_FROM_OLD_POINT_TO_NOT_AIM": 15,
        "DIST_FROM_OLD_POINT_TO_NOT_AIM_SQRT": 225,
        "DIST_NOT_TO_SHOOT": 0.3,
        "PoseChnageCoef": 0.1,
        "LayFactor": 0.1,
        "RecoilYCoef": 0.0005,
        "RecoilYCoefSppedDown": -0.52,
        "RecoilYMax": 1
      }
    },
    "impossible": {
      "Lay": {
        "CHECK_SHOOT_WHEN_LAYING": false,
        "DELTA_LAY_CHECK": 2,
        "DELTA_GETUP": 2.7,
        "DELTA_AFTER_GETUP": 10,
        "CLEAR_POINTS_OF_SCARE_SEC": 20,
        "MAX_LAY_TIME": 35,
        "DELTA_WANT_LAY_CHECL_SEC": 5,
        "ATTACK_LAY_CHANCE": 25,
        "DIST_TO_COVER_TO_LAY": 3.5,
        "DIST_TO_COVER_TO_LAY_SQRT": 12.25,
        "DIST_GRASS_TERRAIN_SQRT": 0.160000011,
        "DIST_ENEMY_NULL_DANGER_LAY": 15,
        "DIST_ENEMY_NULL_DANGER_LAY_SQRT": 225,
        "DIST_ENEMY_GETUP_LAY": 10,
        "DIST_ENEMY_GETUP_LAY_SQRT": 100,
        "DIST_ENEMY_CAN_LAY": 15,
        "DIST_ENEMY_CAN_LAY_SQRT": 225,
        "LAY_AIM": 0.6,
        "MIN_CAN_LAY_DIST_SQRT": 121,
        "MIN_CAN_LAY_DIST": 11,
        "MAX_CAN_LAY_DIST_SQRT": 40000,
        "MAX_CAN_LAY_DIST": 200,
        "LAY_CHANCE_DANGER": 40,
        "DAMAGE_TIME_TO_GETUP": 3
      },
      "Aiming": {
        "MAX_AIM_PRECICING": 2,
        "BETTER_PRECICING_COEF": 0.95,
        "RECALC_DIST": 0.7,
        "RECALC_SQR_DIST": 0.48999998,
        "COEF_FROM_COVER": 0.45,
        "PANIC_COEF": 1.2,
        "PANIC_ACCURATY_COEF": 1.2,
        "HARD_AIM": 0.75,
        "PANIC_TIME": 6,
        "RECALC_MUST_TIME": 3,
        "DAMAGE_PANIC_TIME": 15,
        "DANGER_UP_POINT": 1.3,
        "MAX_AIMING_UPGRADE_BY_TIME": 0.2,
        "DAMAGE_TO_DISCARD_AIM_0_100": 86,
        "MIN_TIME_DISCARD_AIM_SEC": 0.3,
        "MAX_TIME_DISCARD_AIM_SEC": 0.6,
        "XZ_COEF": 0.4,
        "SHOOT_TO_CHANGE_PRIORITY": 5525,
        "BOTTOM_COEF": 0.08,
        "FIRST_CONTACT_ADD_SEC": 0.1,
        "FIRST_CONTACT_ADD_CHANCE_100": 80,
        "BASE_HIT_AFFECTION_DELAY_SEC": 0.57,
        "BASE_HIT_AFFECTION_MIN_ANG": 4,
        "BASE_HIT_AFFECTION_MAX_ANG": 10,
        "BASE_SHIEF": 0.05,
        "SCATTERING_HAVE_DAMAGE_COEF": 2,
        "SCATTERING_DIST_MODIF": 0.8,
        "SCATTERING_DIST_MODIF_CLOSE": 0.6,
        "AIMING_TYPE": 4,
        "DIST_TO_SHOOT_TO_CENTER": 3,
        "DIST_TO_SHOOT_NO_OFFSET": 3,
        "SHPERE_FRIENDY_FIRE_SIZE": 0.2,
        "COEF_IF_MOVE": 1,
        "TIME_COEF_IF_MOVE": 1.1,
        "BOT_MOVE_IF_DELTA": 3.01,
        "NEXT_SHOT_MISS_CHANCE_100": 100,
        "NEXT_SHOT_MISS_Y_OFFSET": 1,
        "ANYTIME_LIGHT_WHEN_AIM_100": -1,
        "ANY_PART_SHOOT_TIME": 15,
        "WEAPON_ROOT_OFFSET": 0.35,
        "MIN_DAMAGE_TO_GET_HIT_AFFETS": 1,
        "MAX_AIM_TIME": 1.5,
        "OFFSET_RECAL_ANYWAY_TIME": 1,
        "Y_TOP_OFFSET_COEF": 0.001,
        "Y_BOTTOM_OFFSET_COEF": 0.015
      },
      "Look": {
        "OLD_TIME_POINT": 11,
        "WAIT_NEW_SENSOR": 2.1,
        "WAIT_NEW__LOOK_SENSOR": 7.8,
        "LOOK_AROUND_DELTA": 1.1,
        "MAX_VISION_GRASS_METERS": 0.8,
        "MAX_VISION_GRASS_METERS_FLARE": 8,
        "MAX_VISION_GRASS_METERS_OPT": 0.9090909,
        "MAX_VISION_GRASS_METERS_FLARE_OPT": 0.125,
        "LightOnVisionDistance": 40,
        "FAR_DISTANCE": 160,
        "FarDeltaTimeSec": 3,
        "MIDDLE_DIST": 90,
        "MiddleDeltaTimeSec": 1,
        "CloseDeltaTimeSec": 0.1,
        "POSIBLE_VISION_SPACE": 1.2,
        "GOAL_TO_FULL_DISSAPEAR": 1.1,
        "GOAL_TO_FULL_DISSAPEAR_SHOOT": 0.03,
        "BODY_DELTA_TIME_SEARCH_SEC": 1.7,
        "COME_TO_BODY_DIST": 1.2,
        "MARKSMAN_VISIBLE_DIST_COEF": 1.15,
        "VISIBLE_DISNACE_WITH_LIGHT": 95,
        "ENEMY_LIGHT_ADD": 43,
        "ENEMY_LIGHT_START_DIST": 90,
        "CAN_LOOK_TO_WALL": true,
        "DIST_NOT_TO_IGNORE_WALL": 15,
        "DIST_CHECK_WALL": 20,
        "LOOK_LAST_POSENEMY_IF_NO_DANGER_SEC": 25,
        "MIN_LOOK_AROUD_TIME": 20,
        "OPTIMIZE_TO_ONLY_BODY": true,
        "NO_GREEN_DIST": 5,
        "NO_GRASS_DIST": 5,
        "GOAL_TO_FULL_DISSAPEAR_GREEN": 1.5
      },
      "Shoot": {
        "RECOIL_TIME_NORMALIZE": 1,
        "RECOIL_PER_METER": 0.02,
        "MAX_RECOIL_PER_METER": 0.04,
        "HORIZONT_RECOIL_COEF": 0.04,
        "WAIT_NEXT_SINGLE_SHOT": 0.2,
        "WAIT_NEXT_SINGLE_SHOT_LONG_MAX": 3.3,
        "WAIT_NEXT_SINGLE_SHOT_LONG_MIN": 0.4,
        "MARKSMAN_DIST_SEK_COEF": 44,
        "FINGER_HOLD_SINGLE_SHOT": 0.14,
        "BASE_AUTOMATIC_TIME": 0.2,
        "AUTOMATIC_FIRE_SCATTERING_COEF": 1.5,
        "CHANCE_TO_CHANGE_TO_AUTOMATIC_FIRE_100": 96,
        "FAR_DIST_ENEMY": 20,
        "SHOOT_FROM_COVER": 4,
        "FAR_DIST_ENEMY_SQR": 400,
        "MAX_DIST_COEF": 1.35,
        "RECOIL_DELTA_PRESS": 0.15,
        "RUN_DIST_NO_AMMO": 25,
        "RUN_DIST_NO_AMMO_SQRT": 625,
        "CAN_SHOOTS_TIME_TO_AMBUSH": 993,
        "NOT_TO_SEE_ENEMY_TO_WANT_RELOAD_PERCENT": 0.5,
        "NOT_TO_SEE_ENEMY_TO_WANT_RELOAD_SEC": 2,
        "RELOAD_PECNET_NO_ENEMY": 0.6,
        "CHANCE_TO_CHANGE_WEAPON": 80,
        "CHANCE_TO_CHANGE_WEAPON_WITH_HELMET": 30,
        "LOW_DIST_TO_CHANGE_WEAPON": 6,
        "FAR_DIST_TO_CHANGE_WEAPON": 30,
        "SUPPRESS_BY_SHOOT_TIME": 6,
        "SUPPRESS_TRIGGERS_DOWN": 3,
        "VALIDATE_MALFUNCTION_CHANCE": 100,
        "REPAIR_MALFUNCTION_IMMEDIATE_CHANCE": 25,
        "DELAY_BEFORE_EXAMINE_MALFUNCTION": 0.5,
        "DELAY_BEFORE_FIX_MALFUNCTION": 0.5
      },
      "Move": {
        "BASE_ROTATE_SPEED": 270,
        "REACH_DIST": 0.5,
        "REACH_DIST_RUN": 0.8,
        "START_SLOW_DIST": 1.5,
        "BASESTART_SLOW_DIST": 1.1,
        "SLOW_COEF": 7,
        "DIST_TO_CAN_CHANGE_WAY": 8,
        "DIST_TO_START_RAYCAST": 15,
        "BASE_START_SERACH": 35,
        "UPDATE_TIME_RECAL_WAY": 7,
        "FAR_DIST": 4,
        "FAR_DIST_SQR": 16,
        "DIST_TO_CAN_CHANGE_WAY_SQR": 64,
        "DIST_TO_START_RAYCAST_SQR": 225,
        "BASE_SQRT_START_SERACH": 1225,
        "Y_APPROXIMATION": 0.7,
        "DELTA_LAST_SEEN_ENEMY": 20,
        "REACH_DIST_COVER": 2,
        "RUN_TO_COVER_MIN": 2,
        "CHANCE_TO_RUN_IF_NO_AMMO_0_100": 100,
        "RUN_IF_CANT_SHOOT": true,
        "RUN_IF_GAOL_FAR_THEN": 10,
        "SEC_TO_CHANGE_TO_RUN": 3
      },
      "Grenade": {
        "DELTA_NEXT_ATTEMPT_FROM_COVER": 5,
        "DELTA_NEXT_ATTEMPT": 10,
        "MIN_DIST_NOT_TO_THROW": 8,
        "NEAR_DELTA_THROW_TIME_SEC": 2,
        "MIN_THROW_GRENADE_DIST": 12,
        "MIN_THROW_GRENADE_DIST_SQRT": 144,
        "MIN_DIST_NOT_TO_THROW_SQR": 64,
        "RUN_AWAY": 22,
        "RUN_AWAY_SQR": 484,
        "ADD_GRENADE_AS_DANGER": 65,
        "ADD_GRENADE_AS_DANGER_SQR": 4225,
        "CHANCE_TO_NOTIFY_ENEMY_GR_100": 95,
        "GrenadePerMeter": 0.1,
        "REQUEST_DIST_MUST_THROW_SQRT": 4,
        "REQUEST_DIST_MUST_THROW": 2,
        "BEWARE_TYPE": 2,
        "SHOOT_TO_SMOKE_CHANCE_100": 50,
        "CHANCE_RUN_FLASHED_100": 100,
        "MAX_FLASHED_DIST_TO_SHOOT": 10,
        "MAX_FLASHED_DIST_TO_SHOOT_SQRT": 100,
        "FLASH_GRENADE_TIME_COEF": 0.25,
        "SIZE_SPOTTED_COEF": 2,
        "BE_ATTENTION_COEF": 4,
        "TIME_SHOOT_TO_FLASH": 4,
        "CLOSE_TO_SMOKE_TO_SHOOT": 10,
        "CLOSE_TO_SMOKE_TO_SHOOT_SQRT": 100,
        "CLOSE_TO_SMOKE_TIME_DELTA": 5,
        "SMOKE_CHECK_DELTA": 1,
        "DELTA_GRENADE_START_TIME": 0.01,
        "AMBUSH_IF_SMOKE_IN_ZONE_100": 40,
        "AMBUSH_IF_SMOKE_RETURN_TO_ATTACK_SEC": 30,
        "NO_RUN_FROM_AI_GRENADES": true,
        "MAX_THROW_POWER": 25,
        "MIN_THROW_DIST_PERCENT_0_1": 0.7,
        "GrenadePrecision": 0.05,
        "STOP_WHEN_THROW_GRENADE": true,
        "WAIT_TIME_TURN_AWAY": 0.2,
        "SMOKE_SUPPRESS_DELTA": 20,
        "DAMAGE_GRENADE_SUPPRESS_DELTA": 8,
        "STUN_SUPPRESS_DELTA": 9,
        "CHEAT_START_GRENADE_PLACE": false,
        "CAN_THROW_STRAIGHT_CONTACT": true,
        "STRAIGHT_CONTACT_DELTA_SEC": -1,
        "ANG_TYPE": 1
      },
      "Change": {
        "SMOKE_VISION_DIST": 0.6,
        "SMOKE_GAIN_SIGHT": 0.625,
        "SMOKE_SCATTERING": 1.6,
        "SMOKE_PRECICING": 1.6,
        "SMOKE_HEARING": 1,
        "SMOKE_ACCURATY": 1.6,
        "SMOKE_LAY_CHANCE": 1.6,
        "FLASH_VISION_DIST": 0.05,
        "FLASH_GAIN_SIGHT": 0.555,
        "FLASH_SCATTERING": 1.6,
        "FLASH_PRECICING": 1.6,
        "FLASH_HEARING": 1,
        "FLASH_ACCURATY": 1.6,
        "FLASH_LAY_CHANCE": 1,
        "STUN_HEARING": 0.01
      },
      "Cover": {
        "RETURN_TO_ATTACK_AFTER_AMBUSH_MIN": 20,
        "RETURN_TO_ATTACK_AFTER_AMBUSH_MAX": 50,
        "SOUND_TO_GET_SPOTTED": 2,
        "TIME_TO_MOVE_TO_COVER": 15,
        "MAX_DIST_OF_COVER": 4,
        "CHANGE_RUN_TO_COVER_SEC": 5,
        "CHANGE_RUN_TO_COVER_SEC_GREANDE": 0.6,
        "MIN_DIST_TO_ENEMY": 9,
        "DIST_CANT_CHANGE_WAY": 5,
        "DIST_CHECK_SFETY": 9,
        "TIME_CHECK_SAFE": 2,
        "HIDE_TO_COVER_TIME": 1.5,
        "MAX_DIST_OF_COVER_SQR": 16,
        "DIST_CANT_CHANGE_WAY_SQR": 25,
        "SPOTTED_COVERS_RADIUS": 2.5,
        "LOOK_LAST_ENEMY_POS_MOVING": 1.5,
        "LOOK_TO_HIT_POINT_IF_LAST_ENEMY": 3,
        "LOOK_LAST_ENEMY_POS_LOOKAROUND": 45,
        "OFFSET_LOOK_ALONG_WALL_ANG": 20,
        "SPOTTED_GRENADE_RADIUS": 16,
        "MAX_SPOTTED_TIME_SEC": 20,
        "WAIT_INT_COVER_FINDING_ENEMY": 2,
        "CLOSE_DIST_POINT_SQRT": 4,
        "DELTA_SEEN_FROM_COVE_LAST_POS": 15,
        "MOVE_TO_COVER_WHEN_TARGET": false,
        "RUN_COVER_IF_CAN_AND_NO_ENEMIES": true,
        "SPOTTED_GRENADE_TIME": 7,
        "DEPENDS_Y_DIST_TO_BOT": true,
        "RUN_IF_FAR": 15,
        "RUN_IF_FAR_SQRT": 225,
        "STAY_IF_FAR": 25,
        "STAY_IF_FAR_SQRT": 625,
        "CHECK_COVER_ENEMY_LOOK": false,
        "SHOOT_NEAR_TO_LEAVE": 3,
        "SHOOT_NEAR_SEC_PERIOD": 1,
        "HITS_TO_LEAVE_COVER": 2,
        "HITS_TO_LEAVE_COVER_UNKNOWN": 2,
        "DOG_FIGHT_AFTER_LEAVE": 4,
        "NOT_LOOK_AT_WALL_IS_DANGER": true,
        "MIN_DEFENCE_LEVEL": 22,
        "GOOD_DIST_TO_POINT_COEF": 1.8,
        "ENEMY_DIST_TO_GO_OUT": 1
      },
      "Patrol": {
        "LOOK_TIME_BASE": 12,
        "CAN_CHOOSE_RESERV": true,
        "TRY_CHOOSE_RESERV_WAY_ON_START": true,
        "RESERVE_TIME_STAY": 72,
        "FRIEND_SEARCH_SEC": 12,
        "TALK_DELAY": 1.1,
        "MIN_TALK_DELAY": 35,
        "TALK_DELAY_BIG": 55.1,
        "CHANGE_WAY_TIME": 325.1,
        "MIN_DIST_TO_CLOSE_TALK": 5,
        "VISION_DIST_COEF_PEACE": 1,
        "MIN_DIST_TO_CLOSE_TALK_SQR": 25,
        "CHANCE_TO_CUT_WAY_0_100": 75,
        "CUT_WAY_MIN_0_1": 0.4,
        "CUT_WAY_MAX_0_1": 0.65,
        "CHANCE_TO_CHANGE_WAY_0_100": 30,
        "CHANCE_TO_SHOOT_DEADBODY": 52,
        "SUSPETION_PLACE_LIFETIME": 7,
        "RESERVE_OUT_TIME": 60,
        "CLOSE_TO_SELECT_RESERV_WAY": 55,
        "MAX_YDIST_TO_START_WARN_REQUEST_TO_REQUESTER": 5,
        "CAN_CHECK_MAGAZINE": false,
        "USE_PATROL_POINT_ACTION_MOVE_BY_RESERVE_WAY": false
      },
      "Hearing": {
        "BOT_CLOSE_PANIC_DIST": 1,
        "CHANCE_TO_HEAR_SIMPLE_SOUND_0_1": 0.98,
        "DISPERSION_COEF": 10,
        "CLOSE_DIST": 26,
        "FAR_DIST": 56,
        "SOUND_DIR_DEEFREE": 30,
        "DIST_PLACE_TO_FIND_POINT": 70,
        "DEAD_BODY_SOUND_RAD": 30,
        "LOOK_ONLY_DANGER": false,
        "RESET_TIMER_DIST": 17,
        "HEAR_DELAY_WHEN_PEACE": 0,
        "HEAR_DELAY_WHEN_HAVE_SMT": 0,
        "LOOK_ONLY_DANGER_DELTA": 9
      },
      "Mind": {
        "MIN_SHOOTS_TIME": 2,
        "MAX_SHOOTS_TIME": 4,
        "TIME_TO_RUN_TO_COVER_CAUSE_SHOOT_SEC": 15,
        "DAMAGE_REDUCTION_TIME_SEC": 30,
        "MIN_DAMAGE_SCARE": 20,
        "CHANCE_TO_RUN_CAUSE_DAMAGE_0_100": 35,
        "TIME_TO_FORGOR_ABOUT_ENEMY_SEC": 52,
        "TIME_TO_FIND_ENEMY": 22,
        "MAX_AGGRO_BOT_DIST": 100,
        "HIT_POINT_DETECTION": 4,
        "DANGER_POINT_CHOOSE_COEF": 1,
        "SIMPLE_POINT_CHOOSE_COEF": 0.4,
        "LASTSEEN_POINT_CHOOSE_COEF": 0.2,
        "COVER_DIST_COEF": 1.5,
        "DIST_TO_FOUND_SQRT": 400,
        "MAX_AGGRO_BOT_DIST_SQR": 10000,
        "DIST_TO_STOP_RUN_ENEMY": 15,
        "ENEMY_LOOK_AT_ME_ANG": 15,
        "MIN_START_AGGRESION_COEF": 1,
        "MAX_START_AGGRESION_COEF": 3,
        "BULLET_FEEL_DIST": 160,
        "BULLET_FEEL_CLOSE_SDIST": 1,
        "ATTACK_IMMEDIATLY_CHANCE_0_100": 40,
        "CHANCE_FUCK_YOU_ON_CONTACT_100": 0.01,
        "FRIEND_DEAD_AGR_LOW": -0.2,
        "FRIEND_AGR_KILL": 0.2,
        "LAST_ENEMY_LOOK_TO": 40,
        "CAN_RECEIVE_PLAYER_REQUESTS_SAVAGE": false,
        "CAN_RECEIVE_PLAYER_REQUESTS_BEAR": false,
        "CAN_RECEIVE_PLAYER_REQUESTS_USEC": false,
        "CAN_USE_MEDS": true,
        "SUSPETION_POINT_CHANCE_ADD100": 0,
        "AMBUSH_WHEN_UNDER_FIRE": true,
        "AMBUSH_WHEN_UNDER_FIRE_TIME_RESIST": 60,
        "ATTACK_ENEMY_IF_PROTECT_DELTA_LAST_TIME_SEEN": 1.5,
        "HOLD_IF_PROTECT_DELTA_LAST_TIME_SEEN": 8.5,
        "FIND_COVER_TO_GET_POSITION_WITH_SHOOT": 2,
        "PROTECT_TIME_REAL": true,
        "CHANCE_SHOOT_WHEN_WARN_PLAYER_100": 25,
        "CAN_PANIC_IS_PROTECT": false,
        "NO_RUN_AWAY_FOR_SAFE": false,
        "PART_PERCENT_TO_HEAL": 0.65,
        "PROTECT_DELTA_HEAL_SEC": 10,
        "CAN_STAND_BY": true,
        "CAN_THROW_REQUESTS": true,
        "GROUP_ANY_PHRASE_DELAY": 5,
        "GROUP_EXACTLY_PHRASE_DELAY": 30,
        "DIST_TO_ENEMY_YO_CAN_HEAL": 30,
        "CHANCE_TO_STAY_WHEN_WARN_PLAYER_100": 80,
        "DOG_FIGHT_OUT": 6,
        "DOG_FIGHT_IN": 3,
        "SHOOT_INSTEAD_DOG_FIGHT": 9,
        "PISTOL_SHOTGUN_AMBUSH_DIST": 30,
        "STANDART_AMBUSH_DIST": 100,
        "AI_POWER_COEF": 120,
        "COVER_SECONDS_AFTER_LOSE_VISION": 10,
        "COVER_SELF_ALWAYS_IF_DAMAGED": false,
        "SEC_TO_MORE_DIST_TO_RUN": 10,
        "HEAL_DELAY_SEC": 5,
        "HIT_DELAY_WHEN_HAVE_SMT": -1,
        "HIT_DELAY_WHEN_PEACE": -1,
        "CAN_TAKE_ITEMS": false,
        "TALK_WITH_QUERY": true,
        "DEFAULT_SAVAGE_BEHAVIOUR": "Warn",
        "DEFAULT_BEAR_BEHAVIOUR": "AlwaysEnemies",
        "DEFAULT_USEC_BEHAVIOUR": "AlwaysEnemies",
        "FRIENDLY_BOT_TYPES": [],
        "WARN_BOT_TYPES": [
          "assault"
        ],
        "ENEMY_BOT_TYPES": [
          "pmcBEAR",
          "pmcUSEC"
        ],
        "DEFAULT_ENEMY_USEC": true,
        "DEFAULT_ENEMY_BEAR": true
      },
      "Boss": {
        "BOSS_DIST_TO_WARNING": 34,
        "BOSS_DIST_TO_WARNING_SQRT": 1156,
        "BOSS_DIST_TO_WARNING_OUT": 43,
        "BOSS_DIST_TO_WARNING_OUT_SQRT": 1849,
        "BOSS_DIST_TO_SHOOT": 16,
        "BOSS_DIST_TO_SHOOT_SQRT": 256,
        "CHANCE_TO_SEND_GRENADE_100": 100,
        "MAX_DIST_COVER_BOSS": 25,
        "MAX_DIST_COVER_BOSS_SQRT": 625,
        "MAX_DIST_DECIDER_TO_SEND": 35,
        "MAX_DIST_DECIDER_TO_SEND_SQRT": 1225,
        "TIME_AFTER_LOSE": 15,
        "TIME_AFTER_LOSE_DELTA": 60,
        "PERSONS_SEND": 2,
        "DELTA_SEARCH_TIME": 18,
        "COVER_TO_SEND": true,
        "WAIT_NO_ATTACK_SAVAGE": 4,
        "CHANCE_USE_RESERVE_PATROL_100": 100,
        "KILLA_Y_DELTA_TO_BE_ENEMY_BOSS": 5,
        "KILLA_DITANCE_TO_BE_ENEMY_BOSS": 45,
        "KILLA_START_SEARCH_SEC": 40,
        "KILLA_CONTUTION_TIME": 5,
        "KILLA_CLOSE_ATTACK_DIST": 8,
        "KILLA_MIDDLE_ATTACK_DIST": 22,
        "KILLA_LARGE_ATTACK_DIST": 41,
        "KILLA_SEARCH_METERS": 30,
        "KILLA_DEF_DIST_SQRT": 225,
        "KILLA_SEARCH_SEC_STOP_AFTER_COMING": 25,
        "KILLA_DIST_TO_GO_TO_SUPPRESS": 6,
        "KILLA_AFTER_GRENADE_SUPPRESS_DELAY": 2,
        "KILLA_CLOSEATTACK_TIMES": 3,
        "KILLA_CLOSEATTACK_DELAY": 10,
        "KILLA_HOLD_DELAY": 5,
        "KILLA_BULLET_TO_RELOAD": 15,
        "SHALL_WARN": true,
        "KOJANIY_DIST_WHEN_READY": 40,
        "KOJANIY_DIST_TO_BE_ENEMY": 200,
        "KOJANIY_MIN_DIST_TO_LOOT": 20,
        "KOJANIY_MIN_DIST_TO_LOOT_SQRT": 400,
        "KOJANIY_DIST_ENEMY_TOO_CLOSE": 17,
        "KOJANIY_MANY_ENEMIES_COEF": 1.5,
        "KILLA_ENEMIES_TO_ATTACK": 3,
        "KILLA_ONE_IS_CLOSE": 30,
        "KILLA_TRIGGER_DOWN_DELAY": 1,
        "KILLA_WAIT_IN_COVER_COEF": 1,
        "ALLOW_REQUEST_SELF": false
      },
      "Core": {
        "VisibleAngle": 160,
        "VisibleDistance": 137,
        "GainSightCoef": 2,
        "ScatteringPerMeter": 0.02,
        "ScatteringClosePerMeter": 0.12,
        "DamageCoeff": 1,
        "HearingSense": 3.85,
        "CanRun": true,
        "CanGrenade": true,
        "AimingType": "normal",
        "PistolFireDistancePref": 35,
        "ShotgunFireDistancePref": 50,
        "RifleFireDistancePref": 100,
        "AccuratySpeed": 0.2,
        "WaitInCoverBetweenShotsSec": 1
      },
      "Scattering": {
        "MinScatter": 0.03,
        "WorkingScatter": 0.15,
        "MaxScatter": 0.4,
        "SpeedUp": 0.3,
        "SpeedUpAim": 1.4,
        "SpeedDown": -0.3,
        "ToSlowBotSpeed": 1.5,
        "ToLowBotSpeed": 2.4,
        "ToUpBotSpeed": 3.6,
        "MovingSlowCoef": 1.5,
        "ToLowBotAngularSpeed": 80,
        "ToStopBotAngularSpeed": 40,
        "FromShot": 0.001,
        "TracerCoef": 1.3,
        "HandDamageScatteringMinMax": 0.7,
        "HandDamageAccuracySpeed": 1.3,
        "BloodFall": 1.45,
        "Caution": 0.3,
        "ToCaution": 0.6,
        "RecoilControlCoefShootDone": 0.0003,
        "RecoilControlCoefShootDoneAuto": 0.00015,
        "AMPLITUDE_FACTOR": 0.25,
        "AMPLITUDE_SPEED": 0.1,
        "DIST_FROM_OLD_POINT_TO_NOT_AIM": 15,
        "DIST_FROM_OLD_POINT_TO_NOT_AIM_SQRT": 225,
        "DIST_NOT_TO_SHOOT": 0.3,
        "PoseChnageCoef": 0.1,
        "LayFactor": 0.1,
        "RecoilYCoef": 0.0005,
        "RecoilYCoefSppedDown": -0.52,
        "RecoilYMax": 1
      }
    }
  },
  "chances": {
    "equipment": {
      "Headwear": 5,
      "Earpiece": 0,
      "FaceCover": 0,
      "ArmorVest": 0,
      "Eyewear": 36,
      "ArmBand": 0,
      "TacticalVest": 0,
      "Backpack": 0,
      "FirstPrimaryWeapon": 100,
      "SecondPrimaryWeapon": 0,
      "Holster": 100,
      "Scabbard": 0,
      "Pockets": 100,
      "SecuredContainer": 100
    },
    "weaponMods": {
      "mod_launcher": 0,
      "mod_muzzle": 45,
      "mod_reciever": 100,
      "mod_sight_rear": 30,
      "mod_stock": 100,
      "mod_magazine": 100,
      "mod_mount_000": 27,
      "mod_charge": 58,
      "mod_mount_003": 100,
      "mod_scope": 54,
      "mod_tactical": 0,
      "mod_sight_front": 75,
      "mod_foregrip": 82,
      "mod_tactical_002": 0,
      "mod_mount_001": 0,
      "mod_tactical_000": 0,
      "mod_tactical_001": 54,
      "mod_mount_002": 0,
      "mod_stock_000": 100,
      "mod_mount": 0,
      "mod_tactical_003": 75
    },
    "equipmentMods": {}
  },
  "generation": {
    "items": {
      "specialItems": {
        "weights": {
          "0": 0
        },
        "whitelist": []
      },
      "healing": {
        "weights": {
          "1": 1,
          "2": 2
        },
        "whitelist": []
      },
      "drugs": {
        "weights": {
          "0": 1,
          "1": 2
        },
        "whitelist": []
      },
      "stims": {
        "weights": {
          "0": 2,
          "1": 1,
          "2": 0
        },
        "whitelist": []
      },
      "food": {
        "weights": {
          "0": 10,
          "1": 5,
          "2": 2
        },
        "whitelist": []
      },
      "drink": {
        "weights": {
          "0": 10,
          "1": 5,
          "2": 2
        },
        "whitelist": []
      },
      "currency": {
        "weights": {
          "0": 20,
          "1": 5,
          "2": 1
        },
        "whitelist": []
      },
      "backpackLoot": {
        "weights": {
          "0": 1,
          "1": 1,
          "2": 2,
          "3": 1,
          "4": 1,
          "5": 1,
          "6": 1,
          "7": 0
        },
        "whitelist": []
      },
      "pocketLoot": {
        "weights": {
          "0": 1,
          "1": 6,
          "2": 3,
          "3": 1,
          "4": 1
        },
        "whitelist": []
      },
      "vestLoot": {
        "weights": {
          "0": 1,
          "1": 3,
          "2": 5,
          "3": 1,
          "4": 1,
          "5": 1,
          "6": 1
        },
        "whitelist": []
      },
      "magazines": {
        "weights": {
          "0": 0,
          "1": 0,
          "2": 1,
          "3": 3,
          "4": 2
        },
        "whitelist": []
      },
      "grenades": {
        "weights": {
          "0": 1,
          "1": 1,
          "2": 5,
          "3": 2,
          "4": 1,
          "5": 1
        },
        "whitelist": []
      }
    }
  }
}