{
  "appearance": {
    "body": {
      "609e86926e8078716f600883": 1
    },
    "feet": {
      "609e86c09776a947754429b2": 1
    },
    "hands": {
      "5cc2e68f14c02e28b47de290": 1
    },
    "head": {
      "5d5f8ba486f77431254e7fd2": 1
    },
    "voice": {
      "BossAgroTagilla": 1
    }
  },
  "experience": {
    "level": {
      "min": 0,
      "max": 1
    },
    "reward": {
      "normal": {
        "min": 6666,
        "max": 6666
      }
    },
    "standingForKill": {
      "normal": -0.2
    },
    "aggressorBonus": {
      "normal": 0.05
    },
    "useSimpleAnimator": false
  },
  "health": {
    "Hydration": {
      "min": 100,
      "max": 100
    },
    "Energy": {
      "min": 100,
      "max": 100
    },
    "Temperature": {
      "min": 36,
      "max": 40
    },
    "BodyParts": [
      {
        "Head": {
          "min": 105,
          "max": 105
        },
        "Chest": {
          "min": 360,
          "max": 360
        },
        "Stomach": {
          "min": 280,
          "max": 280
        },
        "LeftArm": {
          "min": 140,
          "max": 140
        },
        "RightArm": {
          "min": 140,
          "max": 140
        },
        "LeftLeg": {
          "min": 140,
          "max": 140
        },
        "RightLeg": {
          "min": 140,
          "max": 140
        }
      }
    ]
  },
  "skills": {
    "Common": {
      "BotReload": {
        "min": 3500,
        "max": 4000
      },
      "Endurance": {
        "min": 5100,
        "max": 5100
      },
      "Health": {
        "min": 5100,
        "max": 5100
      },
      "Strength": {
        "min": 5100,
        "max": 5100
      },
      "StressResistance": {
        "min": 5100,
        "max": 5100
      },
      "Vitality": {
        "min": 5100,
        "max": 5100
      }
    }
  },
  "inventory": {
    "equipment": {
      "Headwear": {},
      "Earpiece": {},
      "FaceCover": {
        "678f84bb9e85556ca60f0362": 1
      },
      "ArmorVest": {},
      "Eyewear": {},
      "ArmBand": {},
      "TacticalVest": {
        "609e860ebd219504d8507525": 1
      },
      "Backpack": {},
      "FirstPrimaryWeapon": {
        "6499849fc93611967b034949": 1314,
        "674fe9a75e51f1c47c04ec23": 1997
      },
      "SecondPrimaryWeapon": {},
      "Holster": {},
      "Scabbard": {
        "679ba90d269ddfea47012159": 1
      },
      "Pockets": {
        "64cbd95a29b9b4283e216ff5": 1
      },
      "SecuredContainer": {
        "5c0a794586f77461c458f892": 1
      }
    },
    "Ammo": {
      "Caliber545x39": {
        "5c0d5e4486f77478390952fe": 3620,
        "56dff026d2720bb8668b4567": 1430,
        "56dff3afd2720bba668b4567": 203
      },
      "Caliber12g": {
        "5d6e68a8a4b9360b6c0d54e2": 1
      }
    },
    "mods": {
      "6499849fc93611967b034949": {
        "mod_gas_block": [
          "649ec107961514b22506b10c"
        ],
        "mod_pistol_grip": [
          "5649ae4a4bdc2d1b2b8b4588"
        ],
        "mod_handguard": [
          "649ec127c93611967b034957"
        ],
        "mod_muzzle": [
          "649ec2af961514b22506b10f"
        ],
        "mod_reciever": [
          "649ec2f3961514b22506b111"
        ],
        "mod_stock_001": [
          "6761779c48fa5c377e06fc3f"
        ],
        "mod_charge": [
          "6130ca3fd92c473c77020dbd"
        ],
        "mod_magazine": [
          "55d482194bdc2d1d4e8b456b"
        ]
      },
      "649ec127c93611967b034957": {
        "mod_mount_001": [
          "5beecbb80db834001d2c465e"
        ],
        "mod_tactical": [
          "5c5952732e2216398b5abda2"
        ],
        "mod_foregrip": [
          "64806bdd26c80811d408d37a"
        ]
      },
      "5beecbb80db834001d2c465e": {
        "mod_tactical_000": [
          "57d17e212459775a1179a0f5"
        ]
      },
      "57d17e212459775a1179a0f5": {
        "mod_flashlight": [
          "57d17c5e2459775a5c57d17d"
        ]
      },
      "649ec2f3961514b22506b111": {
        "mod_scope": [
          "609a63b6e2ff132951242d09"
        ]
      },
      "609e860ebd219504d8507525": {
        "Front_plate": [
          "656fa99800d62bcd2e024088"
        ],
        "Back_plate": [
          "656fa0fb498d1b7e3e071d9c"
        ],
        "Soft_armor_front": [
          "6575f5cbf6a13a7b7100b0bf"
        ],
        "Soft_armor_back": [
          "6575f5e1da698a4e98067869"
        ]
      },
      "674fe9a75e51f1c47c04ec23": {
        "mod_handguard": [
          "5f63418ef5750b524b45f116"
        ],
        "mod_muzzle": [
          "59fb137a86f7740adb646af1"
        ],
        "mod_pistol_grip": [
          "5649ae4a4bdc2d1b2b8b4588"
        ],
        "mod_reciever": [
          "676017fe8cfeeba9f707c8d6"
        ],
        "mod_stock": [
          "5ac78eaf5acfc4001926317a"
        ],
        "mod_charge": [
          "6130ca3fd92c473c77020dbd"
        ],
        "mod_magazine": [
          "674fe8f6f34d761ab8020cc8"
        ]
      },
      "5f63418ef5750b524b45f116": {
        "mod_foregrip": [
          "5c1bc5af2e221602b412949b"
        ],
        "mod_scope": [
          "58491f3324597764bc48fa02"
        ],
        "mod_tactical_000": [
          "5c5952732e2216398b5abda2"
        ],
        "mod_tactical_004": [
          "57d17e212459775a1179a0f5"
        ]
      },
      "5ac78eaf5acfc4001926317a": {
        "mod_stock": [
          "59ecc3dd86f7746dc827481c"
        ]
      }
    },
    "items": {
      "TacticalVest": {
        "55d482194bdc2d1d4e8b456b": 8,
        "5fca138c2a7b221b2852a5c6": 6,
        "5ed515e03a40a50460332579": 5
      },
      "Pockets": {
        "67e183377c6c2011970f3149": 10000,
        "5734758f24597738025ee253": 442,
        "679b992329acd1f2f60985a5": 10000,
        "674fe8f6f34d761ab8020cc8": 10000,
        "679b9819a2f2dd4da9023512": 7357,
        "59faf7ca86f7740dbe19f6c2": 431,
        "5755383e24597772cb798966": 10000,
        "5e54f62086f774219b0f1937": 423,
        "59148f8286f7741b951ea113": 44,
        "679bab714e9ca6b3d80586b4": 3890,
        "573478bc24597738002c6175": 1023,
        "5ad5d49886f77455f9731921": 343,
        "5c1d0c5f86f7744bb2683cf0": 41,
        "573474f924597738002c6174": 1616,
        "5780cf942459777df90dcb72": 576,
        "590de71386f774347051a052": 392,
        "679baa9091966fe40408f149": 86,
        "5ad5cfbd86f7742c825d6104": 48,
        "5a13ef0686f7746e5a411744": 50,
        "593aa4be86f77457f56379f8": 479,
        "64ccc25f95763a1ae376e447": 5,
        "5ad5ccd186f774446d5706e9": 43,
        "59e3658a86f7741776641ac4": 636,
        "64ccc1fe088064307e14a6f7": 48,
        "62987da96188c076bc0d8c51": 39,
        "5938603e86f77435642354f4": 725,
        "63a39c7964283b5e9c56b280": 240,
        "6582dbe43a2e5248357dbe9a": 409,
        "5751a89d24597722aa0e8db0": 32,
        "59136e1e86f774432f15d133": 86,
        "5c1d0f4986f7744bb01837fa": 41,
        "5937ee6486f77408994ba448": 354,
        "5ad5d20586f77449be26d877": 197,
        "590de7e986f7741b096e5f32": 169,
        "5913915886f774123603c392": 66,
        "5bc9bc53d4351e00367fbcee": 169,
        "62987cb98081af308d7558c8": 43,
        "63a3a93f8a56922e82001f5d": 21,
        "5a0ee30786f774023b6ee08f": 44,
        "5f745ee30acaeb0d490d8c5b": 434,
        "66b37eb4acff495a29492407": 327,
        "5d80c78786f774403a401e3e": 33,
        "6581998038c79576a2569e11": 411,
        "61aa5b7db225ac1ead7957c1": 46,
        "62a09cfe4f842e1bd12da3e4": 410,
        "5a0eec9686f77402ac5c39f2": 51,
        "5938504186f7740991483f30": 415,
        "64ccc1ec1779ad6ba200a137": 42,
        "63a71e781031ac76fe773c7d": 108,
        "544fb3f34bdc2d03748b456a": 149,
        "63a39dfe3901f439517cafba": 51,
        "658199972dc4e60f6d556a2f": 480,
        "63a71e86b7f4570d3a293169": 33,
        "5913611c86f77479e0084092": 271,
        "5d235a5986f77443f6329bc6": 471,
        "62a091170b9d3c46de5b6cf2": 405,
        "59e3647686f774176a362507": 152,
        "5ad7242b86f7740a6a3abd43": 55,
        "5a0f075686f7745bcc42ee12": 39,
        "64ccc2111779ad6ba200a139": 50,
        "5a144bdb86f7741d374bbde0": 31,
        "5914578086f774123569ffa4": 138,
        "6582dc4b6ba9e979af6b79f4": 198,
        "5913651986f774432f15d132": 51,
        "62a09ec84f842e1bd12da3f2": 107,
        "5d95d6fa86f77424484aa5e9": 51,
        "5780cfa52459777dfb276eb1": 180,
        "66b37ea4c5d72b0277488439": 233,
        "5a145d7b86f7744cbb6f4a13": 17,
        "5a0eedb386f77403506300be": 56,
        "5bc9bdb8d4351e003562b8a1": 443,
        "5938144586f77473c2087145": 42,
        "5c1e495a86f7743109743dfb": 50,
        "5a0eebed86f77461230ddb3d": 55,
        "59136a4486f774447a1ed172": 152,
        "5d80ccdd86f77474f7575e02": 28,
        "61a64428a8c6aa1b795f0ba1": 50,
        "64ccc1d4a0f13c24561edf27": 44,
        "59148c8a86f774197930e983": 220,
        "5ad5d64486f774079b080af8": 30,
        "5672c92d4bdc2d180f8b4567": 38,
        "544fb37f4bdc2dee738b4567": 629,
        "5d80ca9086f774403a401e40": 23,
        "5d80cb3886f77440556dbf09": 43,
        "5d95d6be86f77424444eb3a7": 42,
        "63a39df18a56922e82001f25": 100,
        "5a0ea69f86f7741cd5406619": 51,
        "59e3639286f7741777737013": 161,
        "5d80c95986f77440351beef3": 22,
        "63a39fd1c9b3aa4b61683efb": 126,
        "679baa2c61f588ae2b062a24": 77,
        "63a399193901f439517cafb6": 19,
        "679baa4f59b8961f370dd683": 97,
        "64ccc206793ca11c8f450a38": 47,
        "5da46e3886f774653b7a83fe": 29,
        "59faff1d86f7746c51718c9c": 64,
        "5938994586f774523a425196": 220,
        "61aa81fcb225ac1ead7957c3": 53,
        "5d947d4e86f774447b415895": 13,
        "5d80cb5686f77440545d1286": 45,
        "63a39f6e64283b5e9c56b289": 46,
        "591afe0186f77431bd616a11": 371,
        "5a0eee1486f77402aa773226": 54,
        "5a0ee34586f774023b6ee092": 55,
        "64ccc1f4ff54fb38131acf27": 39,
        "5c1267ee86f77416ec610f72": 90,
        "5780d0652459777df90dcb74": 38,
        "63a71eb5b7f4570d3a29316b": 45,
        "64ccc268c41e91416064ebc7": 56,
        "5a0dc45586f7742f6b0b73e3": 26,
        "591383f186f7744a4c5edcf3": 141,
        "5c1d0dc586f7744baf2e7b79": 49,
        "590c695186f7741e566b64a2": 152,
        "5c94bbff86f7747ee735c08f": 166,
        "62a9cb937377a65d7b070cef": 52,
        "5e42c83786f7742a021fdf3c": 146,
        "5a0ee4b586f7743698200d22": 28,
        "64ccc24de61ea448b507d34d": 57,
        "63a39fdf1e21260da44a0256": 48,
        "5a0f068686f7745b0d4ea242": 66,
        "5a13ef7e86f7741290491063": 50,
        "5d8e0e0e86f774321140eb56": 30,
        "5d80c93086f7744036212b41": 27,
        "5c1e2a1e86f77431ea0ea84c": 54,
        "61aa5aed32a4743c3453d319": 45,
        "679baa5a59b8961f370dd685": 105,
        "6761a6f90575f25e020816a4": 139,
        "5ad7247386f7747487619dc3": 29,
        "64ccc246ff54fb38131acf29": 49,
        "5a0eeb8e86f77461257ed71a": 44,
        "5c1d0d6d86f7744bb2683e1f": 251,
        "5c1f79a086f7746ed066fb8f": 12,
        "61a6444b8c141d68246e2d2f": 54,
        "5da743f586f7744014504f72": 35,
        "5af0548586f7743a532b7e99": 151,
        "63a71e922b25f7513905ca20": 26,
        "5d9f1fa686f774726974a992": 10,
        "5a0f08bc86f77478f33b84c2": 44,
        "5e42c81886f7742a01529f57": 107,
        "5a0ee72c86f77436955d3435": 46,
        "5a0dc95c86f77452440fc675": 63,
        "5a0ea64786f7741707720468": 48,
        "5a0f006986f7741ffd2fe484": 43,
        "5d80cb8786f774405611c7d9": 27,
        "5d80c66d86f774405611c7d6": 24,
        "63a39cb1c9b3aa4b61683ee2": 64,
        "5eff09cd30a7dc22fd1ddfed": 99,
        "5addaffe86f77470b455f900": 17,
        "5780cf9e2459777df90dcb73": 43,
        "67ab3d4b83869afd170fdd3f": 2,
        "61a64492ba05ef10d62adcc1": 33,
        "6582dc5740562727a654ebb1": 38,
        "5a0f0f5886f7741c4e32a472": 49,
        "61aa5b518f5e7a39b41416e2": 30,
        "63a71ed21031ac76fe773c7f": 36,
        "5a1452ee86f7746f33111763": 16,
        "5c1e2d1f86f77431e9280bee": 48,
        "591382d986f774465a6413a7": 93,
        "5d947d3886f774447b415893": 23,
        "5a0eff2986f7741fd654e684": 46,
        "5ad7217186f7746744498875": 38,
        "5a0ea79b86f7741d4a35298e": 56,
        "62987e26a77ec735f90a2995": 96,
        "5a0eb6ac86f7743124037a28": 46,
        "5a144dfd86f77445cb5a0982": 30,
        "63a39c69af870e651d58e6aa": 38,
        "5a0eecf686f7740350630097": 16,
        "5d80c6fc86f774403a401e3c": 28,
        "5a0ec6d286f7742c0b518fb5": 32,
        "5d8e0db586f7744450412a42": 23,
        "5a13f35286f77413ef1436b0": 20,
        "5ede7b0c6d23e5473e6e8c66": 23,
        "5a0ee62286f774369454a7ac": 34,
        "5780cda02459777b272ede61": 50,
        "591ae8f986f77406f854be45": 46,
        "5a13f46386f7741dd7384b04": 41,
        "5d80ccac86f77470841ff452": 23,
        "5a0ec70e86f7742c0b518fba": 46,
        "5780d07a2459777de4559324": 40,
        "5a0ee76686f7743698200d5c": 44,
        "5a13f24186f77410e57c5626": 20,
        "61aa5ba8018e9821b7368da9": 42,
        "5780cf692459777de4559321": 43,
        "5d8e15b686f774445103b190": 45,
        "5ede7a8229445733cb4c18e2": 11,
        "63a39ce4cd6db0635c1975fa": 38,
        "5d80cbd886f77470855c26c2": 23,
        "5448ba0b4bdc2d02308b456c": 43,
        "5780d0532459777a5108b9a2": 69,
        "5a145ebb86f77458f1796f05": 45,
        "5c1d0efb86f7744baf2e7b7b": 44,
        "5d80c62a86f7744036212b3f": 20,
        "5a0ee37f86f774023657a86f": 12,
        "5e42c71586f7747f245e1343": 25,
        "5a0eeb1a86f774688b70aa5c": 40,
        "5a0eed4386f77405112912aa": 23,
        "5a145d4786f7744cbb6f4a12": 27,
        "5ad5db3786f7743568421cce": 52,
        "63a39f08cd6db0635c197600": 53,
        "5d80c8f586f77440373c4ed0": 24,
        "5d80c88d86f77440556dbf07": 15,
        "63a39667c9b3aa4b61683e98": 50,
        "5d80c60f86f77440373c4ece": 19,
        "59387a4986f77401cc236e62": 39,
        "63a39e49cd6db0635c1975fc": 41,
        "5d80cab086f77440535be201": 17,
        "59136f6f86f774447a1ed173": 50,
        "5a13eebd86f7746fd639aa93": 9,
        "5a0eb38b86f774153b320eb0": 35,
        "62987c658081af308d7558c6": 43,
        "5a13ee1986f774794d4c14cd": 41,
        "5780cf722459777a5108b9a1": 43,
        "5d80cd1a86f77402aa362f42": 29,
        "5d8e3ecc86f774414c78d05e": 26,
        "5913877a86f774432f15d444": 46,
        "63a39fc0af870e651d58e6ae": 23,
        "5d80c6c586f77440351beef1": 21,
        "63a39f18c2d53c2c6839c1d3": 36,
        "5da5cdcd86f774529238fb9b": 19,
        "664d4b0103ef2c61246afb56": 1,
        "5ad5d7d286f77450166e0a89": 19,
        "6761a6ccd9bbb27ad703c48a": 17,
        "5a0f045e86f7745b0f0d0e42": 45,
        "62987dfc402c7f69bf010923": 11,
        "655c66e40b2de553b618d4b8": 1,
        "5780cf7f2459777de4559322": 2,
        "679b9d6390622daf9708da76": 32,
        "679b9d55708cfcb2060b9ae3": 29,
        "679b9cce4e4ed4b3b40ae5c5": 26,
        "679b9d43597ba2ed120c3d44": 34,
        "679b9d4b3374fb14f40efe6d": 30,
        "64d4b23dc1b37504b41ac2b6": 1,
        "655c669103999d3c810c025b": 1,
        "66572c82ad599021091c6118": 2,
        "655c67782a1356436041c9c5": 1
      },
      "Backpack": {},
      "SecuredContainer": {
        "5710c24ad2720bc3458b45a3": 100000,
        "5c0d5e4486f77478390952fe": 43590,
        "5d6e68a8a4b9360b6c0d54e2": 100000,
        "56dff026d2720bb8668b4567": 20630,
        "56dff3afd2720bba668b4567": 6593
      },
      "SpecialLoot": {}
    }
  },
  "firstName": [
    "Shadow"
  ],
  "lastName": [
    "of"
  ],
  "difficulty": {
    "easy": {
      "Lay": {
        "CHECK_SHOOT_WHEN_LAYING": false,
        "DELTA_LAY_CHECK": 2,
        "DELTA_GETUP": 2.7,
        "DELTA_AFTER_GETUP": 10,
        "CLEAR_POINTS_OF_SCARE_SEC": 20,
        "MAX_LAY_TIME": 35,
        "DELTA_WANT_LAY_CHECL_SEC": 5,
        "ATTACK_LAY_CHANCE": 25,
        "DIST_TO_COVER_TO_LAY": 3.5,
        "DIST_TO_COVER_TO_LAY_SQRT": 12.25,
        "DIST_GRASS_TERRAIN_SQRT": 0.160000011,
        "DIST_ENEMY_NULL_DANGER_LAY": 15,
        "DIST_ENEMY_NULL_DANGER_LAY_SQRT": 225,
        "DIST_ENEMY_GETUP_LAY": 10,
        "DIST_ENEMY_GETUP_LAY_SQRT": 100,
        "DIST_ENEMY_CAN_LAY": 15,
        "DIST_ENEMY_CAN_LAY_SQRT": 225,
        "LAY_AIM": 0.6,
        "MIN_CAN_LAY_DIST_SQRT": 121,
        "MIN_CAN_LAY_DIST": 11,
        "MAX_CAN_LAY_DIST_SQRT": 40000,
        "MAX_CAN_LAY_DIST": 200,
        "LAY_CHANCE_DANGER": 40,
        "DAMAGE_TIME_TO_GETUP": 3
      },
      "Aiming": {
        "MAX_AIM_PRECICING": 2,
        "BETTER_PRECICING_COEF": 0.9,
        "RECALC_DIST": 0.7,
        "RECALC_SQR_DIST": 0.48999998,
        "COEF_FROM_COVER": 0.85,
        "PANIC_COEF": 1.2,
        "PANIC_ACCURATY_COEF": 1.2,
        "HARD_AIM": 0.75,
        "PANIC_TIME": 6,
        "RECALC_MUST_TIME": 3,
        "DAMAGE_PANIC_TIME": 5,
        "DANGER_UP_POINT": 1.3,
        "MAX_AIMING_UPGRADE_BY_TIME": 0.25,
        "DAMAGE_TO_DISCARD_AIM_0_100": 1,
        "MIN_TIME_DISCARD_AIM_SEC": 0,
        "MAX_TIME_DISCARD_AIM_SEC": 0,
        "XZ_COEF": 0.2,
        "SHOOT_TO_CHANGE_PRIORITY": 5525,
        "BOTTOM_COEF": 0.1,
        "FIRST_CONTACT_ADD_SEC": 0.1,
        "FIRST_CONTACT_ADD_CHANCE_100": 80,
        "BASE_HIT_AFFECTION_DELAY_SEC": 0.27,
        "BASE_HIT_AFFECTION_MIN_ANG": 4,
        "BASE_HIT_AFFECTION_MAX_ANG": 8,
        "BASE_SHIEF": 0.05,
        "SCATTERING_HAVE_DAMAGE_COEF": 2,
        "SCATTERING_DIST_MODIF": 0.45,
        "SCATTERING_DIST_MODIF_CLOSE": 0.6,
        "AIMING_TYPE": 1,
        "DIST_TO_SHOOT_TO_CENTER": 3,
        "DIST_TO_SHOOT_NO_OFFSET": 3,
        "SHPERE_FRIENDY_FIRE_SIZE": -1,
        "COEF_IF_MOVE": 1,
        "TIME_COEF_IF_MOVE": 1.1,
        "BOT_MOVE_IF_DELTA": 3.01,
        "NEXT_SHOT_MISS_CHANCE_100": 100,
        "NEXT_SHOT_MISS_Y_OFFSET": 1,
        "ANYTIME_LIGHT_WHEN_AIM_100": -1,
        "ANY_PART_SHOOT_TIME": 15,
        "WEAPON_ROOT_OFFSET": 0.35,
        "MIN_DAMAGE_TO_GET_HIT_AFFETS": 1,
        "MAX_AIM_TIME": 1.5,
        "OFFSET_RECAL_ANYWAY_TIME": 1
      },
      "Look": {
        "OLD_TIME_POINT": 11,
        "WAIT_NEW_SENSOR": 2.1,
        "WAIT_NEW__LOOK_SENSOR": 7.8,
        "LOOK_AROUND_DELTA": 1.1,
        "MAX_VISION_GRASS_METERS": 0.8,
        "MAX_VISION_GRASS_METERS_FLARE": 8,
        "MAX_VISION_GRASS_METERS_OPT": 0.9090909,
        "MAX_VISION_GRASS_METERS_FLARE_OPT": 0.125,
        "LightOnVisionDistance": 40,
        "FAR_DISTANCE": 160,
        "FarDeltaTimeSec": 3,
        "MIDDLE_DIST": 90,
        "MiddleDeltaTimeSec": 1,
        "CloseDeltaTimeSec": 0.1,
        "POSIBLE_VISION_SPACE": 1.2,
        "GOAL_TO_FULL_DISSAPEAR": 1.1,
        "GOAL_TO_FULL_DISSAPEAR_SHOOT": 0.03,
        "BODY_DELTA_TIME_SEARCH_SEC": 1.7,
        "COME_TO_BODY_DIST": 1.2,
        "MARKSMAN_VISIBLE_DIST_COEF": 1.15,
        "VISIBLE_DISNACE_WITH_LIGHT": 95,
        "ENEMY_LIGHT_ADD": 43,
        "ENEMY_LIGHT_START_DIST": 90,
        "CAN_LOOK_TO_WALL": false,
        "DIST_NOT_TO_IGNORE_WALL": 15,
        "DIST_CHECK_WALL": 20,
        "LOOK_LAST_POSENEMY_IF_NO_DANGER_SEC": 25,
        "MIN_LOOK_AROUD_TIME": 20,
        "OPTIMIZE_TO_ONLY_BODY": true,
        "SELF_NIGHTVISION": true
      },
      "Shoot": {
        "RECOIL_TIME_NORMALIZE": 1,
        "RECOIL_PER_METER": 0.02,
        "MAX_RECOIL_PER_METER": 0.04,
        "HORIZONT_RECOIL_COEF": 0.04,
        "WAIT_NEXT_SINGLE_SHOT": 0.2,
        "WAIT_NEXT_SINGLE_SHOT_LONG_MAX": 3.3,
        "WAIT_NEXT_SINGLE_SHOT_LONG_MIN": 0.4,
        "MARKSMAN_DIST_SEK_COEF": 44,
        "FINGER_HOLD_SINGLE_SHOT": 0.14,
        "BASE_AUTOMATIC_TIME": 0.4,
        "AUTOMATIC_FIRE_SCATTERING_COEF": 1.1,
        "CHANCE_TO_CHANGE_TO_AUTOMATIC_FIRE_100": 100,
        "FAR_DIST_ENEMY": 20,
        "SHOOT_FROM_COVER": 6,
        "FAR_DIST_ENEMY_SQR": 400,
        "MAX_DIST_COEF": 1.35,
        "RECOIL_DELTA_PRESS": 0.15,
        "RUN_DIST_NO_AMMO": 25,
        "RUN_DIST_NO_AMMO_SQRT": 625,
        "CAN_SHOOTS_TIME_TO_AMBUSH": 600,
        "NOT_TO_SEE_ENEMY_TO_WANT_RELOAD_PERCENT": 0.5,
        "NOT_TO_SEE_ENEMY_TO_WANT_RELOAD_SEC": 2,
        "RELOAD_PECNET_NO_ENEMY": 0.6,
        "CHANCE_TO_CHANGE_WEAPON": 10,
        "CHANCE_TO_CHANGE_WEAPON_WITH_HELMET": 10,
        "LOW_DIST_TO_CHANGE_WEAPON": 6,
        "FAR_DIST_TO_CHANGE_WEAPON": 30,
        "SUPPRESS_BY_SHOOT_TIME": 6,
        "SUPPRESS_TRIGGERS_DOWN": 3,
        "USE_MELEE_COMBOS": true,
        "DIST_TO_HIT_MELEE": 2.25,
        "DIST_TO_HIT_MELEE_CONTINUE_COMBO": 1.75,
        "TRY_HIT_PERIOD_MELEE": 25,
        "DIST_TO_STOP_SPRINT_MELEE": 3,
        "MELEE_STOP_DIST": -0.75,
        "CHANGE_WEAPON_PERIOD": 1.5,
        "CHANGE_TO_MAIN_WEAPON_WHEN_PATROL": true,
        "VALIDATE_MALFUNCTION_CHANCE": 100,
        "REPAIR_MALFUNCTION_IMMEDIATE_CHANCE": 25,
        "DELAY_BEFORE_EXAMINE_MALFUNCTION": 0.5,
        "DELAY_BEFORE_FIX_MALFUNCTION": 0.5
      },
      "Move": {
        "BASE_ROTATE_SPEED": 270,
        "REACH_DIST": 0.5,
        "REACH_DIST_RUN": 0.8,
        "START_SLOW_DIST": 1.5,
        "BASESTART_SLOW_DIST": 1.1,
        "SLOW_COEF": 2,
        "DIST_TO_CAN_CHANGE_WAY": 8,
        "DIST_TO_START_RAYCAST": 15,
        "BASE_START_SERACH": 35,
        "UPDATE_TIME_RECAL_WAY": 7,
        "FAR_DIST": 4,
        "FAR_DIST_SQR": 16,
        "DIST_TO_CAN_CHANGE_WAY_SQR": 64,
        "DIST_TO_START_RAYCAST_SQR": 225,
        "BASE_SQRT_START_SERACH": 1225,
        "Y_APPROXIMATION": 0.7,
        "DELTA_LAST_SEEN_ENEMY": 20,
        "REACH_DIST_COVER": 2,
        "RUN_TO_COVER_MIN": 2,
        "CHANCE_TO_RUN_IF_NO_AMMO_0_100": 100,
        "RUN_IF_CANT_SHOOT": true,
        "RUN_IF_GAOL_FAR_THEN": 10,
        "SEC_TO_CHANGE_TO_RUN": 3,
        "ETERNITY_STAMINA": true
      },
      "Grenade": {
        "DELTA_NEXT_ATTEMPT_FROM_COVER": 5,
        "DELTA_NEXT_ATTEMPT": 10,
        "MIN_DIST_NOT_TO_THROW": 8,
        "NEAR_DELTA_THROW_TIME_SEC": 2,
        "MIN_THROW_GRENADE_DIST": 12,
        "MIN_THROW_GRENADE_DIST_SQRT": 144,
        "MIN_DIST_NOT_TO_THROW_SQR": 64,
        "RUN_AWAY": 22,
        "RUN_AWAY_SQR": 484,
        "ADD_GRENADE_AS_DANGER": 65,
        "ADD_GRENADE_AS_DANGER_SQR": 4225,
        "CHANCE_TO_NOTIFY_ENEMY_GR_100": 100,
        "GrenadePerMeter": 0.1,
        "REQUEST_DIST_MUST_THROW_SQRT": 4,
        "REQUEST_DIST_MUST_THROW": 2,
        "BEWARE_TYPE": 2,
        "SHOOT_TO_SMOKE_CHANCE_100": 50,
        "CHANCE_RUN_FLASHED_100": 100,
        "MAX_FLASHED_DIST_TO_SHOOT": 10,
        "MAX_FLASHED_DIST_TO_SHOOT_SQRT": 100,
        "FLASH_GRENADE_TIME_COEF": 0.1,
        "SIZE_SPOTTED_COEF": 2,
        "BE_ATTENTION_COEF": 4,
        "TIME_SHOOT_TO_FLASH": 4,
        "CLOSE_TO_SMOKE_TO_SHOOT": 10,
        "CLOSE_TO_SMOKE_TO_SHOOT_SQRT": 100,
        "CLOSE_TO_SMOKE_TIME_DELTA": 5,
        "SMOKE_CHECK_DELTA": 1,
        "DELTA_GRENADE_START_TIME": 0.01,
        "AMBUSH_IF_SMOKE_IN_ZONE_100": 40,
        "AMBUSH_IF_SMOKE_RETURN_TO_ATTACK_SEC": 30,
        "NO_RUN_FROM_AI_GRENADES": true,
        "CAN_THROW_FROM_ANY_PLACE": false,
        "MAX_THROW_POWER": 25,
        "MIN_THROW_DIST_PERCENT_0_1": 0.7,
        "GrenadePrecision": 0.05,
        "IGNORE_SMOKE_GRENADE": true,
        "STOP_WHEN_THROW_GRENADE": true,
        "WAIT_TIME_TURN_AWAY": 1.2,
        "SMOKE_SUPPRESS_DELTA": 20,
        "DAMAGE_GRENADE_SUPPRESS_DELTA": 8,
        "STUN_SUPPRESS_DELTA": 9,
        "CHEAT_START_GRENADE_PLACE": true,
        "CAN_THROW_STRAIGHT_CONTACT": true,
        "STRAIGHT_CONTACT_DELTA_SEC": 3,
        "ANG_TYPE": 1
      },
      "Change": {
        "SMOKE_VISION_DIST": 0.6,
        "SMOKE_GAIN_SIGHT": 1.6,
        "SMOKE_SCATTERING": 1.6,
        "SMOKE_PRECICING": 1.6,
        "SMOKE_HEARING": 1,
        "SMOKE_ACCURATY": 1.6,
        "SMOKE_LAY_CHANCE": 1.6,
        "FLASH_VISION_DIST": 0.05,
        "FLASH_GAIN_SIGHT": 1.8,
        "FLASH_SCATTERING": 1.6,
        "FLASH_PRECICING": 1.6,
        "FLASH_HEARING": 1,
        "FLASH_ACCURATY": 1.6,
        "FLASH_LAY_CHANCE": 1,
        "STUN_HEARING": 0.01
      },
      "Cover": {
        "RETURN_TO_ATTACK_AFTER_AMBUSH_MIN": 20,
        "RETURN_TO_ATTACK_AFTER_AMBUSH_MAX": 50,
        "SOUND_TO_GET_SPOTTED": 2,
        "TIME_TO_MOVE_TO_COVER": 15,
        "MAX_DIST_OF_COVER": 4,
        "CHANGE_RUN_TO_COVER_SEC": 5,
        "CHANGE_RUN_TO_COVER_SEC_GREANDE": 0.6,
        "MIN_DIST_TO_ENEMY": 9,
        "DIST_CANT_CHANGE_WAY": 5,
        "DIST_CHECK_SFETY": 9,
        "TIME_CHECK_SAFE": 2,
        "HIDE_TO_COVER_TIME": 1.5,
        "MAX_DIST_OF_COVER_SQR": 16,
        "DIST_CANT_CHANGE_WAY_SQR": 25,
        "SPOTTED_COVERS_RADIUS": 2.5,
        "LOOK_LAST_ENEMY_POS_MOVING": 1.5,
        "LOOK_TO_HIT_POINT_IF_LAST_ENEMY": 3,
        "LOOK_LAST_ENEMY_POS_LOOKAROUND": 45,
        "OFFSET_LOOK_ALONG_WALL_ANG": 20,
        "SPOTTED_GRENADE_RADIUS": 16,
        "MAX_SPOTTED_TIME_SEC": 20,
        "WAIT_INT_COVER_FINDING_ENEMY": 2,
        "CLOSE_DIST_POINT_SQRT": 4,
        "DELTA_SEEN_FROM_COVE_LAST_POS": 5,
        "MOVE_TO_COVER_WHEN_TARGET": false,
        "RUN_COVER_IF_CAN_AND_NO_ENEMIES": true,
        "SPOTTED_GRENADE_TIME": 7,
        "DEPENDS_Y_DIST_TO_BOT": true,
        "RUN_IF_FAR": 15,
        "RUN_IF_FAR_SQRT": 225,
        "STAY_IF_FAR": 25,
        "STAY_IF_FAR_SQRT": 625,
        "CHECK_COVER_ENEMY_LOOK": false,
        "SHOOT_NEAR_TO_LEAVE": 3,
        "SHOOT_NEAR_SEC_PERIOD": 1,
        "HITS_TO_LEAVE_COVER": 2,
        "HITS_TO_LEAVE_COVER_UNKNOWN": 2,
        "DOG_FIGHT_AFTER_LEAVE": 4,
        "NOT_LOOK_AT_WALL_IS_DANGER": true,
        "MIN_DEFENCE_LEVEL": 22,
        "GOOD_DIST_TO_POINT_COEF": 1.8,
        "ENEMY_DIST_TO_GO_OUT": 1
      },
      "Patrol": {
        "LOOK_TIME_BASE": 12,
        "RESERVE_TIME_STAY": 72,
        "FRIEND_SEARCH_SEC": 12,
        "TALK_DELAY": 1.1,
        "MIN_TALK_DELAY": 35,
        "TALK_DELAY_BIG": 45.1,
        "CHANGE_WAY_TIME": 325.1,
        "MIN_DIST_TO_CLOSE_TALK": 5,
        "VISION_DIST_COEF_PEACE": 0.95,
        "MIN_DIST_TO_CLOSE_TALK_SQR": 25,
        "CHANCE_TO_CUT_WAY_0_100": 75,
        "CUT_WAY_MIN_0_1": 0.4,
        "CUT_WAY_MAX_0_1": 0.65,
        "CHANCE_TO_CHANGE_WAY_0_100": 30,
        "CHANCE_TO_SHOOT_DEADBODY": 52,
        "SUSPETION_PLACE_LIFETIME": 7,
        "RESERVE_OUT_TIME": 60,
        "CLOSE_TO_SELECT_RESERV_WAY": 25,
        "MAX_YDIST_TO_START_WARN_REQUEST_TO_REQUESTER": 5,
        "FORCE_OPPONENT_TO_PEAEFUL": true,
        "CAN_CHECK_MAGAZINE": false
      },
      "Hearing": {
        "BOT_CLOSE_PANIC_DIST": 1,
        "CHANCE_TO_HEAR_SIMPLE_SOUND_0_1": 0.98,
        "DISPERSION_COEF": 10,
        "CLOSE_DIST": 10,
        "FAR_DIST": 20,
        "SOUND_DIR_DEEFREE": 30,
        "DIST_PLACE_TO_FIND_POINT": 70,
        "DEAD_BODY_SOUND_RAD": 30,
        "LOOK_ONLY_DANGER": false,
        "RESET_TIMER_DIST": 17,
        "HEAR_DELAY_WHEN_PEACE": 0,
        "HEAR_DELAY_WHEN_HAVE_SMT": 0,
        "LOOK_ONLY_DANGER_DELTA": 9
      },
      "Mind": {
        "MIN_SHOOTS_TIME": 2,
        "MAX_SHOOTS_TIME": 4,
        "TIME_TO_RUN_TO_COVER_CAUSE_SHOOT_SEC": 15,
        "DAMAGE_REDUCTION_TIME_SEC": 30,
        "MIN_DAMAGE_SCARE": 20,
        "CHANCE_TO_RUN_CAUSE_DAMAGE_0_100": 35,
        "TIME_TO_FORGOR_ABOUT_ENEMY_SEC": 52,
        "TIME_TO_FIND_ENEMY": 22,
        "MAX_AGGRO_BOT_DIST": 100,
        "HIT_POINT_DETECTION": 4,
        "DANGER_POINT_CHOOSE_COEF": 1,
        "SIMPLE_POINT_CHOOSE_COEF": 0.4,
        "LASTSEEN_POINT_CHOOSE_COEF": 0.2,
        "COVER_DIST_COEF": 1.5,
        "DIST_TO_FOUND_SQRT": 400,
        "MAX_AGGRO_BOT_DIST_SQR": 10000,
        "DIST_TO_STOP_RUN_ENEMY": 15,
        "ENEMY_LOOK_AT_ME_ANG": 15,
        "MIN_START_AGGRESION_COEF": 1,
        "MAX_START_AGGRESION_COEF": 3,
        "BULLET_FEEL_DIST": 160,
        "BULLET_FEEL_CLOSE_SDIST": 1,
        "ATTACK_IMMEDIATLY_CHANCE_0_100": 40,
        "CHANCE_FUCK_YOU_ON_CONTACT_100": 0.01,
        "FRIEND_DEAD_AGR_LOW": -0.2,
        "FRIEND_AGR_KILL": 0.2,
        "LAST_ENEMY_LOOK_TO": 40,
        "CAN_RECEIVE_PLAYER_REQUESTS_SAVAGE": false,
        "CAN_RECEIVE_PLAYER_REQUESTS_BEAR": false,
        "CAN_RECEIVE_PLAYER_REQUESTS_USEC": false,
        "IGNORE_TRAP": true,
        "CAN_USE_MEDS": true,
        "SUSPETION_POINT_CHANCE_ADD100": 0,
        "AMBUSH_WHEN_UNDER_FIRE": true,
        "AMBUSH_WHEN_UNDER_FIRE_TIME_RESIST": 60,
        "ATTACK_ENEMY_IF_PROTECT_DELTA_LAST_TIME_SEEN": 1.5,
        "HOLD_IF_PROTECT_DELTA_LAST_TIME_SEEN": 8.5,
        "FIND_COVER_TO_GET_POSITION_WITH_SHOOT": 2,
        "PROTECT_TIME_REAL": true,
        "CHANCE_SHOOT_WHEN_WARN_PLAYER_100": 25,
        "CAN_PANIC_IS_PROTECT": false,
        "NO_RUN_AWAY_FOR_SAFE": false,
        "PART_PERCENT_TO_HEAL": 0.65,
        "PROTECT_DELTA_HEAL_SEC": 10,
        "CAN_STAND_BY": true,
        "CAN_THROW_REQUESTS": true,
        "GROUP_ANY_PHRASE_DELAY": 5,
        "GROUP_EXACTLY_PHRASE_DELAY": 30,
        "DIST_TO_ENEMY_YO_CAN_HEAL": 30,
        "CHANCE_TO_STAY_WHEN_WARN_PLAYER_100": 80,
        "DOG_FIGHT_OUT": 6,
        "DOG_FIGHT_IN": 3,
        "SHOOT_INSTEAD_DOG_FIGHT": 9,
        "PISTOL_SHOTGUN_AMBUSH_DIST": 30,
        "STANDART_AMBUSH_DIST": 100,
        "AI_POWER_COEF": 120,
        "COVER_SECONDS_AFTER_LOSE_VISION": 10,
        "COVER_SELF_ALWAYS_IF_DAMAGED": false,
        "SEC_TO_MORE_DIST_TO_RUN": 10,
        "HEAL_DELAY_SEC": 5,
        "HIT_DELAY_WHEN_HAVE_SMT": -1,
        "HIT_DELAY_WHEN_PEACE": -1,
        "CAN_TAKE_ITEMS": false,
        "TALK_WITH_QUERY": true,
        "CAN_EXECUTE_REQUESTS": false,
        "CHANCE_TO_IGNORE_TRIPWIRE": 100,
        "IGNORE_DANGER_PLACES": true,
        "GRENADE_DAMAGE_IGNORE": true,
        "DEFAULT_SAVAGE_BEHAVIOUR": "Warn",
        "DEFAULT_BEAR_BEHAVIOUR": "AlwaysEnemies",
        "DEFAULT_USEC_BEHAVIOUR": "AlwaysEnemies",
        "FRIENDLY_BOT_TYPES": [
          "bossKilla",
          "assault"
        ],
        "WARN_BOT_TYPES": [],
        "ENEMY_BOT_TYPES": [
          "pmcBEAR",
          "pmcUSEC"
        ]
      },
      "Boss": {
        "TAGILLA_MELEE_ATTACK_NEXT_DECISION_PERIOD": 6,
        "BOSS_DIST_TO_WARNING": 15,
        "BOSS_DIST_TO_WARNING_SQRT": 225,
        "BOSS_DIST_TO_WARNING_USEC": 15,
        "BOSS_DIST_TO_WARNING_SQRT_USEC": 225,
        "BOSS_DIST_TO_WARNING_BEAR": 15,
        "BOSS_DIST_TO_WARNING_SQRT_BEAR": 225,
        "BOSS_DIST_TO_WARNING_OUT": 20,
        "BOSS_DIST_TO_WARNING_OUT_SQRT": 400,
        "BOSS_DIST_TO_SHOOT": 5,
        "BOSS_DIST_TO_SHOOT_SQRT": 25,
        "TAGILLA_MELEE_ATTACK_IF_NO_SHOOT": 15,
        "TAGILLA_FIRST_ASSAULT_RADIUS": 30,
        "TAGILLA_SECOND_ASSAULT_RADIUS": 30,
        "TAGILLA_FIRST_ASSAULT_CHANCE": 110,
        "TAGILLA_SECOND_ASSAULT_CHANCE": 110,
        "TAGILLA_FORCED_CLOSE_ATTACK_DIST": 2,
        "CHANCE_TO_SEND_GRENADE_100": 100,
        "MAX_DIST_COVER_BOSS": 25,
        "MAX_DIST_COVER_BOSS_SQRT": 625,
        "MAX_DIST_DECIDER_TO_SEND": 35,
        "MAX_DIST_DECIDER_TO_SEND_SQRT": 1225,
        "TIME_AFTER_LOSE": 15,
        "TIME_AFTER_LOSE_DELTA": 60,
        "PERSONS_SEND": 2,
        "DELTA_SEARCH_TIME": 18,
        "COVER_TO_SEND": true,
        "WAIT_NO_ATTACK_SAVAGE": 1,
        "CHANCE_USE_RESERVE_PATROL_100": 30,
        "KILLA_Y_DELTA_TO_BE_ENEMY_BOSS": 5,
        "KILLA_DITANCE_TO_BE_ENEMY_BOSS": 45,
        "KILLA_START_SEARCH_SEC": 40,
        "KILLA_CONTUTION_TIME": 5,
        "KILLA_CLOSE_ATTACK_DIST": 8,
        "KILLA_MIDDLE_ATTACK_DIST": 22,
        "KILLA_LARGE_ATTACK_DIST": 41,
        "KILLA_SEARCH_METERS": 20,
        "KILLA_DEF_DIST_SQRT": 225,
        "KILLA_SEARCH_SEC_STOP_AFTER_COMING": 25,
        "KILLA_DIST_TO_GO_TO_SUPPRESS": 6,
        "KILLA_AFTER_GRENADE_SUPPRESS_DELAY": 2,
        "KILLA_CLOSEATTACK_TIMES": 4,
        "KILLA_CLOSEATTACK_DELAY": -1,
        "KILLA_HOLD_DELAY": 5,
        "KILLA_BULLET_TO_RELOAD": 15,
        "SHALL_WARN": true,
        "KOJANIY_DIST_WHEN_READY": 40,
        "KOJANIY_DIST_TO_BE_ENEMY": 200,
        "KOJANIY_MIN_DIST_TO_LOOT": 20,
        "KOJANIY_MIN_DIST_TO_LOOT_SQRT": 400,
        "KOJANIY_DIST_ENEMY_TOO_CLOSE": 17,
        "KOJANIY_MANY_ENEMIES_COEF": 1.5,
        "KILLA_ENEMIES_TO_ATTACK": 3,
        "KILLA_ONE_IS_CLOSE": 30,
        "KILLA_TRIGGER_DOWN_DELAY": 1,
        "KILLA_WAIT_IN_COVER_COEF": 1,
        "TAGILLA_MELEE_CHANCE_RELOAD": 75,
        "TAGILLA_MELEE_CHANCE_INTERACTION": 75,
        "TAGILLA_MELEE_CHANCE_INVENTORY": 75,
        "TAGILLA_MELEE_CHANCE_MEDS": 75,
        "TAGILLA_MELEE_CHANCE_FORCED": 75,
        "EFFECT_REGENERATION_PER_MIN": 60,
        "EFFECT_PAINKILLER": true
      },
      "Core": {
        "VisibleAngle": 180,
        "VisibleDistance": 137,
        "GainSightCoef": 2,
        "ScatteringPerMeter": 0.1,
        "ScatteringClosePerMeter": 0.1,
        "DamageCoeff": 1,
        "HearingSense": 3.95,
        "CanRun": true,
        "CanGrenade": true,
        "AimingType": "normal",
        "PistolFireDistancePref": 35,
        "ShotgunFireDistancePref": 50,
        "RifleFireDistancePref": 100,
        "AccuratySpeed": 0.2,
        "WaitInCoverBetweenShotsSec": 1,
        "START_DIST_TO_COV": 50
      },
      "Scattering": {
        "MinScatter": 0.03,
        "WorkingScatter": 0.15,
        "MaxScatter": 0.4,
        "SpeedUp": 0.3,
        "SpeedUpAim": 1.4,
        "SpeedDown": -0.3,
        "ToSlowBotSpeed": 1.5,
        "ToLowBotSpeed": 2.4,
        "ToUpBotSpeed": 3.6,
        "MovingSlowCoef": 1.5,
        "ToLowBotAngularSpeed": 80,
        "ToStopBotAngularSpeed": 40,
        "FromShot": 0.001,
        "TracerCoef": 1.3,
        "HandDamageScatteringMinMax": 0.7,
        "HandDamageAccuracySpeed": 1.3,
        "BloodFall": 1.45,
        "Caution": 0.3,
        "ToCaution": 0.6,
        "RecoilControlCoefShootDone": 0.0003,
        "RecoilControlCoefShootDoneAuto": 0.00015,
        "AMPLITUDE_FACTOR": 0.25,
        "AMPLITUDE_SPEED": 0.1,
        "DIST_FROM_OLD_POINT_TO_NOT_AIM": 15,
        "DIST_FROM_OLD_POINT_TO_NOT_AIM_SQRT": 225,
        "DIST_NOT_TO_SHOOT": 0.3,
        "PoseChnageCoef": 0.1,
        "LayFactor": 0.1,
        "RecoilYCoef": 0.0005,
        "RecoilYCoefSppedDown": -0.52,
        "RecoilYMax": 1
      }
    },
    "normal": {
      "Lay": {
        "CHECK_SHOOT_WHEN_LAYING": false,
        "DELTA_LAY_CHECK": 2,
        "DELTA_GETUP": 2.7,
        "DELTA_AFTER_GETUP": 10,
        "CLEAR_POINTS_OF_SCARE_SEC": 20,
        "MAX_LAY_TIME": 35,
        "DELTA_WANT_LAY_CHECL_SEC": 5,
        "ATTACK_LAY_CHANCE": 25,
        "DIST_TO_COVER_TO_LAY": 3.5,
        "DIST_TO_COVER_TO_LAY_SQRT": 12.25,
        "DIST_GRASS_TERRAIN_SQRT": 0.160000011,
        "DIST_ENEMY_NULL_DANGER_LAY": 15,
        "DIST_ENEMY_NULL_DANGER_LAY_SQRT": 225,
        "DIST_ENEMY_GETUP_LAY": 10,
        "DIST_ENEMY_GETUP_LAY_SQRT": 100,
        "DIST_ENEMY_CAN_LAY": 15,
        "DIST_ENEMY_CAN_LAY_SQRT": 225,
        "LAY_AIM": 0.6,
        "MIN_CAN_LAY_DIST_SQRT": 121,
        "MIN_CAN_LAY_DIST": 11,
        "MAX_CAN_LAY_DIST_SQRT": 40000,
        "MAX_CAN_LAY_DIST": 200,
        "LAY_CHANCE_DANGER": 40,
        "DAMAGE_TIME_TO_GETUP": 3
      },
      "Aiming": {
        "MAX_AIM_PRECICING": 2,
        "BETTER_PRECICING_COEF": 0.9,
        "RECALC_DIST": 0.7,
        "RECALC_SQR_DIST": 0.48999998,
        "COEF_FROM_COVER": 0.85,
        "PANIC_COEF": 1.2,
        "PANIC_ACCURATY_COEF": 1.2,
        "HARD_AIM": 0.75,
        "PANIC_TIME": 6,
        "RECALC_MUST_TIME": 3,
        "DAMAGE_PANIC_TIME": 5,
        "DANGER_UP_POINT": 1.3,
        "MAX_AIMING_UPGRADE_BY_TIME": 0.25,
        "DAMAGE_TO_DISCARD_AIM_0_100": 1,
        "MIN_TIME_DISCARD_AIM_SEC": 0,
        "MAX_TIME_DISCARD_AIM_SEC": 0,
        "XZ_COEF": 0.2,
        "SHOOT_TO_CHANGE_PRIORITY": 5525,
        "BOTTOM_COEF": 0.1,
        "FIRST_CONTACT_ADD_SEC": 0.1,
        "FIRST_CONTACT_ADD_CHANCE_100": 80,
        "BASE_HIT_AFFECTION_DELAY_SEC": 0.27,
        "BASE_HIT_AFFECTION_MIN_ANG": 4,
        "BASE_HIT_AFFECTION_MAX_ANG": 8,
        "BASE_SHIEF": 0.05,
        "SCATTERING_HAVE_DAMAGE_COEF": 2,
        "SCATTERING_DIST_MODIF": 0.45,
        "SCATTERING_DIST_MODIF_CLOSE": 0.6,
        "AIMING_TYPE": 1,
        "DIST_TO_SHOOT_TO_CENTER": 3,
        "DIST_TO_SHOOT_NO_OFFSET": 3,
        "SHPERE_FRIENDY_FIRE_SIZE": -1,
        "COEF_IF_MOVE": 1,
        "TIME_COEF_IF_MOVE": 1.1,
        "BOT_MOVE_IF_DELTA": 3.01,
        "NEXT_SHOT_MISS_CHANCE_100": 100,
        "NEXT_SHOT_MISS_Y_OFFSET": 1,
        "ANYTIME_LIGHT_WHEN_AIM_100": -1,
        "ANY_PART_SHOOT_TIME": 15,
        "WEAPON_ROOT_OFFSET": 0.35,
        "MIN_DAMAGE_TO_GET_HIT_AFFETS": 1,
        "MAX_AIM_TIME": 1.5,
        "OFFSET_RECAL_ANYWAY_TIME": 1
      },
      "Look": {
        "OLD_TIME_POINT": 11,
        "WAIT_NEW_SENSOR": 2.1,
        "WAIT_NEW__LOOK_SENSOR": 7.8,
        "LOOK_AROUND_DELTA": 1.1,
        "MAX_VISION_GRASS_METERS": 0.8,
        "MAX_VISION_GRASS_METERS_FLARE": 8,
        "MAX_VISION_GRASS_METERS_OPT": 0.9090909,
        "MAX_VISION_GRASS_METERS_FLARE_OPT": 0.125,
        "LightOnVisionDistance": 40,
        "FAR_DISTANCE": 160,
        "FarDeltaTimeSec": 3,
        "MIDDLE_DIST": 90,
        "MiddleDeltaTimeSec": 1,
        "CloseDeltaTimeSec": 0.1,
        "POSIBLE_VISION_SPACE": 1.2,
        "GOAL_TO_FULL_DISSAPEAR": 1.1,
        "GOAL_TO_FULL_DISSAPEAR_SHOOT": 0.03,
        "BODY_DELTA_TIME_SEARCH_SEC": 1.7,
        "COME_TO_BODY_DIST": 1.2,
        "MARKSMAN_VISIBLE_DIST_COEF": 1.15,
        "VISIBLE_DISNACE_WITH_LIGHT": 95,
        "ENEMY_LIGHT_ADD": 43,
        "ENEMY_LIGHT_START_DIST": 90,
        "CAN_LOOK_TO_WALL": false,
        "DIST_NOT_TO_IGNORE_WALL": 15,
        "DIST_CHECK_WALL": 20,
        "LOOK_LAST_POSENEMY_IF_NO_DANGER_SEC": 25,
        "MIN_LOOK_AROUD_TIME": 20,
        "OPTIMIZE_TO_ONLY_BODY": true,
        "SELF_NIGHTVISION": true
      },
      "Shoot": {
        "RECOIL_TIME_NORMALIZE": 1,
        "RECOIL_PER_METER": 0.02,
        "MAX_RECOIL_PER_METER": 0.04,
        "HORIZONT_RECOIL_COEF": 0.04,
        "WAIT_NEXT_SINGLE_SHOT": 0.2,
        "WAIT_NEXT_SINGLE_SHOT_LONG_MAX": 3.3,
        "WAIT_NEXT_SINGLE_SHOT_LONG_MIN": 0.4,
        "MARKSMAN_DIST_SEK_COEF": 44,
        "FINGER_HOLD_SINGLE_SHOT": 0.14,
        "BASE_AUTOMATIC_TIME": 0.4,
        "AUTOMATIC_FIRE_SCATTERING_COEF": 1.1,
        "CHANCE_TO_CHANGE_TO_AUTOMATIC_FIRE_100": 100,
        "FAR_DIST_ENEMY": 20,
        "SHOOT_FROM_COVER": 6,
        "FAR_DIST_ENEMY_SQR": 400,
        "MAX_DIST_COEF": 1.35,
        "RECOIL_DELTA_PRESS": 0.15,
        "RUN_DIST_NO_AMMO": 25,
        "RUN_DIST_NO_AMMO_SQRT": 625,
        "CAN_SHOOTS_TIME_TO_AMBUSH": 600,
        "NOT_TO_SEE_ENEMY_TO_WANT_RELOAD_PERCENT": 0.5,
        "NOT_TO_SEE_ENEMY_TO_WANT_RELOAD_SEC": 2,
        "RELOAD_PECNET_NO_ENEMY": 0.6,
        "CHANCE_TO_CHANGE_WEAPON": 10,
        "CHANCE_TO_CHANGE_WEAPON_WITH_HELMET": 10,
        "LOW_DIST_TO_CHANGE_WEAPON": 6,
        "FAR_DIST_TO_CHANGE_WEAPON": 30,
        "SUPPRESS_BY_SHOOT_TIME": 6,
        "SUPPRESS_TRIGGERS_DOWN": 3,
        "USE_MELEE_COMBOS": true,
        "DIST_TO_HIT_MELEE": 2.25,
        "DIST_TO_HIT_MELEE_CONTINUE_COMBO": 1.75,
        "TRY_HIT_PERIOD_MELEE": 25,
        "DIST_TO_STOP_SPRINT_MELEE": 3,
        "MELEE_STOP_DIST": -0.75,
        "CHANGE_WEAPON_PERIOD": 1.5,
        "CHANGE_TO_MAIN_WEAPON_WHEN_PATROL": true,
        "VALIDATE_MALFUNCTION_CHANCE": 100,
        "REPAIR_MALFUNCTION_IMMEDIATE_CHANCE": 25,
        "DELAY_BEFORE_EXAMINE_MALFUNCTION": 0.5,
        "DELAY_BEFORE_FIX_MALFUNCTION": 0.5
      },
      "Move": {
        "BASE_ROTATE_SPEED": 270,
        "REACH_DIST": 0.5,
        "REACH_DIST_RUN": 0.8,
        "START_SLOW_DIST": 1.5,
        "BASESTART_SLOW_DIST": 1.1,
        "SLOW_COEF": 2,
        "DIST_TO_CAN_CHANGE_WAY": 8,
        "DIST_TO_START_RAYCAST": 15,
        "BASE_START_SERACH": 35,
        "UPDATE_TIME_RECAL_WAY": 7,
        "FAR_DIST": 4,
        "FAR_DIST_SQR": 16,
        "DIST_TO_CAN_CHANGE_WAY_SQR": 64,
        "DIST_TO_START_RAYCAST_SQR": 225,
        "BASE_SQRT_START_SERACH": 1225,
        "Y_APPROXIMATION": 0.7,
        "DELTA_LAST_SEEN_ENEMY": 20,
        "REACH_DIST_COVER": 2,
        "RUN_TO_COVER_MIN": 2,
        "CHANCE_TO_RUN_IF_NO_AMMO_0_100": 100,
        "RUN_IF_CANT_SHOOT": true,
        "RUN_IF_GAOL_FAR_THEN": 10,
        "SEC_TO_CHANGE_TO_RUN": 3,
        "ETERNITY_STAMINA": true
      },
      "Grenade": {
        "DELTA_NEXT_ATTEMPT_FROM_COVER": 5,
        "DELTA_NEXT_ATTEMPT": 10,
        "MIN_DIST_NOT_TO_THROW": 8,
        "NEAR_DELTA_THROW_TIME_SEC": 2,
        "MIN_THROW_GRENADE_DIST": 12,
        "MIN_THROW_GRENADE_DIST_SQRT": 144,
        "MIN_DIST_NOT_TO_THROW_SQR": 64,
        "RUN_AWAY": 22,
        "RUN_AWAY_SQR": 484,
        "ADD_GRENADE_AS_DANGER": 65,
        "ADD_GRENADE_AS_DANGER_SQR": 4225,
        "CHANCE_TO_NOTIFY_ENEMY_GR_100": 100,
        "GrenadePerMeter": 0.1,
        "REQUEST_DIST_MUST_THROW_SQRT": 4,
        "REQUEST_DIST_MUST_THROW": 2,
        "BEWARE_TYPE": 2,
        "SHOOT_TO_SMOKE_CHANCE_100": 50,
        "CHANCE_RUN_FLASHED_100": 100,
        "MAX_FLASHED_DIST_TO_SHOOT": 10,
        "MAX_FLASHED_DIST_TO_SHOOT_SQRT": 100,
        "FLASH_GRENADE_TIME_COEF": 0.1,
        "SIZE_SPOTTED_COEF": 2,
        "BE_ATTENTION_COEF": 4,
        "TIME_SHOOT_TO_FLASH": 4,
        "CLOSE_TO_SMOKE_TO_SHOOT": 10,
        "CLOSE_TO_SMOKE_TO_SHOOT_SQRT": 100,
        "CLOSE_TO_SMOKE_TIME_DELTA": 5,
        "SMOKE_CHECK_DELTA": 1,
        "DELTA_GRENADE_START_TIME": 0.01,
        "AMBUSH_IF_SMOKE_IN_ZONE_100": 40,
        "AMBUSH_IF_SMOKE_RETURN_TO_ATTACK_SEC": 30,
        "NO_RUN_FROM_AI_GRENADES": true,
        "CAN_THROW_FROM_ANY_PLACE": false,
        "MAX_THROW_POWER": 25,
        "MIN_THROW_DIST_PERCENT_0_1": 0.7,
        "GrenadePrecision": 0.05,
        "IGNORE_SMOKE_GRENADE": true,
        "STOP_WHEN_THROW_GRENADE": true,
        "WAIT_TIME_TURN_AWAY": 1.2,
        "SMOKE_SUPPRESS_DELTA": 20,
        "DAMAGE_GRENADE_SUPPRESS_DELTA": 8,
        "STUN_SUPPRESS_DELTA": 9,
        "CHEAT_START_GRENADE_PLACE": true,
        "CAN_THROW_STRAIGHT_CONTACT": true,
        "STRAIGHT_CONTACT_DELTA_SEC": 3,
        "ANG_TYPE": 1
      },
      "Change": {
        "SMOKE_VISION_DIST": 0.6,
        "SMOKE_GAIN_SIGHT": 1.6,
        "SMOKE_SCATTERING": 1.6,
        "SMOKE_PRECICING": 1.6,
        "SMOKE_HEARING": 1,
        "SMOKE_ACCURATY": 1.6,
        "SMOKE_LAY_CHANCE": 1.6,
        "FLASH_VISION_DIST": 0.05,
        "FLASH_GAIN_SIGHT": 1.8,
        "FLASH_SCATTERING": 1.6,
        "FLASH_PRECICING": 1.6,
        "FLASH_HEARING": 1,
        "FLASH_ACCURATY": 1.6,
        "FLASH_LAY_CHANCE": 1,
        "STUN_HEARING": 0.01
      },
      "Cover": {
        "RETURN_TO_ATTACK_AFTER_AMBUSH_MIN": 20,
        "RETURN_TO_ATTACK_AFTER_AMBUSH_MAX": 50,
        "SOUND_TO_GET_SPOTTED": 2,
        "TIME_TO_MOVE_TO_COVER": 15,
        "MAX_DIST_OF_COVER": 4,
        "CHANGE_RUN_TO_COVER_SEC": 5,
        "CHANGE_RUN_TO_COVER_SEC_GREANDE": 0.6,
        "MIN_DIST_TO_ENEMY": 9,
        "DIST_CANT_CHANGE_WAY": 5,
        "DIST_CHECK_SFETY": 9,
        "TIME_CHECK_SAFE": 2,
        "HIDE_TO_COVER_TIME": 1.5,
        "MAX_DIST_OF_COVER_SQR": 16,
        "DIST_CANT_CHANGE_WAY_SQR": 25,
        "SPOTTED_COVERS_RADIUS": 2.5,
        "LOOK_LAST_ENEMY_POS_MOVING": 1.5,
        "LOOK_TO_HIT_POINT_IF_LAST_ENEMY": 3,
        "LOOK_LAST_ENEMY_POS_LOOKAROUND": 45,
        "OFFSET_LOOK_ALONG_WALL_ANG": 20,
        "SPOTTED_GRENADE_RADIUS": 16,
        "MAX_SPOTTED_TIME_SEC": 20,
        "WAIT_INT_COVER_FINDING_ENEMY": 2,
        "CLOSE_DIST_POINT_SQRT": 4,
        "DELTA_SEEN_FROM_COVE_LAST_POS": 5,
        "MOVE_TO_COVER_WHEN_TARGET": false,
        "RUN_COVER_IF_CAN_AND_NO_ENEMIES": true,
        "SPOTTED_GRENADE_TIME": 7,
        "DEPENDS_Y_DIST_TO_BOT": true,
        "RUN_IF_FAR": 15,
        "RUN_IF_FAR_SQRT": 225,
        "STAY_IF_FAR": 25,
        "STAY_IF_FAR_SQRT": 625,
        "CHECK_COVER_ENEMY_LOOK": false,
        "SHOOT_NEAR_TO_LEAVE": 3,
        "SHOOT_NEAR_SEC_PERIOD": 1,
        "HITS_TO_LEAVE_COVER": 2,
        "HITS_TO_LEAVE_COVER_UNKNOWN": 2,
        "DOG_FIGHT_AFTER_LEAVE": 4,
        "NOT_LOOK_AT_WALL_IS_DANGER": true,
        "MIN_DEFENCE_LEVEL": 22,
        "GOOD_DIST_TO_POINT_COEF": 1.8,
        "ENEMY_DIST_TO_GO_OUT": 1
      },
      "Patrol": {
        "LOOK_TIME_BASE": 12,
        "RESERVE_TIME_STAY": 72,
        "FRIEND_SEARCH_SEC": 12,
        "TALK_DELAY": 1.1,
        "MIN_TALK_DELAY": 35,
        "TALK_DELAY_BIG": 45.1,
        "CHANGE_WAY_TIME": 325.1,
        "MIN_DIST_TO_CLOSE_TALK": 5,
        "VISION_DIST_COEF_PEACE": 0.95,
        "MIN_DIST_TO_CLOSE_TALK_SQR": 25,
        "CHANCE_TO_CUT_WAY_0_100": 75,
        "CUT_WAY_MIN_0_1": 0.4,
        "CUT_WAY_MAX_0_1": 0.65,
        "CHANCE_TO_CHANGE_WAY_0_100": 30,
        "CHANCE_TO_SHOOT_DEADBODY": 52,
        "SUSPETION_PLACE_LIFETIME": 7,
        "RESERVE_OUT_TIME": 60,
        "CLOSE_TO_SELECT_RESERV_WAY": 25,
        "MAX_YDIST_TO_START_WARN_REQUEST_TO_REQUESTER": 5,
        "FORCE_OPPONENT_TO_PEAEFUL": true,
        "CAN_CHECK_MAGAZINE": false
      },
      "Hearing": {
        "BOT_CLOSE_PANIC_DIST": 1,
        "CHANCE_TO_HEAR_SIMPLE_SOUND_0_1": 0.98,
        "DISPERSION_COEF": 10,
        "CLOSE_DIST": 10,
        "FAR_DIST": 20,
        "SOUND_DIR_DEEFREE": 30,
        "DIST_PLACE_TO_FIND_POINT": 70,
        "DEAD_BODY_SOUND_RAD": 30,
        "LOOK_ONLY_DANGER": false,
        "RESET_TIMER_DIST": 17,
        "HEAR_DELAY_WHEN_PEACE": 0,
        "HEAR_DELAY_WHEN_HAVE_SMT": 0,
        "LOOK_ONLY_DANGER_DELTA": 9
      },
      "Mind": {
        "MIN_SHOOTS_TIME": 2,
        "MAX_SHOOTS_TIME": 4,
        "TIME_TO_RUN_TO_COVER_CAUSE_SHOOT_SEC": 15,
        "DAMAGE_REDUCTION_TIME_SEC": 30,
        "MIN_DAMAGE_SCARE": 20,
        "CHANCE_TO_RUN_CAUSE_DAMAGE_0_100": 35,
        "TIME_TO_FORGOR_ABOUT_ENEMY_SEC": 52,
        "TIME_TO_FIND_ENEMY": 22,
        "MAX_AGGRO_BOT_DIST": 100,
        "HIT_POINT_DETECTION": 4,
        "DANGER_POINT_CHOOSE_COEF": 1,
        "SIMPLE_POINT_CHOOSE_COEF": 0.4,
        "LASTSEEN_POINT_CHOOSE_COEF": 0.2,
        "COVER_DIST_COEF": 1.5,
        "DIST_TO_FOUND_SQRT": 400,
        "MAX_AGGRO_BOT_DIST_SQR": 10000,
        "DIST_TO_STOP_RUN_ENEMY": 15,
        "ENEMY_LOOK_AT_ME_ANG": 15,
        "MIN_START_AGGRESION_COEF": 1,
        "MAX_START_AGGRESION_COEF": 3,
        "BULLET_FEEL_DIST": 160,
        "BULLET_FEEL_CLOSE_SDIST": 1,
        "ATTACK_IMMEDIATLY_CHANCE_0_100": 40,
        "CHANCE_FUCK_YOU_ON_CONTACT_100": 0.01,
        "FRIEND_DEAD_AGR_LOW": -0.2,
        "FRIEND_AGR_KILL": 0.2,
        "LAST_ENEMY_LOOK_TO": 40,
        "CAN_RECEIVE_PLAYER_REQUESTS_SAVAGE": false,
        "CAN_RECEIVE_PLAYER_REQUESTS_BEAR": false,
        "CAN_RECEIVE_PLAYER_REQUESTS_USEC": false,
        "IGNORE_TRAP": true,
        "CAN_USE_MEDS": true,
        "SUSPETION_POINT_CHANCE_ADD100": 0,
        "AMBUSH_WHEN_UNDER_FIRE": true,
        "AMBUSH_WHEN_UNDER_FIRE_TIME_RESIST": 60,
        "ATTACK_ENEMY_IF_PROTECT_DELTA_LAST_TIME_SEEN": 1.5,
        "HOLD_IF_PROTECT_DELTA_LAST_TIME_SEEN": 8.5,
        "FIND_COVER_TO_GET_POSITION_WITH_SHOOT": 2,
        "PROTECT_TIME_REAL": true,
        "CHANCE_SHOOT_WHEN_WARN_PLAYER_100": 25,
        "CAN_PANIC_IS_PROTECT": false,
        "NO_RUN_AWAY_FOR_SAFE": false,
        "PART_PERCENT_TO_HEAL": 0.65,
        "PROTECT_DELTA_HEAL_SEC": 10,
        "CAN_STAND_BY": true,
        "CAN_THROW_REQUESTS": true,
        "GROUP_ANY_PHRASE_DELAY": 5,
        "GROUP_EXACTLY_PHRASE_DELAY": 30,
        "DIST_TO_ENEMY_YO_CAN_HEAL": 30,
        "CHANCE_TO_STAY_WHEN_WARN_PLAYER_100": 80,
        "DOG_FIGHT_OUT": 6,
        "DOG_FIGHT_IN": 3,
        "SHOOT_INSTEAD_DOG_FIGHT": 9,
        "PISTOL_SHOTGUN_AMBUSH_DIST": 30,
        "STANDART_AMBUSH_DIST": 100,
        "AI_POWER_COEF": 120,
        "COVER_SECONDS_AFTER_LOSE_VISION": 10,
        "COVER_SELF_ALWAYS_IF_DAMAGED": false,
        "SEC_TO_MORE_DIST_TO_RUN": 10,
        "HEAL_DELAY_SEC": 5,
        "HIT_DELAY_WHEN_HAVE_SMT": -1,
        "HIT_DELAY_WHEN_PEACE": -1,
        "CAN_TAKE_ITEMS": false,
        "TALK_WITH_QUERY": true,
        "CAN_EXECUTE_REQUESTS": false,
        "CHANCE_TO_IGNORE_TRIPWIRE": 100,
        "IGNORE_DANGER_PLACES": true,
        "GRENADE_DAMAGE_IGNORE": true,
        "DEFAULT_SAVAGE_BEHAVIOUR": "Warn",
        "DEFAULT_BEAR_BEHAVIOUR": "AlwaysEnemies",
        "DEFAULT_USEC_BEHAVIOUR": "AlwaysEnemies",
        "FRIENDLY_BOT_TYPES": [
          "bossKilla",
          "assault"
        ],
        "WARN_BOT_TYPES": [],
        "ENEMY_BOT_TYPES": [
          "pmcBEAR",
          "pmcUSEC"
        ]
      },
      "Boss": {
        "TAGILLA_MELEE_ATTACK_NEXT_DECISION_PERIOD": 6,
        "BOSS_DIST_TO_WARNING": 15,
        "BOSS_DIST_TO_WARNING_SQRT": 225,
        "BOSS_DIST_TO_WARNING_USEC": 15,
        "BOSS_DIST_TO_WARNING_SQRT_USEC": 225,
        "BOSS_DIST_TO_WARNING_BEAR": 15,
        "BOSS_DIST_TO_WARNING_SQRT_BEAR": 225,
        "BOSS_DIST_TO_WARNING_OUT": 20,
        "BOSS_DIST_TO_WARNING_OUT_SQRT": 400,
        "BOSS_DIST_TO_SHOOT": 5,
        "BOSS_DIST_TO_SHOOT_SQRT": 25,
        "TAGILLA_MELEE_ATTACK_IF_NO_SHOOT": 15,
        "TAGILLA_FIRST_ASSAULT_RADIUS": 30,
        "TAGILLA_SECOND_ASSAULT_RADIUS": 30,
        "TAGILLA_FIRST_ASSAULT_CHANCE": 110,
        "TAGILLA_SECOND_ASSAULT_CHANCE": 110,
        "TAGILLA_FORCED_CLOSE_ATTACK_DIST": 2,
        "CHANCE_TO_SEND_GRENADE_100": 100,
        "MAX_DIST_COVER_BOSS": 25,
        "MAX_DIST_COVER_BOSS_SQRT": 625,
        "MAX_DIST_DECIDER_TO_SEND": 35,
        "MAX_DIST_DECIDER_TO_SEND_SQRT": 1225,
        "TIME_AFTER_LOSE": 15,
        "TIME_AFTER_LOSE_DELTA": 60,
        "PERSONS_SEND": 2,
        "DELTA_SEARCH_TIME": 18,
        "COVER_TO_SEND": true,
        "WAIT_NO_ATTACK_SAVAGE": 1,
        "CHANCE_USE_RESERVE_PATROL_100": 30,
        "KILLA_Y_DELTA_TO_BE_ENEMY_BOSS": 5,
        "KILLA_DITANCE_TO_BE_ENEMY_BOSS": 45,
        "KILLA_START_SEARCH_SEC": 40,
        "KILLA_CONTUTION_TIME": 5,
        "KILLA_CLOSE_ATTACK_DIST": 8,
        "KILLA_MIDDLE_ATTACK_DIST": 22,
        "KILLA_LARGE_ATTACK_DIST": 41,
        "KILLA_SEARCH_METERS": 20,
        "KILLA_DEF_DIST_SQRT": 225,
        "KILLA_SEARCH_SEC_STOP_AFTER_COMING": 25,
        "KILLA_DIST_TO_GO_TO_SUPPRESS": 6,
        "KILLA_AFTER_GRENADE_SUPPRESS_DELAY": 2,
        "KILLA_CLOSEATTACK_TIMES": 4,
        "KILLA_CLOSEATTACK_DELAY": -1,
        "KILLA_HOLD_DELAY": 5,
        "KILLA_BULLET_TO_RELOAD": 15,
        "SHALL_WARN": true,
        "KOJANIY_DIST_WHEN_READY": 40,
        "KOJANIY_DIST_TO_BE_ENEMY": 200,
        "KOJANIY_MIN_DIST_TO_LOOT": 20,
        "KOJANIY_MIN_DIST_TO_LOOT_SQRT": 400,
        "KOJANIY_DIST_ENEMY_TOO_CLOSE": 17,
        "KOJANIY_MANY_ENEMIES_COEF": 1.5,
        "KILLA_ENEMIES_TO_ATTACK": 3,
        "KILLA_ONE_IS_CLOSE": 30,
        "KILLA_TRIGGER_DOWN_DELAY": 1,
        "KILLA_WAIT_IN_COVER_COEF": 1,
        "TAGILLA_MELEE_CHANCE_RELOAD": 75,
        "TAGILLA_MELEE_CHANCE_INTERACTION": 75,
        "TAGILLA_MELEE_CHANCE_INVENTORY": 75,
        "TAGILLA_MELEE_CHANCE_MEDS": 75,
        "TAGILLA_MELEE_CHANCE_FORCED": 75,
        "EFFECT_REGENERATION_PER_MIN": 60,
        "EFFECT_PAINKILLER": true
      },
      "Core": {
        "VisibleAngle": 180,
        "VisibleDistance": 137,
        "GainSightCoef": 2,
        "ScatteringPerMeter": 0.1,
        "ScatteringClosePerMeter": 0.1,
        "DamageCoeff": 1,
        "HearingSense": 3.95,
        "CanRun": true,
        "CanGrenade": true,
        "AimingType": "normal",
        "PistolFireDistancePref": 35,
        "ShotgunFireDistancePref": 50,
        "RifleFireDistancePref": 100,
        "AccuratySpeed": 0.2,
        "WaitInCoverBetweenShotsSec": 1,
        "START_DIST_TO_COV": 50
      },
      "Scattering": {
        "MinScatter": 0.03,
        "WorkingScatter": 0.15,
        "MaxScatter": 0.4,
        "SpeedUp": 0.3,
        "SpeedUpAim": 1.4,
        "SpeedDown": -0.3,
        "ToSlowBotSpeed": 1.5,
        "ToLowBotSpeed": 2.4,
        "ToUpBotSpeed": 3.6,
        "MovingSlowCoef": 1.5,
        "ToLowBotAngularSpeed": 80,
        "ToStopBotAngularSpeed": 40,
        "FromShot": 0.001,
        "TracerCoef": 1.3,
        "HandDamageScatteringMinMax": 0.7,
        "HandDamageAccuracySpeed": 1.3,
        "BloodFall": 1.45,
        "Caution": 0.3,
        "ToCaution": 0.6,
        "RecoilControlCoefShootDone": 0.0003,
        "RecoilControlCoefShootDoneAuto": 0.00015,
        "AMPLITUDE_FACTOR": 0.25,
        "AMPLITUDE_SPEED": 0.1,
        "DIST_FROM_OLD_POINT_TO_NOT_AIM": 15,
        "DIST_FROM_OLD_POINT_TO_NOT_AIM_SQRT": 225,
        "DIST_NOT_TO_SHOOT": 0.3,
        "PoseChnageCoef": 0.1,
        "LayFactor": 0.1,
        "RecoilYCoef": 0.0005,
        "RecoilYCoefSppedDown": -0.52,
        "RecoilYMax": 1
      }
    },
    "hard": {
      "Lay": {
        "CHECK_SHOOT_WHEN_LAYING": false,
        "DELTA_LAY_CHECK": 2,
        "DELTA_GETUP": 2.7,
        "DELTA_AFTER_GETUP": 10,
        "CLEAR_POINTS_OF_SCARE_SEC": 20,
        "MAX_LAY_TIME": 35,
        "DELTA_WANT_LAY_CHECL_SEC": 5,
        "ATTACK_LAY_CHANCE": 25,
        "DIST_TO_COVER_TO_LAY": 3.5,
        "DIST_TO_COVER_TO_LAY_SQRT": 12.25,
        "DIST_GRASS_TERRAIN_SQRT": 0.160000011,
        "DIST_ENEMY_NULL_DANGER_LAY": 15,
        "DIST_ENEMY_NULL_DANGER_LAY_SQRT": 225,
        "DIST_ENEMY_GETUP_LAY": 10,
        "DIST_ENEMY_GETUP_LAY_SQRT": 100,
        "DIST_ENEMY_CAN_LAY": 15,
        "DIST_ENEMY_CAN_LAY_SQRT": 225,
        "LAY_AIM": 0.6,
        "MIN_CAN_LAY_DIST_SQRT": 121,
        "MIN_CAN_LAY_DIST": 11,
        "MAX_CAN_LAY_DIST_SQRT": 40000,
        "MAX_CAN_LAY_DIST": 200,
        "LAY_CHANCE_DANGER": 40,
        "DAMAGE_TIME_TO_GETUP": 3
      },
      "Aiming": {
        "MAX_AIM_PRECICING": 2,
        "BETTER_PRECICING_COEF": 0.9,
        "RECALC_DIST": 0.7,
        "RECALC_SQR_DIST": 0.48999998,
        "COEF_FROM_COVER": 0.85,
        "PANIC_COEF": 1.2,
        "PANIC_ACCURATY_COEF": 1.2,
        "HARD_AIM": 0.75,
        "PANIC_TIME": 6,
        "RECALC_MUST_TIME": 3,
        "DAMAGE_PANIC_TIME": 5,
        "DANGER_UP_POINT": 1.3,
        "MAX_AIMING_UPGRADE_BY_TIME": 0.25,
        "DAMAGE_TO_DISCARD_AIM_0_100": 1,
        "MIN_TIME_DISCARD_AIM_SEC": 0,
        "MAX_TIME_DISCARD_AIM_SEC": 0,
        "XZ_COEF": 0.2,
        "SHOOT_TO_CHANGE_PRIORITY": 5525,
        "BOTTOM_COEF": 0.1,
        "FIRST_CONTACT_ADD_SEC": 0.1,
        "FIRST_CONTACT_ADD_CHANCE_100": 80,
        "BASE_HIT_AFFECTION_DELAY_SEC": 0.27,
        "BASE_HIT_AFFECTION_MIN_ANG": 4,
        "BASE_HIT_AFFECTION_MAX_ANG": 8,
        "BASE_SHIEF": 0.05,
        "SCATTERING_HAVE_DAMAGE_COEF": 2,
        "SCATTERING_DIST_MODIF": 0.45,
        "SCATTERING_DIST_MODIF_CLOSE": 0.6,
        "AIMING_TYPE": 1,
        "DIST_TO_SHOOT_TO_CENTER": 3,
        "DIST_TO_SHOOT_NO_OFFSET": 3,
        "SHPERE_FRIENDY_FIRE_SIZE": -1,
        "COEF_IF_MOVE": 1,
        "TIME_COEF_IF_MOVE": 1.1,
        "BOT_MOVE_IF_DELTA": 3.01,
        "NEXT_SHOT_MISS_CHANCE_100": 100,
        "NEXT_SHOT_MISS_Y_OFFSET": 1,
        "ANYTIME_LIGHT_WHEN_AIM_100": -1,
        "ANY_PART_SHOOT_TIME": 15,
        "WEAPON_ROOT_OFFSET": 0.35,
        "MIN_DAMAGE_TO_GET_HIT_AFFETS": 1,
        "MAX_AIM_TIME": 1.5,
        "OFFSET_RECAL_ANYWAY_TIME": 1
      },
      "Look": {
        "OLD_TIME_POINT": 11,
        "WAIT_NEW_SENSOR": 2.1,
        "WAIT_NEW__LOOK_SENSOR": 7.8,
        "LOOK_AROUND_DELTA": 1.1,
        "MAX_VISION_GRASS_METERS": 0.8,
        "MAX_VISION_GRASS_METERS_FLARE": 8,
        "MAX_VISION_GRASS_METERS_OPT": 0.9090909,
        "MAX_VISION_GRASS_METERS_FLARE_OPT": 0.125,
        "LightOnVisionDistance": 40,
        "FAR_DISTANCE": 160,
        "FarDeltaTimeSec": 3,
        "MIDDLE_DIST": 90,
        "MiddleDeltaTimeSec": 1,
        "CloseDeltaTimeSec": 0.1,
        "POSIBLE_VISION_SPACE": 1.2,
        "GOAL_TO_FULL_DISSAPEAR": 1.1,
        "GOAL_TO_FULL_DISSAPEAR_SHOOT": 0.03,
        "BODY_DELTA_TIME_SEARCH_SEC": 1.7,
        "COME_TO_BODY_DIST": 1.2,
        "MARKSMAN_VISIBLE_DIST_COEF": 1.15,
        "VISIBLE_DISNACE_WITH_LIGHT": 95,
        "ENEMY_LIGHT_ADD": 43,
        "ENEMY_LIGHT_START_DIST": 90,
        "CAN_LOOK_TO_WALL": false,
        "DIST_NOT_TO_IGNORE_WALL": 15,
        "DIST_CHECK_WALL": 20,
        "LOOK_LAST_POSENEMY_IF_NO_DANGER_SEC": 25,
        "MIN_LOOK_AROUD_TIME": 20,
        "OPTIMIZE_TO_ONLY_BODY": true,
        "SELF_NIGHTVISION": true
      },
      "Shoot": {
        "RECOIL_TIME_NORMALIZE": 1,
        "RECOIL_PER_METER": 0.02,
        "MAX_RECOIL_PER_METER": 0.04,
        "HORIZONT_RECOIL_COEF": 0.04,
        "WAIT_NEXT_SINGLE_SHOT": 0.2,
        "WAIT_NEXT_SINGLE_SHOT_LONG_MAX": 3.3,
        "WAIT_NEXT_SINGLE_SHOT_LONG_MIN": 0.4,
        "MARKSMAN_DIST_SEK_COEF": 44,
        "FINGER_HOLD_SINGLE_SHOT": 0.14,
        "BASE_AUTOMATIC_TIME": 0.4,
        "AUTOMATIC_FIRE_SCATTERING_COEF": 1.1,
        "CHANCE_TO_CHANGE_TO_AUTOMATIC_FIRE_100": 100,
        "FAR_DIST_ENEMY": 20,
        "SHOOT_FROM_COVER": 6,
        "FAR_DIST_ENEMY_SQR": 400,
        "MAX_DIST_COEF": 1.35,
        "RECOIL_DELTA_PRESS": 0.15,
        "RUN_DIST_NO_AMMO": 25,
        "RUN_DIST_NO_AMMO_SQRT": 625,
        "CAN_SHOOTS_TIME_TO_AMBUSH": 600,
        "NOT_TO_SEE_ENEMY_TO_WANT_RELOAD_PERCENT": 0.5,
        "NOT_TO_SEE_ENEMY_TO_WANT_RELOAD_SEC": 2,
        "RELOAD_PECNET_NO_ENEMY": 0.6,
        "CHANCE_TO_CHANGE_WEAPON": 10,
        "CHANCE_TO_CHANGE_WEAPON_WITH_HELMET": 10,
        "LOW_DIST_TO_CHANGE_WEAPON": 6,
        "FAR_DIST_TO_CHANGE_WEAPON": 30,
        "SUPPRESS_BY_SHOOT_TIME": 6,
        "SUPPRESS_TRIGGERS_DOWN": 3,
        "USE_MELEE_COMBOS": true,
        "DIST_TO_HIT_MELEE": 2.25,
        "DIST_TO_HIT_MELEE_CONTINUE_COMBO": 1.75,
        "TRY_HIT_PERIOD_MELEE": 25,
        "DIST_TO_STOP_SPRINT_MELEE": 3,
        "MELEE_STOP_DIST": -0.75,
        "CHANGE_WEAPON_PERIOD": 1.5,
        "CHANGE_TO_MAIN_WEAPON_WHEN_PATROL": true,
        "VALIDATE_MALFUNCTION_CHANCE": 100,
        "REPAIR_MALFUNCTION_IMMEDIATE_CHANCE": 25,
        "DELAY_BEFORE_EXAMINE_MALFUNCTION": 0.5,
        "DELAY_BEFORE_FIX_MALFUNCTION": 0.5
      },
      "Move": {
        "BASE_ROTATE_SPEED": 270,
        "REACH_DIST": 0.5,
        "REACH_DIST_RUN": 0.8,
        "START_SLOW_DIST": 1.5,
        "BASESTART_SLOW_DIST": 1.1,
        "SLOW_COEF": 2,
        "DIST_TO_CAN_CHANGE_WAY": 8,
        "DIST_TO_START_RAYCAST": 15,
        "BASE_START_SERACH": 35,
        "UPDATE_TIME_RECAL_WAY": 7,
        "FAR_DIST": 4,
        "FAR_DIST_SQR": 16,
        "DIST_TO_CAN_CHANGE_WAY_SQR": 64,
        "DIST_TO_START_RAYCAST_SQR": 225,
        "BASE_SQRT_START_SERACH": 1225,
        "Y_APPROXIMATION": 0.7,
        "DELTA_LAST_SEEN_ENEMY": 20,
        "REACH_DIST_COVER": 2,
        "RUN_TO_COVER_MIN": 2,
        "CHANCE_TO_RUN_IF_NO_AMMO_0_100": 100,
        "RUN_IF_CANT_SHOOT": true,
        "RUN_IF_GAOL_FAR_THEN": 10,
        "SEC_TO_CHANGE_TO_RUN": 3,
        "ETERNITY_STAMINA": true
      },
      "Grenade": {
        "DELTA_NEXT_ATTEMPT_FROM_COVER": 5,
        "DELTA_NEXT_ATTEMPT": 10,
        "MIN_DIST_NOT_TO_THROW": 8,
        "NEAR_DELTA_THROW_TIME_SEC": 2,
        "MIN_THROW_GRENADE_DIST": 12,
        "MIN_THROW_GRENADE_DIST_SQRT": 144,
        "MIN_DIST_NOT_TO_THROW_SQR": 64,
        "RUN_AWAY": 22,
        "RUN_AWAY_SQR": 484,
        "ADD_GRENADE_AS_DANGER": 65,
        "ADD_GRENADE_AS_DANGER_SQR": 4225,
        "CHANCE_TO_NOTIFY_ENEMY_GR_100": 100,
        "GrenadePerMeter": 0.1,
        "REQUEST_DIST_MUST_THROW_SQRT": 4,
        "REQUEST_DIST_MUST_THROW": 2,
        "BEWARE_TYPE": 2,
        "SHOOT_TO_SMOKE_CHANCE_100": 50,
        "CHANCE_RUN_FLASHED_100": 100,
        "MAX_FLASHED_DIST_TO_SHOOT": 10,
        "MAX_FLASHED_DIST_TO_SHOOT_SQRT": 100,
        "FLASH_GRENADE_TIME_COEF": 0.1,
        "SIZE_SPOTTED_COEF": 2,
        "BE_ATTENTION_COEF": 4,
        "TIME_SHOOT_TO_FLASH": 4,
        "CLOSE_TO_SMOKE_TO_SHOOT": 10,
        "CLOSE_TO_SMOKE_TO_SHOOT_SQRT": 100,
        "CLOSE_TO_SMOKE_TIME_DELTA": 5,
        "SMOKE_CHECK_DELTA": 1,
        "DELTA_GRENADE_START_TIME": 0.01,
        "AMBUSH_IF_SMOKE_IN_ZONE_100": 40,
        "AMBUSH_IF_SMOKE_RETURN_TO_ATTACK_SEC": 30,
        "NO_RUN_FROM_AI_GRENADES": true,
        "CAN_THROW_FROM_ANY_PLACE": false,
        "MAX_THROW_POWER": 25,
        "MIN_THROW_DIST_PERCENT_0_1": 0.7,
        "GrenadePrecision": 0.05,
        "IGNORE_SMOKE_GRENADE": true,
        "STOP_WHEN_THROW_GRENADE": true,
        "WAIT_TIME_TURN_AWAY": 1.2,
        "SMOKE_SUPPRESS_DELTA": 20,
        "DAMAGE_GRENADE_SUPPRESS_DELTA": 8,
        "STUN_SUPPRESS_DELTA": 9,
        "CHEAT_START_GRENADE_PLACE": true,
        "CAN_THROW_STRAIGHT_CONTACT": true,
        "STRAIGHT_CONTACT_DELTA_SEC": 3,
        "ANG_TYPE": 1
      },
      "Change": {
        "SMOKE_VISION_DIST": 0.6,
        "SMOKE_GAIN_SIGHT": 1.6,
        "SMOKE_SCATTERING": 1.6,
        "SMOKE_PRECICING": 1.6,
        "SMOKE_HEARING": 1,
        "SMOKE_ACCURATY": 1.6,
        "SMOKE_LAY_CHANCE": 1.6,
        "FLASH_VISION_DIST": 0.05,
        "FLASH_GAIN_SIGHT": 1.8,
        "FLASH_SCATTERING": 1.6,
        "FLASH_PRECICING": 1.6,
        "FLASH_HEARING": 1,
        "FLASH_ACCURATY": 1.6,
        "FLASH_LAY_CHANCE": 1,
        "STUN_HEARING": 0.01
      },
      "Cover": {
        "RETURN_TO_ATTACK_AFTER_AMBUSH_MIN": 20,
        "RETURN_TO_ATTACK_AFTER_AMBUSH_MAX": 50,
        "SOUND_TO_GET_SPOTTED": 2,
        "TIME_TO_MOVE_TO_COVER": 15,
        "MAX_DIST_OF_COVER": 4,
        "CHANGE_RUN_TO_COVER_SEC": 5,
        "CHANGE_RUN_TO_COVER_SEC_GREANDE": 0.6,
        "MIN_DIST_TO_ENEMY": 9,
        "DIST_CANT_CHANGE_WAY": 5,
        "DIST_CHECK_SFETY": 9,
        "TIME_CHECK_SAFE": 2,
        "HIDE_TO_COVER_TIME": 1.5,
        "MAX_DIST_OF_COVER_SQR": 16,
        "DIST_CANT_CHANGE_WAY_SQR": 25,
        "SPOTTED_COVERS_RADIUS": 2.5,
        "LOOK_LAST_ENEMY_POS_MOVING": 1.5,
        "LOOK_TO_HIT_POINT_IF_LAST_ENEMY": 3,
        "LOOK_LAST_ENEMY_POS_LOOKAROUND": 45,
        "OFFSET_LOOK_ALONG_WALL_ANG": 20,
        "SPOTTED_GRENADE_RADIUS": 16,
        "MAX_SPOTTED_TIME_SEC": 20,
        "WAIT_INT_COVER_FINDING_ENEMY": 2,
        "CLOSE_DIST_POINT_SQRT": 4,
        "DELTA_SEEN_FROM_COVE_LAST_POS": 5,
        "MOVE_TO_COVER_WHEN_TARGET": false,
        "RUN_COVER_IF_CAN_AND_NO_ENEMIES": true,
        "SPOTTED_GRENADE_TIME": 7,
        "DEPENDS_Y_DIST_TO_BOT": true,
        "RUN_IF_FAR": 15,
        "RUN_IF_FAR_SQRT": 225,
        "STAY_IF_FAR": 25,
        "STAY_IF_FAR_SQRT": 625,
        "CHECK_COVER_ENEMY_LOOK": false,
        "SHOOT_NEAR_TO_LEAVE": 3,
        "SHOOT_NEAR_SEC_PERIOD": 1,
        "HITS_TO_LEAVE_COVER": 2,
        "HITS_TO_LEAVE_COVER_UNKNOWN": 2,
        "DOG_FIGHT_AFTER_LEAVE": 4,
        "NOT_LOOK_AT_WALL_IS_DANGER": true,
        "MIN_DEFENCE_LEVEL": 22,
        "GOOD_DIST_TO_POINT_COEF": 1.8,
        "ENEMY_DIST_TO_GO_OUT": 1
      },
      "Patrol": {
        "LOOK_TIME_BASE": 12,
        "RESERVE_TIME_STAY": 72,
        "FRIEND_SEARCH_SEC": 12,
        "TALK_DELAY": 1.1,
        "MIN_TALK_DELAY": 35,
        "TALK_DELAY_BIG": 45.1,
        "CHANGE_WAY_TIME": 325.1,
        "MIN_DIST_TO_CLOSE_TALK": 5,
        "VISION_DIST_COEF_PEACE": 0.95,
        "MIN_DIST_TO_CLOSE_TALK_SQR": 25,
        "CHANCE_TO_CUT_WAY_0_100": 75,
        "CUT_WAY_MIN_0_1": 0.4,
        "CUT_WAY_MAX_0_1": 0.65,
        "CHANCE_TO_CHANGE_WAY_0_100": 30,
        "CHANCE_TO_SHOOT_DEADBODY": 52,
        "SUSPETION_PLACE_LIFETIME": 7,
        "RESERVE_OUT_TIME": 60,
        "CLOSE_TO_SELECT_RESERV_WAY": 25,
        "MAX_YDIST_TO_START_WARN_REQUEST_TO_REQUESTER": 5,
        "FORCE_OPPONENT_TO_PEAEFUL": true,
        "CAN_CHECK_MAGAZINE": false
      },
      "Hearing": {
        "BOT_CLOSE_PANIC_DIST": 1,
        "CHANCE_TO_HEAR_SIMPLE_SOUND_0_1": 0.98,
        "DISPERSION_COEF": 10,
        "CLOSE_DIST": 10,
        "FAR_DIST": 20,
        "SOUND_DIR_DEEFREE": 30,
        "DIST_PLACE_TO_FIND_POINT": 70,
        "DEAD_BODY_SOUND_RAD": 30,
        "LOOK_ONLY_DANGER": false,
        "RESET_TIMER_DIST": 17,
        "HEAR_DELAY_WHEN_PEACE": 0,
        "HEAR_DELAY_WHEN_HAVE_SMT": 0,
        "LOOK_ONLY_DANGER_DELTA": 9
      },
      "Mind": {
        "MIN_SHOOTS_TIME": 2,
        "MAX_SHOOTS_TIME": 4,
        "TIME_TO_RUN_TO_COVER_CAUSE_SHOOT_SEC": 15,
        "DAMAGE_REDUCTION_TIME_SEC": 30,
        "MIN_DAMAGE_SCARE": 20,
        "CHANCE_TO_RUN_CAUSE_DAMAGE_0_100": 35,
        "TIME_TO_FORGOR_ABOUT_ENEMY_SEC": 52,
        "TIME_TO_FIND_ENEMY": 22,
        "MAX_AGGRO_BOT_DIST": 100,
        "HIT_POINT_DETECTION": 4,
        "DANGER_POINT_CHOOSE_COEF": 1,
        "SIMPLE_POINT_CHOOSE_COEF": 0.4,
        "LASTSEEN_POINT_CHOOSE_COEF": 0.2,
        "COVER_DIST_COEF": 1.5,
        "DIST_TO_FOUND_SQRT": 400,
        "MAX_AGGRO_BOT_DIST_SQR": 10000,
        "DIST_TO_STOP_RUN_ENEMY": 15,
        "ENEMY_LOOK_AT_ME_ANG": 15,
        "MIN_START_AGGRESION_COEF": 1,
        "MAX_START_AGGRESION_COEF": 3,
        "BULLET_FEEL_DIST": 160,
        "BULLET_FEEL_CLOSE_SDIST": 1,
        "ATTACK_IMMEDIATLY_CHANCE_0_100": 40,
        "CHANCE_FUCK_YOU_ON_CONTACT_100": 0.01,
        "FRIEND_DEAD_AGR_LOW": -0.2,
        "FRIEND_AGR_KILL": 0.2,
        "LAST_ENEMY_LOOK_TO": 40,
        "CAN_RECEIVE_PLAYER_REQUESTS_SAVAGE": false,
        "CAN_RECEIVE_PLAYER_REQUESTS_BEAR": false,
        "CAN_RECEIVE_PLAYER_REQUESTS_USEC": false,
        "IGNORE_TRAP": true,
        "CAN_USE_MEDS": true,
        "SUSPETION_POINT_CHANCE_ADD100": 0,
        "AMBUSH_WHEN_UNDER_FIRE": true,
        "AMBUSH_WHEN_UNDER_FIRE_TIME_RESIST": 60,
        "ATTACK_ENEMY_IF_PROTECT_DELTA_LAST_TIME_SEEN": 1.5,
        "HOLD_IF_PROTECT_DELTA_LAST_TIME_SEEN": 8.5,
        "FIND_COVER_TO_GET_POSITION_WITH_SHOOT": 2,
        "PROTECT_TIME_REAL": true,
        "CHANCE_SHOOT_WHEN_WARN_PLAYER_100": 25,
        "CAN_PANIC_IS_PROTECT": false,
        "NO_RUN_AWAY_FOR_SAFE": false,
        "PART_PERCENT_TO_HEAL": 0.65,
        "PROTECT_DELTA_HEAL_SEC": 10,
        "CAN_STAND_BY": true,
        "CAN_THROW_REQUESTS": true,
        "GROUP_ANY_PHRASE_DELAY": 5,
        "GROUP_EXACTLY_PHRASE_DELAY": 30,
        "DIST_TO_ENEMY_YO_CAN_HEAL": 30,
        "CHANCE_TO_STAY_WHEN_WARN_PLAYER_100": 80,
        "DOG_FIGHT_OUT": 6,
        "DOG_FIGHT_IN": 3,
        "SHOOT_INSTEAD_DOG_FIGHT": 9,
        "PISTOL_SHOTGUN_AMBUSH_DIST": 30,
        "STANDART_AMBUSH_DIST": 100,
        "AI_POWER_COEF": 120,
        "COVER_SECONDS_AFTER_LOSE_VISION": 10,
        "COVER_SELF_ALWAYS_IF_DAMAGED": false,
        "SEC_TO_MORE_DIST_TO_RUN": 10,
        "HEAL_DELAY_SEC": 5,
        "HIT_DELAY_WHEN_HAVE_SMT": -1,
        "HIT_DELAY_WHEN_PEACE": -1,
        "CAN_TAKE_ITEMS": false,
        "TALK_WITH_QUERY": true,
        "CAN_EXECUTE_REQUESTS": false,
        "CHANCE_TO_IGNORE_TRIPWIRE": 100,
        "IGNORE_DANGER_PLACES": true,
        "GRENADE_DAMAGE_IGNORE": true,
        "DEFAULT_SAVAGE_BEHAVIOUR": "Warn",
        "DEFAULT_BEAR_BEHAVIOUR": "AlwaysEnemies",
        "DEFAULT_USEC_BEHAVIOUR": "AlwaysEnemies",
        "FRIENDLY_BOT_TYPES": [
          "bossKilla",
          "assault"
        ],
        "WARN_BOT_TYPES": [],
        "ENEMY_BOT_TYPES": [
          "pmcBEAR",
          "pmcUSEC"
        ]
      },
      "Boss": {
        "TAGILLA_MELEE_ATTACK_NEXT_DECISION_PERIOD": 6,
        "BOSS_DIST_TO_WARNING": 15,
        "BOSS_DIST_TO_WARNING_SQRT": 225,
        "BOSS_DIST_TO_WARNING_USEC": 15,
        "BOSS_DIST_TO_WARNING_SQRT_USEC": 225,
        "BOSS_DIST_TO_WARNING_BEAR": 15,
        "BOSS_DIST_TO_WARNING_SQRT_BEAR": 225,
        "BOSS_DIST_TO_WARNING_OUT": 20,
        "BOSS_DIST_TO_WARNING_OUT_SQRT": 400,
        "BOSS_DIST_TO_SHOOT": 5,
        "BOSS_DIST_TO_SHOOT_SQRT": 25,
        "TAGILLA_MELEE_ATTACK_IF_NO_SHOOT": 15,
        "TAGILLA_FIRST_ASSAULT_RADIUS": 30,
        "TAGILLA_SECOND_ASSAULT_RADIUS": 30,
        "TAGILLA_FIRST_ASSAULT_CHANCE": 110,
        "TAGILLA_SECOND_ASSAULT_CHANCE": 110,
        "TAGILLA_FORCED_CLOSE_ATTACK_DIST": 2,
        "CHANCE_TO_SEND_GRENADE_100": 100,
        "MAX_DIST_COVER_BOSS": 25,
        "MAX_DIST_COVER_BOSS_SQRT": 625,
        "MAX_DIST_DECIDER_TO_SEND": 35,
        "MAX_DIST_DECIDER_TO_SEND_SQRT": 1225,
        "TIME_AFTER_LOSE": 15,
        "TIME_AFTER_LOSE_DELTA": 60,
        "PERSONS_SEND": 2,
        "DELTA_SEARCH_TIME": 18,
        "COVER_TO_SEND": true,
        "WAIT_NO_ATTACK_SAVAGE": 1,
        "CHANCE_USE_RESERVE_PATROL_100": 30,
        "KILLA_Y_DELTA_TO_BE_ENEMY_BOSS": 5,
        "KILLA_DITANCE_TO_BE_ENEMY_BOSS": 45,
        "KILLA_START_SEARCH_SEC": 40,
        "KILLA_CONTUTION_TIME": 5,
        "KILLA_CLOSE_ATTACK_DIST": 8,
        "KILLA_MIDDLE_ATTACK_DIST": 22,
        "KILLA_LARGE_ATTACK_DIST": 41,
        "KILLA_SEARCH_METERS": 20,
        "KILLA_DEF_DIST_SQRT": 225,
        "KILLA_SEARCH_SEC_STOP_AFTER_COMING": 25,
        "KILLA_DIST_TO_GO_TO_SUPPRESS": 6,
        "KILLA_AFTER_GRENADE_SUPPRESS_DELAY": 2,
        "KILLA_CLOSEATTACK_TIMES": 4,
        "KILLA_CLOSEATTACK_DELAY": -1,
        "KILLA_HOLD_DELAY": 5,
        "KILLA_BULLET_TO_RELOAD": 15,
        "SHALL_WARN": true,
        "KOJANIY_DIST_WHEN_READY": 40,
        "KOJANIY_DIST_TO_BE_ENEMY": 200,
        "KOJANIY_MIN_DIST_TO_LOOT": 20,
        "KOJANIY_MIN_DIST_TO_LOOT_SQRT": 400,
        "KOJANIY_DIST_ENEMY_TOO_CLOSE": 17,
        "KOJANIY_MANY_ENEMIES_COEF": 1.5,
        "KILLA_ENEMIES_TO_ATTACK": 3,
        "KILLA_ONE_IS_CLOSE": 30,
        "KILLA_TRIGGER_DOWN_DELAY": 1,
        "KILLA_WAIT_IN_COVER_COEF": 1,
        "TAGILLA_MELEE_CHANCE_RELOAD": 75,
        "TAGILLA_MELEE_CHANCE_INTERACTION": 75,
        "TAGILLA_MELEE_CHANCE_INVENTORY": 75,
        "TAGILLA_MELEE_CHANCE_MEDS": 75,
        "TAGILLA_MELEE_CHANCE_FORCED": 75,
        "EFFECT_REGENERATION_PER_MIN": 60,
        "EFFECT_PAINKILLER": true
      },
      "Core": {
        "VisibleAngle": 180,
        "VisibleDistance": 137,
        "GainSightCoef": 2,
        "ScatteringPerMeter": 0.1,
        "ScatteringClosePerMeter": 0.1,
        "DamageCoeff": 1,
        "HearingSense": 3.95,
        "CanRun": true,
        "CanGrenade": true,
        "AimingType": "normal",
        "PistolFireDistancePref": 35,
        "ShotgunFireDistancePref": 50,
        "RifleFireDistancePref": 100,
        "AccuratySpeed": 0.2,
        "WaitInCoverBetweenShotsSec": 1,
        "START_DIST_TO_COV": 50
      },
      "Scattering": {
        "MinScatter": 0.03,
        "WorkingScatter": 0.15,
        "MaxScatter": 0.4,
        "SpeedUp": 0.3,
        "SpeedUpAim": 1.4,
        "SpeedDown": -0.3,
        "ToSlowBotSpeed": 1.5,
        "ToLowBotSpeed": 2.4,
        "ToUpBotSpeed": 3.6,
        "MovingSlowCoef": 1.5,
        "ToLowBotAngularSpeed": 80,
        "ToStopBotAngularSpeed": 40,
        "FromShot": 0.001,
        "TracerCoef": 1.3,
        "HandDamageScatteringMinMax": 0.7,
        "HandDamageAccuracySpeed": 1.3,
        "BloodFall": 1.45,
        "Caution": 0.3,
        "ToCaution": 0.6,
        "RecoilControlCoefShootDone": 0.0003,
        "RecoilControlCoefShootDoneAuto": 0.00015,
        "AMPLITUDE_FACTOR": 0.25,
        "AMPLITUDE_SPEED": 0.1,
        "DIST_FROM_OLD_POINT_TO_NOT_AIM": 15,
        "DIST_FROM_OLD_POINT_TO_NOT_AIM_SQRT": 225,
        "DIST_NOT_TO_SHOOT": 0.3,
        "PoseChnageCoef": 0.1,
        "LayFactor": 0.1,
        "RecoilYCoef": 0.0005,
        "RecoilYCoefSppedDown": -0.52,
        "RecoilYMax": 1
      }
    },
    "impossible": {
      "Lay": {
        "CHECK_SHOOT_WHEN_LAYING": false,
        "DELTA_LAY_CHECK": 2,
        "DELTA_GETUP": 2.7,
        "DELTA_AFTER_GETUP": 10,
        "CLEAR_POINTS_OF_SCARE_SEC": 20,
        "MAX_LAY_TIME": 35,
        "DELTA_WANT_LAY_CHECL_SEC": 5,
        "ATTACK_LAY_CHANCE": 25,
        "DIST_TO_COVER_TO_LAY": 3.5,
        "DIST_TO_COVER_TO_LAY_SQRT": 12.25,
        "DIST_GRASS_TERRAIN_SQRT": 0.160000011,
        "DIST_ENEMY_NULL_DANGER_LAY": 15,
        "DIST_ENEMY_NULL_DANGER_LAY_SQRT": 225,
        "DIST_ENEMY_GETUP_LAY": 10,
        "DIST_ENEMY_GETUP_LAY_SQRT": 100,
        "DIST_ENEMY_CAN_LAY": 15,
        "DIST_ENEMY_CAN_LAY_SQRT": 225,
        "LAY_AIM": 0.6,
        "MIN_CAN_LAY_DIST_SQRT": 121,
        "MIN_CAN_LAY_DIST": 11,
        "MAX_CAN_LAY_DIST_SQRT": 40000,
        "MAX_CAN_LAY_DIST": 200,
        "LAY_CHANCE_DANGER": 40,
        "DAMAGE_TIME_TO_GETUP": 3
      },
      "Aiming": {
        "MAX_AIM_PRECICING": 2,
        "BETTER_PRECICING_COEF": 0.9,
        "RECALC_DIST": 0.7,
        "RECALC_SQR_DIST": 0.48999998,
        "COEF_FROM_COVER": 0.85,
        "PANIC_COEF": 1.2,
        "PANIC_ACCURATY_COEF": 1.2,
        "HARD_AIM": 0.75,
        "PANIC_TIME": 6,
        "RECALC_MUST_TIME": 3,
        "DAMAGE_PANIC_TIME": 5,
        "DANGER_UP_POINT": 1.3,
        "MAX_AIMING_UPGRADE_BY_TIME": 0.25,
        "DAMAGE_TO_DISCARD_AIM_0_100": 1,
        "MIN_TIME_DISCARD_AIM_SEC": 0,
        "MAX_TIME_DISCARD_AIM_SEC": 0,
        "XZ_COEF": 0.2,
        "SHOOT_TO_CHANGE_PRIORITY": 5525,
        "BOTTOM_COEF": 0.1,
        "FIRST_CONTACT_ADD_SEC": 0.1,
        "FIRST_CONTACT_ADD_CHANCE_100": 80,
        "BASE_HIT_AFFECTION_DELAY_SEC": 0.27,
        "BASE_HIT_AFFECTION_MIN_ANG": 4,
        "BASE_HIT_AFFECTION_MAX_ANG": 8,
        "BASE_SHIEF": 0.05,
        "SCATTERING_HAVE_DAMAGE_COEF": 2,
        "SCATTERING_DIST_MODIF": 0.45,
        "SCATTERING_DIST_MODIF_CLOSE": 0.6,
        "AIMING_TYPE": 1,
        "DIST_TO_SHOOT_TO_CENTER": 3,
        "DIST_TO_SHOOT_NO_OFFSET": 3,
        "SHPERE_FRIENDY_FIRE_SIZE": -1,
        "COEF_IF_MOVE": 1,
        "TIME_COEF_IF_MOVE": 1.1,
        "BOT_MOVE_IF_DELTA": 3.01,
        "NEXT_SHOT_MISS_CHANCE_100": 100,
        "NEXT_SHOT_MISS_Y_OFFSET": 1,
        "ANYTIME_LIGHT_WHEN_AIM_100": -1,
        "ANY_PART_SHOOT_TIME": 15,
        "WEAPON_ROOT_OFFSET": 0.35,
        "MIN_DAMAGE_TO_GET_HIT_AFFETS": 1,
        "MAX_AIM_TIME": 1.5,
        "OFFSET_RECAL_ANYWAY_TIME": 1
      },
      "Look": {
        "OLD_TIME_POINT": 11,
        "WAIT_NEW_SENSOR": 2.1,
        "WAIT_NEW__LOOK_SENSOR": 7.8,
        "LOOK_AROUND_DELTA": 1.1,
        "MAX_VISION_GRASS_METERS": 0.8,
        "MAX_VISION_GRASS_METERS_FLARE": 8,
        "MAX_VISION_GRASS_METERS_OPT": 0.9090909,
        "MAX_VISION_GRASS_METERS_FLARE_OPT": 0.125,
        "LightOnVisionDistance": 40,
        "FAR_DISTANCE": 160,
        "FarDeltaTimeSec": 3,
        "MIDDLE_DIST": 90,
        "MiddleDeltaTimeSec": 1,
        "CloseDeltaTimeSec": 0.1,
        "POSIBLE_VISION_SPACE": 1.2,
        "GOAL_TO_FULL_DISSAPEAR": 1.1,
        "GOAL_TO_FULL_DISSAPEAR_SHOOT": 0.03,
        "BODY_DELTA_TIME_SEARCH_SEC": 1.7,
        "COME_TO_BODY_DIST": 1.2,
        "MARKSMAN_VISIBLE_DIST_COEF": 1.15,
        "VISIBLE_DISNACE_WITH_LIGHT": 95,
        "ENEMY_LIGHT_ADD": 43,
        "ENEMY_LIGHT_START_DIST": 90,
        "CAN_LOOK_TO_WALL": false,
        "DIST_NOT_TO_IGNORE_WALL": 15,
        "DIST_CHECK_WALL": 20,
        "LOOK_LAST_POSENEMY_IF_NO_DANGER_SEC": 25,
        "MIN_LOOK_AROUD_TIME": 20,
        "OPTIMIZE_TO_ONLY_BODY": true,
        "SELF_NIGHTVISION": true
      },
      "Shoot": {
        "RECOIL_TIME_NORMALIZE": 1,
        "RECOIL_PER_METER": 0.02,
        "MAX_RECOIL_PER_METER": 0.04,
        "HORIZONT_RECOIL_COEF": 0.04,
        "WAIT_NEXT_SINGLE_SHOT": 0.2,
        "WAIT_NEXT_SINGLE_SHOT_LONG_MAX": 3.3,
        "WAIT_NEXT_SINGLE_SHOT_LONG_MIN": 0.4,
        "MARKSMAN_DIST_SEK_COEF": 44,
        "FINGER_HOLD_SINGLE_SHOT": 0.14,
        "BASE_AUTOMATIC_TIME": 0.4,
        "AUTOMATIC_FIRE_SCATTERING_COEF": 1.1,
        "CHANCE_TO_CHANGE_TO_AUTOMATIC_FIRE_100": 100,
        "FAR_DIST_ENEMY": 20,
        "SHOOT_FROM_COVER": 6,
        "FAR_DIST_ENEMY_SQR": 400,
        "MAX_DIST_COEF": 1.35,
        "RECOIL_DELTA_PRESS": 0.15,
        "RUN_DIST_NO_AMMO": 25,
        "RUN_DIST_NO_AMMO_SQRT": 625,
        "CAN_SHOOTS_TIME_TO_AMBUSH": 600,
        "NOT_TO_SEE_ENEMY_TO_WANT_RELOAD_PERCENT": 0.5,
        "NOT_TO_SEE_ENEMY_TO_WANT_RELOAD_SEC": 2,
        "RELOAD_PECNET_NO_ENEMY": 0.6,
        "CHANCE_TO_CHANGE_WEAPON": 10,
        "CHANCE_TO_CHANGE_WEAPON_WITH_HELMET": 10,
        "LOW_DIST_TO_CHANGE_WEAPON": 6,
        "FAR_DIST_TO_CHANGE_WEAPON": 30,
        "SUPPRESS_BY_SHOOT_TIME": 6,
        "SUPPRESS_TRIGGERS_DOWN": 3,
        "USE_MELEE_COMBOS": true,
        "DIST_TO_HIT_MELEE": 2.25,
        "DIST_TO_HIT_MELEE_CONTINUE_COMBO": 1.75,
        "TRY_HIT_PERIOD_MELEE": 25,
        "DIST_TO_STOP_SPRINT_MELEE": 3,
        "MELEE_STOP_DIST": -0.75,
        "CHANGE_WEAPON_PERIOD": 1.5,
        "CHANGE_TO_MAIN_WEAPON_WHEN_PATROL": true,
        "VALIDATE_MALFUNCTION_CHANCE": 100,
        "REPAIR_MALFUNCTION_IMMEDIATE_CHANCE": 25,
        "DELAY_BEFORE_EXAMINE_MALFUNCTION": 0.5,
        "DELAY_BEFORE_FIX_MALFUNCTION": 0.5
      },
      "Move": {
        "BASE_ROTATE_SPEED": 270,
        "REACH_DIST": 0.5,
        "REACH_DIST_RUN": 0.8,
        "START_SLOW_DIST": 1.5,
        "BASESTART_SLOW_DIST": 1.1,
        "SLOW_COEF": 2,
        "DIST_TO_CAN_CHANGE_WAY": 8,
        "DIST_TO_START_RAYCAST": 15,
        "BASE_START_SERACH": 35,
        "UPDATE_TIME_RECAL_WAY": 7,
        "FAR_DIST": 4,
        "FAR_DIST_SQR": 16,
        "DIST_TO_CAN_CHANGE_WAY_SQR": 64,
        "DIST_TO_START_RAYCAST_SQR": 225,
        "BASE_SQRT_START_SERACH": 1225,
        "Y_APPROXIMATION": 0.7,
        "DELTA_LAST_SEEN_ENEMY": 20,
        "REACH_DIST_COVER": 2,
        "RUN_TO_COVER_MIN": 2,
        "CHANCE_TO_RUN_IF_NO_AMMO_0_100": 100,
        "RUN_IF_CANT_SHOOT": true,
        "RUN_IF_GAOL_FAR_THEN": 10,
        "SEC_TO_CHANGE_TO_RUN": 3,
        "ETERNITY_STAMINA": true
      },
      "Grenade": {
        "DELTA_NEXT_ATTEMPT_FROM_COVER": 5,
        "DELTA_NEXT_ATTEMPT": 10,
        "MIN_DIST_NOT_TO_THROW": 8,
        "NEAR_DELTA_THROW_TIME_SEC": 2,
        "MIN_THROW_GRENADE_DIST": 12,
        "MIN_THROW_GRENADE_DIST_SQRT": 144,
        "MIN_DIST_NOT_TO_THROW_SQR": 64,
        "RUN_AWAY": 22,
        "RUN_AWAY_SQR": 484,
        "ADD_GRENADE_AS_DANGER": 65,
        "ADD_GRENADE_AS_DANGER_SQR": 4225,
        "CHANCE_TO_NOTIFY_ENEMY_GR_100": 100,
        "GrenadePerMeter": 0.1,
        "REQUEST_DIST_MUST_THROW_SQRT": 4,
        "REQUEST_DIST_MUST_THROW": 2,
        "BEWARE_TYPE": 2,
        "SHOOT_TO_SMOKE_CHANCE_100": 50,
        "CHANCE_RUN_FLASHED_100": 100,
        "MAX_FLASHED_DIST_TO_SHOOT": 10,
        "MAX_FLASHED_DIST_TO_SHOOT_SQRT": 100,
        "FLASH_GRENADE_TIME_COEF": 0.1,
        "SIZE_SPOTTED_COEF": 2,
        "BE_ATTENTION_COEF": 4,
        "TIME_SHOOT_TO_FLASH": 4,
        "CLOSE_TO_SMOKE_TO_SHOOT": 10,
        "CLOSE_TO_SMOKE_TO_SHOOT_SQRT": 100,
        "CLOSE_TO_SMOKE_TIME_DELTA": 5,
        "SMOKE_CHECK_DELTA": 1,
        "DELTA_GRENADE_START_TIME": 0.01,
        "AMBUSH_IF_SMOKE_IN_ZONE_100": 40,
        "AMBUSH_IF_SMOKE_RETURN_TO_ATTACK_SEC": 30,
        "NO_RUN_FROM_AI_GRENADES": true,
        "CAN_THROW_FROM_ANY_PLACE": false,
        "MAX_THROW_POWER": 25,
        "MIN_THROW_DIST_PERCENT_0_1": 0.7,
        "GrenadePrecision": 0.05,
        "IGNORE_SMOKE_GRENADE": true,
        "STOP_WHEN_THROW_GRENADE": true,
        "WAIT_TIME_TURN_AWAY": 1.2,
        "SMOKE_SUPPRESS_DELTA": 20,
        "DAMAGE_GRENADE_SUPPRESS_DELTA": 8,
        "STUN_SUPPRESS_DELTA": 9,
        "CHEAT_START_GRENADE_PLACE": true,
        "CAN_THROW_STRAIGHT_CONTACT": true,
        "STRAIGHT_CONTACT_DELTA_SEC": 3,
        "ANG_TYPE": 1
      },
      "Change": {
        "SMOKE_VISION_DIST": 0.6,
        "SMOKE_GAIN_SIGHT": 1.6,
        "SMOKE_SCATTERING": 1.6,
        "SMOKE_PRECICING": 1.6,
        "SMOKE_HEARING": 1,
        "SMOKE_ACCURATY": 1.6,
        "SMOKE_LAY_CHANCE": 1.6,
        "FLASH_VISION_DIST": 0.05,
        "FLASH_GAIN_SIGHT": 1.8,
        "FLASH_SCATTERING": 1.6,
        "FLASH_PRECICING": 1.6,
        "FLASH_HEARING": 1,
        "FLASH_ACCURATY": 1.6,
        "FLASH_LAY_CHANCE": 1,
        "STUN_HEARING": 0.01
      },
      "Cover": {
        "RETURN_TO_ATTACK_AFTER_AMBUSH_MIN": 20,
        "RETURN_TO_ATTACK_AFTER_AMBUSH_MAX": 50,
        "SOUND_TO_GET_SPOTTED": 2,
        "TIME_TO_MOVE_TO_COVER": 15,
        "MAX_DIST_OF_COVER": 4,
        "CHANGE_RUN_TO_COVER_SEC": 5,
        "CHANGE_RUN_TO_COVER_SEC_GREANDE": 0.6,
        "MIN_DIST_TO_ENEMY": 9,
        "DIST_CANT_CHANGE_WAY": 5,
        "DIST_CHECK_SFETY": 9,
        "TIME_CHECK_SAFE": 2,
        "HIDE_TO_COVER_TIME": 1.5,
        "MAX_DIST_OF_COVER_SQR": 16,
        "DIST_CANT_CHANGE_WAY_SQR": 25,
        "SPOTTED_COVERS_RADIUS": 2.5,
        "LOOK_LAST_ENEMY_POS_MOVING": 1.5,
        "LOOK_TO_HIT_POINT_IF_LAST_ENEMY": 3,
        "LOOK_LAST_ENEMY_POS_LOOKAROUND": 45,
        "OFFSET_LOOK_ALONG_WALL_ANG": 20,
        "SPOTTED_GRENADE_RADIUS": 16,
        "MAX_SPOTTED_TIME_SEC": 20,
        "WAIT_INT_COVER_FINDING_ENEMY": 2,
        "CLOSE_DIST_POINT_SQRT": 4,
        "DELTA_SEEN_FROM_COVE_LAST_POS": 5,
        "MOVE_TO_COVER_WHEN_TARGET": false,
        "RUN_COVER_IF_CAN_AND_NO_ENEMIES": true,
        "SPOTTED_GRENADE_TIME": 7,
        "DEPENDS_Y_DIST_TO_BOT": true,
        "RUN_IF_FAR": 15,
        "RUN_IF_FAR_SQRT": 225,
        "STAY_IF_FAR": 25,
        "STAY_IF_FAR_SQRT": 625,
        "CHECK_COVER_ENEMY_LOOK": false,
        "SHOOT_NEAR_TO_LEAVE": 3,
        "SHOOT_NEAR_SEC_PERIOD": 1,
        "HITS_TO_LEAVE_COVER": 2,
        "HITS_TO_LEAVE_COVER_UNKNOWN": 2,
        "DOG_FIGHT_AFTER_LEAVE": 4,
        "NOT_LOOK_AT_WALL_IS_DANGER": true,
        "MIN_DEFENCE_LEVEL": 22,
        "GOOD_DIST_TO_POINT_COEF": 1.8,
        "ENEMY_DIST_TO_GO_OUT": 1
      },
      "Patrol": {
        "LOOK_TIME_BASE": 12,
        "RESERVE_TIME_STAY": 72,
        "FRIEND_SEARCH_SEC": 12,
        "TALK_DELAY": 1.1,
        "MIN_TALK_DELAY": 35,
        "TALK_DELAY_BIG": 45.1,
        "CHANGE_WAY_TIME": 325.1,
        "MIN_DIST_TO_CLOSE_TALK": 5,
        "VISION_DIST_COEF_PEACE": 0.95,
        "MIN_DIST_TO_CLOSE_TALK_SQR": 25,
        "CHANCE_TO_CUT_WAY_0_100": 75,
        "CUT_WAY_MIN_0_1": 0.4,
        "CUT_WAY_MAX_0_1": 0.65,
        "CHANCE_TO_CHANGE_WAY_0_100": 30,
        "CHANCE_TO_SHOOT_DEADBODY": 52,
        "SUSPETION_PLACE_LIFETIME": 7,
        "RESERVE_OUT_TIME": 60,
        "CLOSE_TO_SELECT_RESERV_WAY": 25,
        "MAX_YDIST_TO_START_WARN_REQUEST_TO_REQUESTER": 5,
        "FORCE_OPPONENT_TO_PEAEFUL": true,
        "CAN_CHECK_MAGAZINE": false
      },
      "Hearing": {
        "BOT_CLOSE_PANIC_DIST": 1,
        "CHANCE_TO_HEAR_SIMPLE_SOUND_0_1": 0.98,
        "DISPERSION_COEF": 10,
        "CLOSE_DIST": 10,
        "FAR_DIST": 20,
        "SOUND_DIR_DEEFREE": 30,
        "DIST_PLACE_TO_FIND_POINT": 70,
        "DEAD_BODY_SOUND_RAD": 30,
        "LOOK_ONLY_DANGER": false,
        "RESET_TIMER_DIST": 17,
        "HEAR_DELAY_WHEN_PEACE": 0,
        "HEAR_DELAY_WHEN_HAVE_SMT": 0,
        "LOOK_ONLY_DANGER_DELTA": 9
      },
      "Mind": {
        "MIN_SHOOTS_TIME": 2,
        "MAX_SHOOTS_TIME": 4,
        "TIME_TO_RUN_TO_COVER_CAUSE_SHOOT_SEC": 15,
        "DAMAGE_REDUCTION_TIME_SEC": 30,
        "MIN_DAMAGE_SCARE": 20,
        "CHANCE_TO_RUN_CAUSE_DAMAGE_0_100": 35,
        "TIME_TO_FORGOR_ABOUT_ENEMY_SEC": 52,
        "TIME_TO_FIND_ENEMY": 22,
        "MAX_AGGRO_BOT_DIST": 100,
        "HIT_POINT_DETECTION": 4,
        "DANGER_POINT_CHOOSE_COEF": 1,
        "SIMPLE_POINT_CHOOSE_COEF": 0.4,
        "LASTSEEN_POINT_CHOOSE_COEF": 0.2,
        "COVER_DIST_COEF": 1.5,
        "DIST_TO_FOUND_SQRT": 400,
        "MAX_AGGRO_BOT_DIST_SQR": 10000,
        "DIST_TO_STOP_RUN_ENEMY": 15,
        "ENEMY_LOOK_AT_ME_ANG": 15,
        "MIN_START_AGGRESION_COEF": 1,
        "MAX_START_AGGRESION_COEF": 3,
        "BULLET_FEEL_DIST": 160,
        "BULLET_FEEL_CLOSE_SDIST": 1,
        "ATTACK_IMMEDIATLY_CHANCE_0_100": 40,
        "CHANCE_FUCK_YOU_ON_CONTACT_100": 0.01,
        "FRIEND_DEAD_AGR_LOW": -0.2,
        "FRIEND_AGR_KILL": 0.2,
        "LAST_ENEMY_LOOK_TO": 40,
        "CAN_RECEIVE_PLAYER_REQUESTS_SAVAGE": false,
        "CAN_RECEIVE_PLAYER_REQUESTS_BEAR": false,
        "CAN_RECEIVE_PLAYER_REQUESTS_USEC": false,
        "IGNORE_TRAP": true,
        "CAN_USE_MEDS": true,
        "SUSPETION_POINT_CHANCE_ADD100": 0,
        "AMBUSH_WHEN_UNDER_FIRE": true,
        "AMBUSH_WHEN_UNDER_FIRE_TIME_RESIST": 60,
        "ATTACK_ENEMY_IF_PROTECT_DELTA_LAST_TIME_SEEN": 1.5,
        "HOLD_IF_PROTECT_DELTA_LAST_TIME_SEEN": 8.5,
        "FIND_COVER_TO_GET_POSITION_WITH_SHOOT": 2,
        "PROTECT_TIME_REAL": true,
        "CHANCE_SHOOT_WHEN_WARN_PLAYER_100": 25,
        "CAN_PANIC_IS_PROTECT": false,
        "NO_RUN_AWAY_FOR_SAFE": false,
        "PART_PERCENT_TO_HEAL": 0.65,
        "PROTECT_DELTA_HEAL_SEC": 10,
        "CAN_STAND_BY": true,
        "CAN_THROW_REQUESTS": true,
        "GROUP_ANY_PHRASE_DELAY": 5,
        "GROUP_EXACTLY_PHRASE_DELAY": 30,
        "DIST_TO_ENEMY_YO_CAN_HEAL": 30,
        "CHANCE_TO_STAY_WHEN_WARN_PLAYER_100": 80,
        "DOG_FIGHT_OUT": 6,
        "DOG_FIGHT_IN": 3,
        "SHOOT_INSTEAD_DOG_FIGHT": 9,
        "PISTOL_SHOTGUN_AMBUSH_DIST": 30,
        "STANDART_AMBUSH_DIST": 100,
        "AI_POWER_COEF": 120,
        "COVER_SECONDS_AFTER_LOSE_VISION": 10,
        "COVER_SELF_ALWAYS_IF_DAMAGED": false,
        "SEC_TO_MORE_DIST_TO_RUN": 10,
        "HEAL_DELAY_SEC": 5,
        "HIT_DELAY_WHEN_HAVE_SMT": -1,
        "HIT_DELAY_WHEN_PEACE": -1,
        "CAN_TAKE_ITEMS": false,
        "TALK_WITH_QUERY": true,
        "CAN_EXECUTE_REQUESTS": false,
        "CHANCE_TO_IGNORE_TRIPWIRE": 100,
        "IGNORE_DANGER_PLACES": true,
        "GRENADE_DAMAGE_IGNORE": true,
        "DEFAULT_SAVAGE_BEHAVIOUR": "Warn",
        "DEFAULT_BEAR_BEHAVIOUR": "AlwaysEnemies",
        "DEFAULT_USEC_BEHAVIOUR": "AlwaysEnemies",
        "FRIENDLY_BOT_TYPES": [
          "bossKilla",
          "assault"
        ],
        "WARN_BOT_TYPES": [],
        "ENEMY_BOT_TYPES": [
          "pmcBEAR",
          "pmcUSEC"
        ]
      },
      "Boss": {
        "TAGILLA_MELEE_ATTACK_NEXT_DECISION_PERIOD": 6,
        "BOSS_DIST_TO_WARNING": 15,
        "BOSS_DIST_TO_WARNING_SQRT": 225,
        "BOSS_DIST_TO_WARNING_USEC": 15,
        "BOSS_DIST_TO_WARNING_SQRT_USEC": 225,
        "BOSS_DIST_TO_WARNING_BEAR": 15,
        "BOSS_DIST_TO_WARNING_SQRT_BEAR": 225,
        "BOSS_DIST_TO_WARNING_OUT": 20,
        "BOSS_DIST_TO_WARNING_OUT_SQRT": 400,
        "BOSS_DIST_TO_SHOOT": 5,
        "BOSS_DIST_TO_SHOOT_SQRT": 25,
        "TAGILLA_MELEE_ATTACK_IF_NO_SHOOT": 15,
        "TAGILLA_FIRST_ASSAULT_RADIUS": 30,
        "TAGILLA_SECOND_ASSAULT_RADIUS": 30,
        "TAGILLA_FIRST_ASSAULT_CHANCE": 110,
        "TAGILLA_SECOND_ASSAULT_CHANCE": 110,
        "TAGILLA_FORCED_CLOSE_ATTACK_DIST": 2,
        "CHANCE_TO_SEND_GRENADE_100": 100,
        "MAX_DIST_COVER_BOSS": 25,
        "MAX_DIST_COVER_BOSS_SQRT": 625,
        "MAX_DIST_DECIDER_TO_SEND": 35,
        "MAX_DIST_DECIDER_TO_SEND_SQRT": 1225,
        "TIME_AFTER_LOSE": 15,
        "TIME_AFTER_LOSE_DELTA": 60,
        "PERSONS_SEND": 2,
        "DELTA_SEARCH_TIME": 18,
        "COVER_TO_SEND": true,
        "WAIT_NO_ATTACK_SAVAGE": 1,
        "CHANCE_USE_RESERVE_PATROL_100": 30,
        "KILLA_Y_DELTA_TO_BE_ENEMY_BOSS": 5,
        "KILLA_DITANCE_TO_BE_ENEMY_BOSS": 45,
        "KILLA_START_SEARCH_SEC": 40,
        "KILLA_CONTUTION_TIME": 5,
        "KILLA_CLOSE_ATTACK_DIST": 8,
        "KILLA_MIDDLE_ATTACK_DIST": 22,
        "KILLA_LARGE_ATTACK_DIST": 41,
        "KILLA_SEARCH_METERS": 20,
        "KILLA_DEF_DIST_SQRT": 225,
        "KILLA_SEARCH_SEC_STOP_AFTER_COMING": 25,
        "KILLA_DIST_TO_GO_TO_SUPPRESS": 6,
        "KILLA_AFTER_GRENADE_SUPPRESS_DELAY": 2,
        "KILLA_CLOSEATTACK_TIMES": 4,
        "KILLA_CLOSEATTACK_DELAY": -1,
        "KILLA_HOLD_DELAY": 5,
        "KILLA_BULLET_TO_RELOAD": 15,
        "SHALL_WARN": true,
        "KOJANIY_DIST_WHEN_READY": 40,
        "KOJANIY_DIST_TO_BE_ENEMY": 200,
        "KOJANIY_MIN_DIST_TO_LOOT": 20,
        "KOJANIY_MIN_DIST_TO_LOOT_SQRT": 400,
        "KOJANIY_DIST_ENEMY_TOO_CLOSE": 17,
        "KOJANIY_MANY_ENEMIES_COEF": 1.5,
        "KILLA_ENEMIES_TO_ATTACK": 3,
        "KILLA_ONE_IS_CLOSE": 30,
        "KILLA_TRIGGER_DOWN_DELAY": 1,
        "KILLA_WAIT_IN_COVER_COEF": 1,
        "TAGILLA_MELEE_CHANCE_RELOAD": 75,
        "TAGILLA_MELEE_CHANCE_INTERACTION": 75,
        "TAGILLA_MELEE_CHANCE_INVENTORY": 75,
        "TAGILLA_MELEE_CHANCE_MEDS": 75,
        "TAGILLA_MELEE_CHANCE_FORCED": 75,
        "EFFECT_REGENERATION_PER_MIN": 60,
        "EFFECT_PAINKILLER": true
      },
      "Core": {
        "VisibleAngle": 180,
        "VisibleDistance": 137,
        "GainSightCoef": 2,
        "ScatteringPerMeter": 0.1,
        "ScatteringClosePerMeter": 0.1,
        "DamageCoeff": 1,
        "HearingSense": 3.95,
        "CanRun": true,
        "CanGrenade": true,
        "AimingType": "normal",
        "PistolFireDistancePref": 35,
        "ShotgunFireDistancePref": 50,
        "RifleFireDistancePref": 100,
        "AccuratySpeed": 0.2,
        "WaitInCoverBetweenShotsSec": 1,
        "START_DIST_TO_COV": 50
      },
      "Scattering": {
        "MinScatter": 0.03,
        "WorkingScatter": 0.15,
        "MaxScatter": 0.4,
        "SpeedUp": 0.3,
        "SpeedUpAim": 1.4,
        "SpeedDown": -0.3,
        "ToSlowBotSpeed": 1.5,
        "ToLowBotSpeed": 2.4,
        "ToUpBotSpeed": 3.6,
        "MovingSlowCoef": 1.5,
        "ToLowBotAngularSpeed": 80,
        "ToStopBotAngularSpeed": 40,
        "FromShot": 0.001,
        "TracerCoef": 1.3,
        "HandDamageScatteringMinMax": 0.7,
        "HandDamageAccuracySpeed": 1.3,
        "BloodFall": 1.45,
        "Caution": 0.3,
        "ToCaution": 0.6,
        "RecoilControlCoefShootDone": 0.0003,
        "RecoilControlCoefShootDoneAuto": 0.00015,
        "AMPLITUDE_FACTOR": 0.25,
        "AMPLITUDE_SPEED": 0.1,
        "DIST_FROM_OLD_POINT_TO_NOT_AIM": 15,
        "DIST_FROM_OLD_POINT_TO_NOT_AIM_SQRT": 225,
        "DIST_NOT_TO_SHOOT": 0.3,
        "PoseChnageCoef": 0.1,
        "LayFactor": 0.1,
        "RecoilYCoef": 0.0005,
        "RecoilYCoefSppedDown": -0.52,
        "RecoilYMax": 1
      }
    }
  },
  "chances": {
    "equipment": {
      "Headwear": 0,
      "Earpiece": 0,
      "FaceCover": 100,
      "ArmorVest": 0,
      "Eyewear": 0,
      "ArmBand": 0,
      "TacticalVest": 100,
      "Backpack": 0,
      "FirstPrimaryWeapon": 100,
      "SecondPrimaryWeapon": 0,
      "Holster": 0,
      "Scabbard": 100,
      "Pockets": 100,
      "SecuredContainer": 100
    },
    "weaponMods": {
      "mod_launcher": 0,
      "mod_muzzle": 100,
      "mod_reciever": 100,
      "mod_stock_001": 100,
      "mod_magazine": 100,
      "mod_charge": 100,
      "mod_mount_001": 39,
      "mod_tactical": 100,
      "mod_foregrip": 100,
      "mod_tactical_000": 100,
      "mod_flashlight": 100,
      "mod_scope": 100,
      "mod_sight_rear": 0,
      "mod_mount_000": 0,
      "mod_stock": 100,
      "mod_tactical_001": 0,
      "mod_tactical_002": 0,
      "mod_tactical_003": 0,
      "mod_tactical_004": 100,
      "mod_bipod": 0
    },
    "equipmentMods": {
      "front_plate": 100,
      "back_plate": 100
    }
  },
  "generation": {
    "items": {
      "specialItems": {
        "weights": {
          "0": 1,
          "1": 0
        },
        "whitelist": []
      },
      "healing": {
        "weights": {
          "0": 1,
          "1": 2,
          "2": 1
        },
        "whitelist": []
      },
      "drugs": {
        "weights": {
          "0": 1,
          "1": 2,
          "2": 0
        },
        "whitelist": []
      },
      "stims": {
        "weights": {
          "0": 2,
          "1": 1,
          "2": 0
        },
        "whitelist": []
      },
      "food": {
        "weights": {
          "0": 10,
          "1": 5,
          "2": 2
        },
        "whitelist": []
      },
      "drink": {
        "weights": {
          "0": 10,
          "1": 5,
          "2": 2
        },
        "whitelist": []
      },
      "currency": {
        "weights": {
          "0": 20,
          "1": 5,
          "2": 1
        },
        "whitelist": []
      },
      "backpackLoot": {
        "weights": {
          "0": 1,
          "1": 1,
          "2": 2,
          "3": 1,
          "4": 1,
          "5": 1,
          "6": 1,
          "7": 0
        },
        "whitelist": []
      },
      "pocketLoot": {
        "weights": {
          "0": 1,
          "1": 6,
          "2": 3,
          "3": 1,
          "4": 1
        },
        "whitelist": []
      },
      "vestLoot": {
        "weights": {
          "0": 1,
          "1": 1,
          "2": 2,
          "3": 1,
          "4": 0,
          "5": 0,
          "6": 0
        },
        "whitelist": []
      },
      "magazines": {
        "weights": {
          "0": 0,
          "1": 0,
          "2": 1,
          "3": 3,
          "4": 1
        },
        "whitelist": []
      },
      "grenades": {
        "weights": {
          "0": 1,
          "1": 2,
          "2": 1,
          "3": 1,
          "4": 0,
          "5": 0
        },
        "whitelist": []
      }
    }
  }
}