{
  "appearance": {
    "body": {
      "5cdea33e7d6c8b0474535dac": 1
    },
    "feet": {
      "5cdea3c47d6c8b0475341734": 1
    },
    "hands": {
      "5cc2e68f14c02e28b47de290": 1
    },
    "head": {
      "5d28b03e86f7747f7e69ab8a": 1
    },
    "voice": {
      "BossKilla": 1
    }
  },
  "experience": {
    "level": {
      "min": 0,
      "max": 1
    },
    "reward": {
      "normal": {
        "min": 6666,
        "max": 6666
      }
    },
    "standingForKill": {
      "normal": -0.2
    },
    "aggressorBonus": {
      "normal": 0.05
    },
    "useSimpleAnimator": false
  },
  "health": {
    "Hydration": {
      "min": 100,
      "max": 100
    },
    "Energy": {
      "min": 100,
      "max": 100
    },
    "Temperature": {
      "min": 36,
      "max": 40
    },
    "BodyParts": [
      {
        "Head": {
          "min": 80,
          "max": 80
        },
        "Chest": {
          "min": 260,
          "max": 260
        },
        "Stomach": {
          "min": 180,
          "max": 180
        },
        "LeftArm": {
          "min": 100,
          "max": 100
        },
        "RightArm": {
          "min": 100,
          "max": 100
        },
        "LeftLeg": {
          "min": 120,
          "max": 120
        },
        "RightLeg": {
          "min": 120,
          "max": 120
        }
      }
    ]
  },
  "skills": {
    "Common": {
      "BotReload": {
        "min": 3500,
        "max": 3500
      },
      "BotSound": {
        "min": 1000,
        "max": 1000
      },
      "Endurance": {
        "min": 5100,
        "max": 5100
      },
      "Health": {
        "min": 5100,
        "max": 5100
      },
      "Immunity": {
        "min": 5100,
        "max": 5100
      },
      "Strength": {
        "min": 5100,
        "max": 5100
      },
      "Vitality": {
        "min": 5100,
        "max": 5100
      }
    }
  },
  "inventory": {
    "equipment": {
      "Headwear": {
        "5c0e874186f7745dc7616606": 1
      },
      "Earpiece": {},
      "FaceCover": {},
      "ArmorVest": {
        "5c0e541586f7747fa54205c9": 1
      },
      "Eyewear": {},
      "ArmBand": {},
      "TacticalVest": {
        "5c0e9f2c86f77432297fe0a3": 1
      },
      "Backpack": {},
      "FirstPrimaryWeapon": {
        "59ff346386f77477562ff5e2": 375,
        "5beed0f50db834001c062b12": 571
      },
      "SecondPrimaryWeapon": {},
      "Holster": {
        "571a12c42459771f627b58a0": 1
      },
      "Scabbard": {
        "5bffdc370db834001d23eca8": 1
      },
      "Pockets": {
        "5af99e9186f7747c447120b8": 1
      },
      "SecuredContainer": {
        "5c0a794586f77461c458f892": 1
      }
    },
    "Ammo": {
      "Caliber762x39": {
        "601aa3d2b2bcb34913271e6d": 526,
        "59e0d99486f7744a32234762": 523
      },
      "Caliber762x25TT": {
        "5736026a245977644601dc61": 1
      },
      "Caliber545x39": {
        "61962b617c6c7b169525f168": 733,
        "5c0d5e4486f77478390952fe": 533,
        "56dff026d2720bb8668b4567": 732
      }
    },
    "mods": {
      "59ff346386f77477562ff5e2": {
        "mod_gas_block": [
          "59d64ec286f774171d1e0a42"
        ],
        "mod_muzzle": [
          "615d8e9867085e45ef1409c6"
        ],
        "mod_pistol_grip_akms": [
          "5f6341043ada5942720e2dc5"
        ],
        "mod_reciever": [
          "5d2c770c48f0354b4a07c100"
        ],
        "mod_sight_rear": [
          "59d650cf86f7741b846413a4"
        ],
        "mod_stock_akms": [
          "6761763448fa5c377e06fc39"
        ],
        "mod_charge": [
          "6130ca3fd92c473c77020dbd"
        ],
        "mod_magazine": [
          "5cfe8010d7ad1a59283b14c6"
        ]
      },
      "59d64ec286f774171d1e0a42": {
        "mod_handguard": [
          "5c17664f2e2216398b5a7e3c"
        ]
      },
      "5c17664f2e2216398b5a7e3c": {
        "mod_mount_000": [
          "5a9d6d13a2750c00164f6b03"
        ]
      },
      "5a9d6d13a2750c00164f6b03": {
        "mod_foregrip": [
          "5b057b4f5acfc4771e1bd3e9"
        ]
      },
      "615d8e9867085e45ef1409c6": {
        "mod_muzzle": [
          "5cf78496d7f00c065703d6ca"
        ]
      },
      "5cf78496d7f00c065703d6ca": {
        "mod_muzzle_000": [
          "5c878e9d2e2216000f201903"
        ],
        "mod_muzzle_001": [
          "5cf78720d7f00c06595bc93e"
        ]
      },
      "5d2c770c48f0354b4a07c100": {
        "mod_scope": [
          "655f13e0a246670fb0373245"
        ]
      },
      "6761763448fa5c377e06fc39": {
        "mod_stock": [
          "6516e91f609aaf354b34b3e2"
        ]
      },
      "6516e91f609aaf354b34b3e2": {
        "mod_stock_000": [
          "6516e9bc5901745209404287"
        ]
      },
      "571a12c42459771f627b58a0": {
        "mod_barrel": [
          "571a26d524597720680fbe8a"
        ],
        "mod_pistol_grip": [
          "5c079ec50db834001966a706"
        ],
        "mod_magazine": [
          "571a29dc2459771fb2755a6a"
        ],
        "mod_muzzle": [
          "5bffd7ed0db834001d23ebf9"
        ],
        "mod_tactical": [
          "5c079ed60db834001a66b372"
        ]
      },
      "5c0e874186f7745dc7616606": {
        "Helmet_top": [
          "6571133d22996eaf11088200"
        ],
        "Helmet_back": [
          "6571138e818110db4600aa71"
        ],
        "Helmet_ears": [
          "657112fa818110db4600aa6b"
        ],
        "mod_equipment": [
          "5c0e842486f77443a74d2976"
        ]
      },
      "5c0e541586f7747fa54205c9": {
        "Front_plate": [
          "656f611f94b480b8a500c0db"
        ],
        "Back_plate": [
          "656efaf54772930db4031ff5"
        ],
        "Soft_armor_front": [
          "6575ea3060703324250610da"
        ],
        "Soft_armor_back": [
          "6575ea4cf6a13a7b7100adc4"
        ],
        "Soft_armor_left": [
          "6575ea5cf6a13a7b7100adc8"
        ],
        "soft_armor_right": [
          "6575ea6760703324250610de"
        ],
        "Collar": [
          "6575ea719c7cad336508e418"
        ],
        "Groin": [
          "6575ea7c60703324250610e2"
        ]
      },
      "5beed0f50db834001c062b12": {
        "mod_pistol_grip": [
          "5649ae4a4bdc2d1b2b8b4588"
        ],
        "mod_reciever": [
          "5beec91a0db834001961942d"
        ],
        "mod_stock_001": [
          "6761779c48fa5c377e06fc3f"
        ],
        "mod_handguard": [
          "5beec3e30db8340019619424"
        ],
        "mod_barrel": [
          "5beec1bd0db834001e6006f3"
        ],
        "mod_charge": [
          "6130ca3fd92c473c77020dbd"
        ],
        "mod_magazine": [
          "5bed625c0db834001c062946"
        ]
      },
      "5beec91a0db834001961942d": {
        "mod_scope": [
          "5c0505e00db834001b735073"
        ]
      },
      "5beec3e30db8340019619424": {
        "mod_mount_000": [
          "5beecbb80db834001d2c465e"
        ],
        "mod_mount_001": [
          "5beecbb80db834001d2c465e"
        ],
        "mod_foregrip": [
          "5c1bc5af2e221602b412949b"
        ],
        "mod_tactical_000": [
          "5c5952732e2216398b5abda2"
        ]
      },
      "5beecbb80db834001d2c465e": {
        "mod_tactical_000": [
          "57d17e212459775a1179a0f5"
        ]
      },
      "57d17e212459775a1179a0f5": {
        "mod_flashlight": [
          "57d17c5e2459775a5c57d17d"
        ]
      },
      "5beec1bd0db834001e6006f3": {
        "mod_muzzle": [
          "5943eeeb86f77412d6384f6b"
        ]
      }
    },
    "items": {
      "TacticalVest": {
        "5cfe8010d7ad1a59283b14c6": 11,
        "60098ad7c2240c0fe85c570a": 6,
        "55d482194bdc2d1d4e8b456b": 7
      },
      "Pockets": {
        "571a29dc2459771fb2755a6a": 10000,
        "5710c24ad2720bc3458b45a3": 10000,
        "5fca138c2a7b221b2852a5c6": 10000,
        "67e183377c6c2011970f3149": 10000,
        "5448be9a4bdc2dfd2f8b456a": 10000,
        "544fb3f34bdc2d03748b456a": 10000,
        "5a0eeb8e86f77461257ed71a": 7,
        "5755383e24597772cb798966": 6918,
        "57514643245977207f2c2d09": 10000,
        "679b992329acd1f2f60985a5": 584,
        "5d80c93086f7744036212b41": 8,
        "61a64428a8c6aa1b795f0ba1": 11,
        "5eff09cd30a7dc22fd1ddfed": 19,
        "544fb37f4bdc2dee738b4567": 114,
        "5d8e15b686f774445103b190": 9,
        "679b9819a2f2dd4da9023512": 618,
        "5780d0652459777df90dcb74": 4,
        "59148c8a86f774197930e983": 41,
        "5d80cbd886f77470855c26c2": 2,
        "5a13f24186f77410e57c5626": 8,
        "63a39f08cd6db0635c197600": 14,
        "5938603e86f77435642354f4": 127,
        "61aa5aed32a4743c3453d319": 10,
        "5938994586f774523a425196": 43,
        "6581998038c79576a2569e11": 63,
        "5780cf942459777df90dcb72": 113,
        "5af0548586f7743a532b7e99": 27,
        "5913611c86f77479e0084092": 55,
        "5937ee6486f77408994ba448": 74,
        "5c94bbff86f7747ee735c08f": 34,
        "658199972dc4e60f6d556a2f": 105,
        "591383f186f7744a4c5edcf3": 29,
        "5938504186f7740991483f30": 73,
        "63a39c69af870e651d58e6aa": 14,
        "591afe0186f77431bd616a11": 71,
        "593aa4be86f77457f56379f8": 80,
        "5c1e2d1f86f77431e9280bee": 8,
        "5a0eebed86f77461230ddb3d": 14,
        "62987c658081af308d7558c6": 8,
        "63a39fdf1e21260da44a0256": 13,
        "679baa4f59b8961f370dd683": 20,
        "5913915886f774123603c392": 16,
        "63a39cb1c9b3aa4b61683ee2": 13,
        "5d80c8f586f77440373c4ed0": 9,
        "5a0dc95c86f77452440fc675": 20,
        "5780cfa52459777dfb276eb1": 40,
        "591382d986f774465a6413a7": 13,
        "6582dc4b6ba9e979af6b79f4": 34,
        "61a6444b8c141d68246e2d2f": 7,
        "5c1e2a1e86f77431ea0ea84c": 15,
        "5780d0532459777a5108b9a2": 14,
        "5d8e0e0e86f774321140eb56": 6,
        "5a0eec9686f77402ac5c39f2": 4,
        "63a39dfe3901f439517cafba": 12,
        "5ad5d20586f77449be26d877": 37,
        "59136e1e86f774432f15d133": 11,
        "5a13ee1986f774794d4c14cd": 15,
        "5d95d6fa86f77424484aa5e9": 10,
        "62987e26a77ec735f90a2995": 15,
        "5a13f46386f7741dd7384b04": 13,
        "5a0ee30786f774023b6ee08f": 9,
        "62987cb98081af308d7558c8": 7,
        "5ad5d49886f77455f9731921": 63,
        "64ccc1ec1779ad6ba200a137": 13,
        "5a0f068686f7745b0d4ea242": 9,
        "5ad5cfbd86f7742c825d6104": 10,
        "63a71ed21031ac76fe773c7f": 12,
        "5ad7242b86f7740a6a3abd43": 7,
        "5a0eedb386f77403506300be": 13,
        "679baa9091966fe40408f149": 24,
        "63a71eb5b7f4570d3a29316b": 6,
        "63a399193901f439517cafb6": 6,
        "5a145ebb86f77458f1796f05": 9,
        "5e42c81886f7742a01529f57": 28,
        "5a0eee1486f77402aa773226": 8,
        "5a13ef0686f7746e5a411744": 12,
        "5c1d0efb86f7744baf2e7b7b": 11,
        "5d80c95986f77440351beef3": 6,
        "63a39fd1c9b3aa4b61683efb": 19,
        "5ad5ccd186f774446d5706e9": 12,
        "5a13ef7e86f7741290491063": 8,
        "679baa2c61f588ae2b062a24": 23,
        "62987da96188c076bc0d8c51": 10,
        "5938144586f77473c2087145": 7,
        "590c695186f7741e566b64a2": 26,
        "64ccc268c41e91416064ebc7": 12,
        "63a39fc0af870e651d58e6ae": 1,
        "62a09ec84f842e1bd12da3f2": 17,
        "5c1d0c5f86f7744bb2683cf0": 9,
        "5a0ec70e86f7742c0b518fba": 9,
        "5a0f08bc86f77478f33b84c2": 12,
        "61aa5b7db225ac1ead7957c1": 10,
        "63a39df18a56922e82001f25": 29,
        "6582dbe43a2e5248357dbe9a": 65,
        "59387a4986f77401cc236e62": 6,
        "5c1e495a86f7743109743dfb": 11,
        "63a71e86b7f4570d3a293169": 8,
        "5a0ee62286f774369454a7ac": 8,
        "5a0ea69f86f7741cd5406619": 12,
        "5ede7a8229445733cb4c18e2": 1,
        "5a0f075686f7745bcc42ee12": 9,
        "5780cf692459777de4559321": 12,
        "63a39ce4cd6db0635c1975fa": 6,
        "5672c92d4bdc2d180f8b4567": 10,
        "63a39667c9b3aa4b61683e98": 13,
        "63a39c7964283b5e9c56b280": 38,
        "64ccc1fe088064307e14a6f7": 11,
        "63a3a93f8a56922e82001f5d": 7,
        "5d80c66d86f774405611c7d6": 8,
        "6761a6f90575f25e020816a4": 21,
        "5c1d0d6d86f7744bb2683e1f": 42,
        "5ad5db3786f7743568421cce": 9,
        "5d947d4e86f774447b415895": 4,
        "5ede7b0c6d23e5473e6e8c66": 7,
        "64ccc2111779ad6ba200a139": 9,
        "59136f6f86f774447a1ed173": 7,
        "61aa81fcb225ac1ead7957c3": 7,
        "5914578086f774123569ffa4": 29,
        "679baa5a59b8961f370dd685": 23,
        "5a0ea64786f7741707720468": 13,
        "5a145d4786f7744cbb6f4a12": 8,
        "64ccc206793ca11c8f450a38": 11,
        "5addaffe86f77470b455f900": 6,
        "5780cf9e2459777df90dcb73": 10,
        "5a0f0f5886f7741c4e32a472": 7,
        "64ccc1f4ff54fb38131acf27": 6,
        "5913877a86f774432f15d444": 6,
        "5c1d0f4986f7744bb01837fa": 6,
        "63a71e781031ac76fe773c7d": 21,
        "5a144dfd86f77445cb5a0982": 8,
        "5d80ccdd86f77474f7575e02": 5,
        "591ae8f986f77406f854be45": 7,
        "5a1452ee86f7746f33111763": 2,
        "5a0eff2986f7741fd654e684": 8,
        "5a0ee4b586f7743698200d22": 6,
        "5d80ccac86f77470841ff452": 4,
        "5d80ca9086f774403a401e40": 7,
        "5a0ee76686f7743698200d5c": 12,
        "5a0ee37f86f774023657a86f": 6,
        "5a13f35286f77413ef1436b0": 2,
        "5780d07a2459777de4559324": 10,
        "5780cda02459777b272ede61": 11,
        "62a9cb937377a65d7b070cef": 8,
        "62987dfc402c7f69bf010923": 4,
        "5d80cb5686f77440545d1286": 12,
        "5d95d6be86f77424444eb3a7": 12,
        "5a0f045e86f7745b0f0d0e42": 15,
        "5d80c6c586f77440351beef1": 3,
        "6761a6ccd9bbb27ad703c48a": 6,
        "5a0ee34586f774023b6ee092": 7,
        "5da743f586f7744014504f72": 9,
        "63a39e49cd6db0635c1975fc": 3,
        "5a0ee72c86f77436955d3435": 7,
        "59136a4486f774447a1ed172": 28,
        "5c1f79a086f7746ed066fb8f": 3,
        "5d947d3886f774447b415893": 4,
        "5a144bdb86f7741d374bbde0": 3,
        "63a71e922b25f7513905ca20": 5,
        "63a39f6e64283b5e9c56b289": 12,
        "5ad5d7d286f77450166e0a89": 5,
        "5ad7217186f7746744498875": 11,
        "5c1d0dc586f7744baf2e7b79": 7,
        "5d80cb3886f77440556dbf09": 8,
        "5751a89d24597722aa0e8db0": 7,
        "5a0eeb1a86f774688b70aa5c": 10,
        "64ccc1d4a0f13c24561edf27": 8,
        "5a0eb38b86f774153b320eb0": 6,
        "5a0f006986f7741ffd2fe484": 4,
        "59148f8286f7741b951ea113": 11,
        "6582dc5740562727a654ebb1": 6,
        "63a39f18c2d53c2c6839c1d3": 8,
        "5d8e0db586f7744450412a42": 4,
        "61aa5b518f5e7a39b41416e2": 8,
        "5a0eb6ac86f7743124037a28": 7,
        "5913651986f774432f15d132": 5,
        "5a0dc45586f7742f6b0b73e3": 3,
        "5d80c60f86f77440373c4ece": 3,
        "61a64492ba05ef10d62adcc1": 8,
        "5a0ea79b86f7741d4a35298e": 7,
        "5d8e3ecc86f774414c78d05e": 4,
        "5e42c83786f7742a021fdf3c": 24,
        "5a145d7b86f7744cbb6f4a13": 7,
        "5ad5d64486f774079b080af8": 9,
        "5ad7247386f7747487619dc3": 3,
        "64ccc25f95763a1ae376e447": 1,
        "5a0ec6d286f7742c0b518fb5": 3,
        "64ccc24de61ea448b507d34d": 15,
        "5448ba0b4bdc2d02308b456c": 6,
        "5d9f1fa686f774726974a992": 5,
        "5d80c78786f774403a401e3e": 6,
        "5da46e3886f774653b7a83fe": 4,
        "64ccc246ff54fb38131acf29": 6,
        "5d80cb8786f774405611c7d9": 4,
        "5a0eecf686f7740350630097": 7,
        "5d80c6fc86f774403a401e3c": 2,
        "5780cf7f2459777de4559322": 2,
        "61aa5ba8018e9821b7368da9": 7,
        "5e42c71586f7747f245e1343": 2,
        "5780cf722459777a5108b9a1": 5,
        "5d80cd1a86f77402aa362f42": 1,
        "5a0eed4386f77405112912aa": 2,
        "5d80cab086f77440535be201": 5,
        "5d80c88d86f77440556dbf07": 3,
        "5a13eebd86f7746fd639aa93": 2,
        "5d80c62a86f7744036212b3f": 3,
        "5da5cdcd86f774529238fb9b": 1
      },
      "Backpack": {},
      "SecuredContainer": {
        "601aa3d2b2bcb34913271e6d": 160,
        "5736026a245977644601dc61": 142,
        "59e0d99486f7744a32234762": 125,
        "61962b617c6c7b169525f168": 175,
        "5c0d5e4486f77478390952fe": 100,
        "56dff026d2720bb8668b4567": 150
      },
      "SpecialLoot": {}
    }
  },
  "firstName": [
    "Vengeful"
  ],
  "lastName": [
    "Killa"
  ],
  "difficulty": {
    "easy": {
      "Lay": {
        "CHECK_SHOOT_WHEN_LAYING": false,
        "DELTA_LAY_CHECK": 2,
        "DELTA_GETUP": 2.7,
        "DELTA_AFTER_GETUP": 10,
        "CLEAR_POINTS_OF_SCARE_SEC": 20,
        "MAX_LAY_TIME": 35,
        "DELTA_WANT_LAY_CHECL_SEC": 5,
        "ATTACK_LAY_CHANCE": 25,
        "DIST_TO_COVER_TO_LAY": 3.5,
        "DIST_TO_COVER_TO_LAY_SQRT": 12.25,
        "DIST_GRASS_TERRAIN_SQRT": 0.160000011,
        "DIST_ENEMY_NULL_DANGER_LAY": 15,
        "DIST_ENEMY_NULL_DANGER_LAY_SQRT": 225,
        "DIST_ENEMY_GETUP_LAY": 10,
        "DIST_ENEMY_GETUP_LAY_SQRT": 100,
        "DIST_ENEMY_CAN_LAY": 15,
        "DIST_ENEMY_CAN_LAY_SQRT": 225,
        "LAY_AIM": 0.6,
        "MIN_CAN_LAY_DIST_SQRT": 121,
        "MIN_CAN_LAY_DIST": 11,
        "MAX_CAN_LAY_DIST_SQRT": 40000,
        "MAX_CAN_LAY_DIST": 200,
        "LAY_CHANCE_DANGER": 40,
        "DAMAGE_TIME_TO_GETUP": 3
      },
      "Aiming": {
        "MAX_AIM_PRECICING": 2,
        "BETTER_PRECICING_COEF": 0.9,
        "RECALC_DIST": 0.7,
        "RECALC_SQR_DIST": 0.48999998,
        "COEF_FROM_COVER": 0.85,
        "PANIC_COEF": 1.2,
        "PANIC_ACCURATY_COEF": 1.2,
        "HARD_AIM": 0.75,
        "PANIC_TIME": 6,
        "RECALC_MUST_TIME": 3,
        "DAMAGE_PANIC_TIME": 5,
        "DANGER_UP_POINT": 1.3,
        "MAX_AIMING_UPGRADE_BY_TIME": 0.25,
        "DAMAGE_TO_DISCARD_AIM_0_100": 1,
        "MIN_TIME_DISCARD_AIM_SEC": 0,
        "MAX_TIME_DISCARD_AIM_SEC": 0,
        "XZ_COEF": 0.2,
        "SHOOT_TO_CHANGE_PRIORITY": 5525,
        "BOTTOM_COEF": 0.1,
        "FIRST_CONTACT_ADD_SEC": 0.1,
        "FIRST_CONTACT_ADD_CHANCE_100": 80,
        "BASE_HIT_AFFECTION_DELAY_SEC": 0.27,
        "BASE_HIT_AFFECTION_MIN_ANG": 4,
        "BASE_HIT_AFFECTION_MAX_ANG": 8,
        "BASE_SHIEF": 0.05,
        "SCATTERING_HAVE_DAMAGE_COEF": 2,
        "SCATTERING_DIST_MODIF": 0.45,
        "SCATTERING_DIST_MODIF_CLOSE": 0.6,
        "AIMING_TYPE": 1,
        "DIST_TO_SHOOT_TO_CENTER": 3,
        "DIST_TO_SHOOT_NO_OFFSET": 3,
        "SHPERE_FRIENDY_FIRE_SIZE": -1,
        "COEF_IF_MOVE": 1,
        "TIME_COEF_IF_MOVE": 1.1,
        "BOT_MOVE_IF_DELTA": 3.01,
        "NEXT_SHOT_MISS_CHANCE_100": 100,
        "NEXT_SHOT_MISS_Y_OFFSET": 1,
        "ANYTIME_LIGHT_WHEN_AIM_100": -1,
        "ANY_PART_SHOOT_TIME": 15,
        "WEAPON_ROOT_OFFSET": 0.35,
        "MIN_DAMAGE_TO_GET_HIT_AFFETS": 1,
        "MAX_AIM_TIME": 1.5,
        "OFFSET_RECAL_ANYWAY_TIME": 1
      },
      "Look": {
        "OLD_TIME_POINT": 11,
        "WAIT_NEW_SENSOR": 2.1,
        "WAIT_NEW__LOOK_SENSOR": 7.8,
        "LOOK_AROUND_DELTA": 1.1,
        "MAX_VISION_GRASS_METERS": 0.8,
        "MAX_VISION_GRASS_METERS_FLARE": 8,
        "MAX_VISION_GRASS_METERS_OPT": 0.9090909,
        "MAX_VISION_GRASS_METERS_FLARE_OPT": 0.125,
        "LightOnVisionDistance": 40,
        "FAR_DISTANCE": 160,
        "FarDeltaTimeSec": 3,
        "MIDDLE_DIST": 90,
        "MiddleDeltaTimeSec": 1,
        "CloseDeltaTimeSec": 0.1,
        "POSIBLE_VISION_SPACE": 1.2,
        "GOAL_TO_FULL_DISSAPEAR": 1.1,
        "GOAL_TO_FULL_DISSAPEAR_SHOOT": 0.03,
        "BODY_DELTA_TIME_SEARCH_SEC": 1.7,
        "COME_TO_BODY_DIST": 1.2,
        "MARKSMAN_VISIBLE_DIST_COEF": 1.15,
        "VISIBLE_DISNACE_WITH_LIGHT": 95,
        "ENEMY_LIGHT_ADD": 43,
        "ENEMY_LIGHT_START_DIST": 90,
        "CAN_LOOK_TO_WALL": false,
        "DIST_NOT_TO_IGNORE_WALL": 15,
        "DIST_CHECK_WALL": 20,
        "LOOK_LAST_POSENEMY_IF_NO_DANGER_SEC": 25,
        "MIN_LOOK_AROUD_TIME": 20,
        "OPTIMIZE_TO_ONLY_BODY": true,
        "SELF_NIGHTVISION": true
      },
      "Shoot": {
        "RECOIL_TIME_NORMALIZE": 1,
        "RECOIL_PER_METER": 0.02,
        "MAX_RECOIL_PER_METER": 0.04,
        "HORIZONT_RECOIL_COEF": 0.04,
        "WAIT_NEXT_SINGLE_SHOT": 0.2,
        "WAIT_NEXT_SINGLE_SHOT_LONG_MAX": 3.3,
        "WAIT_NEXT_SINGLE_SHOT_LONG_MIN": 0.4,
        "MARKSMAN_DIST_SEK_COEF": 44,
        "FINGER_HOLD_SINGLE_SHOT": 0.14,
        "BASE_AUTOMATIC_TIME": 0.4,
        "AUTOMATIC_FIRE_SCATTERING_COEF": 1.1,
        "CHANCE_TO_CHANGE_TO_AUTOMATIC_FIRE_100": 100,
        "FAR_DIST_ENEMY": 20,
        "SHOOT_FROM_COVER": 6,
        "FAR_DIST_ENEMY_SQR": 400,
        "MAX_DIST_COEF": 1.35,
        "RECOIL_DELTA_PRESS": 0.15,
        "RUN_DIST_NO_AMMO": 25,
        "RUN_DIST_NO_AMMO_SQRT": 625,
        "CAN_SHOOTS_TIME_TO_AMBUSH": 600,
        "NOT_TO_SEE_ENEMY_TO_WANT_RELOAD_PERCENT": 0.5,
        "NOT_TO_SEE_ENEMY_TO_WANT_RELOAD_SEC": 2,
        "RELOAD_PECNET_NO_ENEMY": 0.6,
        "CHANCE_TO_CHANGE_WEAPON": 10,
        "CHANCE_TO_CHANGE_WEAPON_WITH_HELMET": 10,
        "LOW_DIST_TO_CHANGE_WEAPON": 6,
        "FAR_DIST_TO_CHANGE_WEAPON": 30,
        "SUPPRESS_BY_SHOOT_TIME": 6,
        "SUPPRESS_TRIGGERS_DOWN": 3,
        "USE_MELEE_COMBOS": true,
        "DIST_TO_HIT_MELEE": 2.25,
        "DIST_TO_HIT_MELEE_CONTINUE_COMBO": 1.75,
        "TRY_HIT_PERIOD_MELEE": 25,
        "DIST_TO_STOP_SPRINT_MELEE": 3,
        "MELEE_STOP_DIST": -0.75,
        "CHANGE_WEAPON_PERIOD": 1.5,
        "CHANGE_TO_MAIN_WEAPON_WHEN_PATROL": true,
        "VALIDATE_MALFUNCTION_CHANCE": 100,
        "REPAIR_MALFUNCTION_IMMEDIATE_CHANCE": 25,
        "DELAY_BEFORE_EXAMINE_MALFUNCTION": 0.5,
        "DELAY_BEFORE_FIX_MALFUNCTION": 0.5
      },
      "Move": {
        "BASE_ROTATE_SPEED": 270,
        "REACH_DIST": 0.5,
        "REACH_DIST_RUN": 0.8,
        "START_SLOW_DIST": 1.5,
        "BASESTART_SLOW_DIST": 1.1,
        "SLOW_COEF": 2,
        "DIST_TO_CAN_CHANGE_WAY": 8,
        "DIST_TO_START_RAYCAST": 15,
        "BASE_START_SERACH": 35,
        "UPDATE_TIME_RECAL_WAY": 7,
        "FAR_DIST": 4,
        "FAR_DIST_SQR": 16,
        "DIST_TO_CAN_CHANGE_WAY_SQR": 64,
        "DIST_TO_START_RAYCAST_SQR": 225,
        "BASE_SQRT_START_SERACH": 1225,
        "Y_APPROXIMATION": 0.7,
        "DELTA_LAST_SEEN_ENEMY": 20,
        "REACH_DIST_COVER": 2,
        "RUN_TO_COVER_MIN": 2,
        "CHANCE_TO_RUN_IF_NO_AMMO_0_100": 100,
        "RUN_IF_CANT_SHOOT": true,
        "RUN_IF_GAOL_FAR_THEN": 10,
        "SEC_TO_CHANGE_TO_RUN": 3,
        "ETERNITY_STAMINA": true
      },
      "Grenade": {
        "DELTA_NEXT_ATTEMPT_FROM_COVER": 5,
        "DELTA_NEXT_ATTEMPT": 10,
        "MIN_DIST_NOT_TO_THROW": 8,
        "NEAR_DELTA_THROW_TIME_SEC": 2,
        "MIN_THROW_GRENADE_DIST": 12,
        "MIN_THROW_GRENADE_DIST_SQRT": 144,
        "MIN_DIST_NOT_TO_THROW_SQR": 64,
        "RUN_AWAY": 22,
        "RUN_AWAY_SQR": 484,
        "ADD_GRENADE_AS_DANGER": 65,
        "ADD_GRENADE_AS_DANGER_SQR": 4225,
        "CHANCE_TO_NOTIFY_ENEMY_GR_100": 100,
        "GrenadePerMeter": 0.1,
        "REQUEST_DIST_MUST_THROW_SQRT": 4,
        "REQUEST_DIST_MUST_THROW": 2,
        "BEWARE_TYPE": 2,
        "SHOOT_TO_SMOKE_CHANCE_100": 50,
        "CHANCE_RUN_FLASHED_100": 100,
        "MAX_FLASHED_DIST_TO_SHOOT": 10,
        "MAX_FLASHED_DIST_TO_SHOOT_SQRT": 100,
        "FLASH_GRENADE_TIME_COEF": 0.1,
        "SIZE_SPOTTED_COEF": 2,
        "BE_ATTENTION_COEF": 4,
        "TIME_SHOOT_TO_FLASH": 4,
        "CLOSE_TO_SMOKE_TO_SHOOT": 10,
        "CLOSE_TO_SMOKE_TO_SHOOT_SQRT": 100,
        "CLOSE_TO_SMOKE_TIME_DELTA": 5,
        "SMOKE_CHECK_DELTA": 1,
        "DELTA_GRENADE_START_TIME": 0.01,
        "AMBUSH_IF_SMOKE_IN_ZONE_100": 40,
        "AMBUSH_IF_SMOKE_RETURN_TO_ATTACK_SEC": 30,
        "NO_RUN_FROM_AI_GRENADES": true,
        "MAX_THROW_POWER": 25,
        "MIN_THROW_DIST_PERCENT_0_1": 0.7,
        "GrenadePrecision": 0.05,
        "STOP_WHEN_THROW_GRENADE": true,
        "WAIT_TIME_TURN_AWAY": 1.2,
        "SMOKE_SUPPRESS_DELTA": 20,
        "DAMAGE_GRENADE_SUPPRESS_DELTA": 8,
        "STUN_SUPPRESS_DELTA": 9,
        "CHEAT_START_GRENADE_PLACE": true,
        "CAN_THROW_STRAIGHT_CONTACT": true,
        "STRAIGHT_CONTACT_DELTA_SEC": 3,
        "ANG_TYPE": 1
      },
      "Change": {
        "SMOKE_VISION_DIST": 0.6,
        "SMOKE_GAIN_SIGHT": 1.6,
        "SMOKE_SCATTERING": 1.6,
        "SMOKE_PRECICING": 1.6,
        "SMOKE_HEARING": 1,
        "SMOKE_ACCURATY": 1.6,
        "SMOKE_LAY_CHANCE": 1.6,
        "FLASH_VISION_DIST": 0.05,
        "FLASH_GAIN_SIGHT": 1.8,
        "FLASH_SCATTERING": 1.6,
        "FLASH_PRECICING": 1.6,
        "FLASH_HEARING": 1,
        "FLASH_ACCURATY": 1.6,
        "FLASH_LAY_CHANCE": 1,
        "STUN_HEARING": 0.01
      },
      "Cover": {
        "RETURN_TO_ATTACK_AFTER_AMBUSH_MIN": 20,
        "RETURN_TO_ATTACK_AFTER_AMBUSH_MAX": 50,
        "SOUND_TO_GET_SPOTTED": 2,
        "TIME_TO_MOVE_TO_COVER": 15,
        "MAX_DIST_OF_COVER": 4,
        "CHANGE_RUN_TO_COVER_SEC": 5,
        "CHANGE_RUN_TO_COVER_SEC_GREANDE": 0.6,
        "MIN_DIST_TO_ENEMY": 9,
        "DIST_CANT_CHANGE_WAY": 5,
        "DIST_CHECK_SFETY": 9,
        "TIME_CHECK_SAFE": 2,
        "HIDE_TO_COVER_TIME": 1.5,
        "MAX_DIST_OF_COVER_SQR": 16,
        "DIST_CANT_CHANGE_WAY_SQR": 25,
        "SPOTTED_COVERS_RADIUS": 2.5,
        "LOOK_LAST_ENEMY_POS_MOVING": 1.5,
        "LOOK_TO_HIT_POINT_IF_LAST_ENEMY": 3,
        "LOOK_LAST_ENEMY_POS_LOOKAROUND": 45,
        "OFFSET_LOOK_ALONG_WALL_ANG": 20,
        "SPOTTED_GRENADE_RADIUS": 16,
        "MAX_SPOTTED_TIME_SEC": 20,
        "WAIT_INT_COVER_FINDING_ENEMY": 2,
        "CLOSE_DIST_POINT_SQRT": 4,
        "DELTA_SEEN_FROM_COVE_LAST_POS": 5,
        "MOVE_TO_COVER_WHEN_TARGET": false,
        "RUN_COVER_IF_CAN_AND_NO_ENEMIES": true,
        "SPOTTED_GRENADE_TIME": 7,
        "DEPENDS_Y_DIST_TO_BOT": true,
        "RUN_IF_FAR": 15,
        "RUN_IF_FAR_SQRT": 225,
        "STAY_IF_FAR": 25,
        "STAY_IF_FAR_SQRT": 625,
        "CHECK_COVER_ENEMY_LOOK": false,
        "SHOOT_NEAR_TO_LEAVE": 3,
        "SHOOT_NEAR_SEC_PERIOD": 1,
        "HITS_TO_LEAVE_COVER": 2,
        "HITS_TO_LEAVE_COVER_UNKNOWN": 2,
        "DOG_FIGHT_AFTER_LEAVE": 4,
        "NOT_LOOK_AT_WALL_IS_DANGER": true,
        "MIN_DEFENCE_LEVEL": 22,
        "GOOD_DIST_TO_POINT_COEF": 1.8,
        "ENEMY_DIST_TO_GO_OUT": 1
      },
      "Patrol": {
        "LOOK_TIME_BASE": 12,
        "RESERVE_TIME_STAY": 72,
        "FRIEND_SEARCH_SEC": 12,
        "TALK_DELAY": 1.1,
        "MIN_TALK_DELAY": 35,
        "TALK_DELAY_BIG": 45.1,
        "CHANGE_WAY_TIME": 325.1,
        "MIN_DIST_TO_CLOSE_TALK": 5,
        "VISION_DIST_COEF_PEACE": 0.95,
        "MIN_DIST_TO_CLOSE_TALK_SQR": 25,
        "CHANCE_TO_CUT_WAY_0_100": 75,
        "CUT_WAY_MIN_0_1": 0.4,
        "CUT_WAY_MAX_0_1": 0.65,
        "CHANCE_TO_CHANGE_WAY_0_100": 30,
        "CHANCE_TO_SHOOT_DEADBODY": 52,
        "SUSPETION_PLACE_LIFETIME": 7,
        "RESERVE_OUT_TIME": 60,
        "CLOSE_TO_SELECT_RESERV_WAY": 25,
        "MAX_YDIST_TO_START_WARN_REQUEST_TO_REQUESTER": 5,
        "FORCE_OPPONENT_TO_PEAEFUL": true,
        "CAN_CHECK_MAGAZINE": false
      },
      "Hearing": {
        "BOT_CLOSE_PANIC_DIST": 1,
        "CHANCE_TO_HEAR_SIMPLE_SOUND_0_1": 0.98,
        "DISPERSION_COEF": 10,
        "CLOSE_DIST": 36,
        "FAR_DIST": 66,
        "SOUND_DIR_DEEFREE": 30,
        "DIST_PLACE_TO_FIND_POINT": 70,
        "DEAD_BODY_SOUND_RAD": 30,
        "LOOK_ONLY_DANGER": false,
        "RESET_TIMER_DIST": 17,
        "HEAR_DELAY_WHEN_PEACE": 0,
        "HEAR_DELAY_WHEN_HAVE_SMT": 0,
        "LOOK_ONLY_DANGER_DELTA": 9
      },
      "Mind": {
        "MIN_SHOOTS_TIME": 2,
        "MAX_SHOOTS_TIME": 4,
        "TIME_TO_RUN_TO_COVER_CAUSE_SHOOT_SEC": 15,
        "DAMAGE_REDUCTION_TIME_SEC": 30,
        "MIN_DAMAGE_SCARE": 20,
        "CHANCE_TO_IGNORE_TRIPWIRE": 100,
        "CHANCE_TO_RUN_CAUSE_DAMAGE_0_100": 35,
        "TIME_TO_FORGOR_ABOUT_ENEMY_SEC": 52,
        "TIME_TO_FIND_ENEMY": 22,
        "MAX_AGGRO_BOT_DIST": 100,
        "HIT_POINT_DETECTION": 4,
        "DANGER_POINT_CHOOSE_COEF": 1,
        "SIMPLE_POINT_CHOOSE_COEF": 0.4,
        "LASTSEEN_POINT_CHOOSE_COEF": 0.2,
        "COVER_DIST_COEF": 1.5,
        "DIST_TO_FOUND_SQRT": 400,
        "MAX_AGGRO_BOT_DIST_SQR": 10000,
        "DIST_TO_STOP_RUN_ENEMY": 15,
        "ENEMY_LOOK_AT_ME_ANG": 15,
        "MIN_START_AGGRESION_COEF": 1,
        "MAX_START_AGGRESION_COEF": 3,
        "BULLET_FEEL_DIST": 160,
        "BULLET_FEEL_CLOSE_SDIST": 1,
        "ATTACK_IMMEDIATLY_CHANCE_0_100": 40,
        "CHANCE_FUCK_YOU_ON_CONTACT_100": 0.01,
        "FRIEND_DEAD_AGR_LOW": -0.2,
        "FRIEND_AGR_KILL": 0.2,
        "LAST_ENEMY_LOOK_TO": 40,
        "CAN_RECEIVE_PLAYER_REQUESTS_SAVAGE": false,
        "CAN_RECEIVE_PLAYER_REQUESTS_BEAR": false,
        "CAN_RECEIVE_PLAYER_REQUESTS_USEC": false,
        "IGNORE_TRAP": true,
        "CAN_USE_MEDS": true,
        "SUSPETION_POINT_CHANCE_ADD100": 0,
        "AMBUSH_WHEN_UNDER_FIRE": true,
        "AMBUSH_WHEN_UNDER_FIRE_TIME_RESIST": 60,
        "ATTACK_ENEMY_IF_PROTECT_DELTA_LAST_TIME_SEEN": 1.5,
        "HOLD_IF_PROTECT_DELTA_LAST_TIME_SEEN": 8.5,
        "FIND_COVER_TO_GET_POSITION_WITH_SHOOT": 2,
        "PROTECT_TIME_REAL": true,
        "CHANCE_SHOOT_WHEN_WARN_PLAYER_100": 25,
        "CAN_PANIC_IS_PROTECT": false,
        "NO_RUN_AWAY_FOR_SAFE": false,
        "PART_PERCENT_TO_HEAL": 0.65,
        "PROTECT_DELTA_HEAL_SEC": 10,
        "CAN_STAND_BY": true,
        "CAN_THROW_REQUESTS": true,
        "GROUP_ANY_PHRASE_DELAY": 5,
        "GROUP_EXACTLY_PHRASE_DELAY": 30,
        "DIST_TO_ENEMY_YO_CAN_HEAL": 30,
        "CHANCE_TO_STAY_WHEN_WARN_PLAYER_100": 80,
        "DOG_FIGHT_OUT": 6,
        "DOG_FIGHT_IN": 3,
        "SHOOT_INSTEAD_DOG_FIGHT": 9,
        "PISTOL_SHOTGUN_AMBUSH_DIST": 30,
        "STANDART_AMBUSH_DIST": 100,
        "AI_POWER_COEF": 120,
        "COVER_SECONDS_AFTER_LOSE_VISION": 10,
        "COVER_SELF_ALWAYS_IF_DAMAGED": false,
        "SEC_TO_MORE_DIST_TO_RUN": 10,
        "HEAL_DELAY_SEC": 5,
        "HIT_DELAY_WHEN_HAVE_SMT": -1,
        "HIT_DELAY_WHEN_PEACE": -1,
        "CAN_TAKE_ITEMS": false,
        "TALK_WITH_QUERY": true,
        "CAN_EXECUTE_REQUESTS": true,
        "DEFAULT_SAVAGE_BEHAVIOUR": "Warn",
        "DEFAULT_BEAR_BEHAVIOUR": "AlwaysEnemies",
        "DEFAULT_USEC_BEHAVIOUR": "AlwaysEnemies",
        "FRIENDLY_BOT_TYPES": [
          "bossKilla",
          "assault"
        ],
        "WARN_BOT_TYPES": [],
        "ENEMY_BOT_TYPES": [
          "pmcBEAR",
          "pmcUSEC"
        ]
      },
      "Boss": {
        "BOSS_DIST_TO_WARNING": 15,
        "BOSS_DIST_TO_WARNING_SQRT": 225,
        "BOSS_DIST_TO_WARNING_USEC": 15,
        "BOSS_DIST_TO_WARNING_SQRT_USEC": 225,
        "BOSS_DIST_TO_WARNING_BEAR": 15,
        "BOSS_DIST_TO_WARNING_SQRT_BEAR": 225,
        "BOSS_DIST_TO_WARNING_OUT": 20,
        "BOSS_DIST_TO_WARNING_OUT_SQRT": 400,
        "BOSS_DIST_TO_SHOOT": 5,
        "BOSS_DIST_TO_SHOOT_SQRT": 25,
        "TAGILLA_FIRST_ASSAULT_RADIUS": 30,
        "TAGILLA_SECOND_ASSAULT_RADIUS": 30,
        "TAGILLA_FIRST_ASSAULT_CHANCE": 110,
        "TAGILLA_SECOND_ASSAULT_CHANCE": 110,
        "CHANCE_TO_SEND_GRENADE_100": 100,
        "MAX_DIST_COVER_BOSS": 25,
        "MAX_DIST_COVER_BOSS_SQRT": 625,
        "MAX_DIST_DECIDER_TO_SEND": 35,
        "MAX_DIST_DECIDER_TO_SEND_SQRT": 1225,
        "TIME_AFTER_LOSE": 15,
        "TIME_AFTER_LOSE_DELTA": 60,
        "PERSONS_SEND": 2,
        "DELTA_SEARCH_TIME": 18,
        "COVER_TO_SEND": true,
        "WAIT_NO_ATTACK_SAVAGE": 1,
        "CHANCE_USE_RESERVE_PATROL_100": 30,
        "KILLA_Y_DELTA_TO_BE_ENEMY_BOSS": 5,
        "KILLA_DITANCE_TO_BE_ENEMY_BOSS": 45,
        "KILLA_START_SEARCH_SEC": 40,
        "KILLA_CONTUTION_TIME": 5,
        "KILLA_CLOSE_ATTACK_DIST": 8,
        "KILLA_MIDDLE_ATTACK_DIST": 22,
        "KILLA_LARGE_ATTACK_DIST": 41,
        "KILLA_SEARCH_METERS": 20,
        "KILLA_DEF_DIST_SQRT": 225,
        "KILLA_SEARCH_SEC_STOP_AFTER_COMING": 25,
        "KILLA_DIST_TO_GO_TO_SUPPRESS": 6,
        "KILLA_AFTER_GRENADE_SUPPRESS_DELAY": 2,
        "KILLA_CLOSEATTACK_TIMES": 4,
        "KILLA_CLOSEATTACK_DELAY": -1,
        "KILLA_HOLD_DELAY": 5,
        "KILLA_BULLET_TO_RELOAD": 15,
        "SHALL_WARN": true,
        "KOJANIY_DIST_WHEN_READY": 40,
        "KOJANIY_DIST_TO_BE_ENEMY": 200,
        "KOJANIY_MIN_DIST_TO_LOOT": 20,
        "KOJANIY_MIN_DIST_TO_LOOT_SQRT": 400,
        "KOJANIY_DIST_ENEMY_TOO_CLOSE": 17,
        "KOJANIY_MANY_ENEMIES_COEF": 1.5,
        "KILLA_ENEMIES_TO_ATTACK": 3,
        "KILLA_ONE_IS_CLOSE": 30,
        "KILLA_TRIGGER_DOWN_DELAY": 1,
        "KILLA_WAIT_IN_COVER_COEF": 1,
        "TAGILLA_MELEE_CHANCE_RELOAD": 75,
        "TAGILLA_MELEE_CHANCE_INTERACTION": 75,
        "TAGILLA_MELEE_CHANCE_INVENTORY": 75,
        "TAGILLA_MELEE_CHANCE_MEDS": 75,
        "TAGILLA_MELEE_CHANCE_FORCED": 75,
        "EFFECT_REGENERATION_PER_MIN": 60,
        "EFFECT_PAINKILLER": true
      },
      "Core": {
        "VisibleAngle": 180,
        "VisibleDistance": 137,
        "GainSightCoef": 2,
        "ScatteringPerMeter": 0.1,
        "ScatteringClosePerMeter": 0.1,
        "DamageCoeff": 1,
        "HearingSense": 3.95,
        "CanRun": true,
        "CanGrenade": true,
        "AimingType": "normal",
        "PistolFireDistancePref": 35,
        "ShotgunFireDistancePref": 50,
        "RifleFireDistancePref": 100,
        "AccuratySpeed": 0.2,
        "WaitInCoverBetweenShotsSec": 1,
        "START_DIST_TO_COV": 50
      },
      "Scattering": {
        "MinScatter": 0.03,
        "WorkingScatter": 0.15,
        "MaxScatter": 0.4,
        "SpeedUp": 0.3,
        "SpeedUpAim": 1.4,
        "SpeedDown": -0.3,
        "ToSlowBotSpeed": 1.5,
        "ToLowBotSpeed": 2.4,
        "ToUpBotSpeed": 3.6,
        "MovingSlowCoef": 1.5,
        "ToLowBotAngularSpeed": 80,
        "ToStopBotAngularSpeed": 40,
        "FromShot": 0.001,
        "TracerCoef": 1.3,
        "HandDamageScatteringMinMax": 0.7,
        "HandDamageAccuracySpeed": 1.3,
        "BloodFall": 1.45,
        "Caution": 0.3,
        "ToCaution": 0.6,
        "RecoilControlCoefShootDone": 0.0003,
        "RecoilControlCoefShootDoneAuto": 0.00015,
        "AMPLITUDE_FACTOR": 0.25,
        "AMPLITUDE_SPEED": 0.1,
        "DIST_FROM_OLD_POINT_TO_NOT_AIM": 15,
        "DIST_FROM_OLD_POINT_TO_NOT_AIM_SQRT": 225,
        "DIST_NOT_TO_SHOOT": 0.3,
        "PoseChnageCoef": 0.1,
        "LayFactor": 0.1,
        "RecoilYCoef": 0.0005,
        "RecoilYCoefSppedDown": -0.52,
        "RecoilYMax": 1
      }
    },
    "normal": {
      "Lay": {
        "CHECK_SHOOT_WHEN_LAYING": false,
        "DELTA_LAY_CHECK": 2,
        "DELTA_GETUP": 2.7,
        "DELTA_AFTER_GETUP": 10,
        "CLEAR_POINTS_OF_SCARE_SEC": 20,
        "MAX_LAY_TIME": 35,
        "DELTA_WANT_LAY_CHECL_SEC": 5,
        "ATTACK_LAY_CHANCE": 25,
        "DIST_TO_COVER_TO_LAY": 3.5,
        "DIST_TO_COVER_TO_LAY_SQRT": 12.25,
        "DIST_GRASS_TERRAIN_SQRT": 0.160000011,
        "DIST_ENEMY_NULL_DANGER_LAY": 15,
        "DIST_ENEMY_NULL_DANGER_LAY_SQRT": 225,
        "DIST_ENEMY_GETUP_LAY": 10,
        "DIST_ENEMY_GETUP_LAY_SQRT": 100,
        "DIST_ENEMY_CAN_LAY": 15,
        "DIST_ENEMY_CAN_LAY_SQRT": 225,
        "LAY_AIM": 0.6,
        "MIN_CAN_LAY_DIST_SQRT": 121,
        "MIN_CAN_LAY_DIST": 11,
        "MAX_CAN_LAY_DIST_SQRT": 40000,
        "MAX_CAN_LAY_DIST": 200,
        "LAY_CHANCE_DANGER": 40,
        "DAMAGE_TIME_TO_GETUP": 3
      },
      "Aiming": {
        "MAX_AIM_PRECICING": 2,
        "BETTER_PRECICING_COEF": 0.9,
        "RECALC_DIST": 0.7,
        "RECALC_SQR_DIST": 0.48999998,
        "COEF_FROM_COVER": 0.85,
        "PANIC_COEF": 1.2,
        "PANIC_ACCURATY_COEF": 1.2,
        "HARD_AIM": 0.75,
        "PANIC_TIME": 6,
        "RECALC_MUST_TIME": 3,
        "DAMAGE_PANIC_TIME": 5,
        "DANGER_UP_POINT": 1.3,
        "MAX_AIMING_UPGRADE_BY_TIME": 0.25,
        "DAMAGE_TO_DISCARD_AIM_0_100": 1,
        "MIN_TIME_DISCARD_AIM_SEC": 0,
        "MAX_TIME_DISCARD_AIM_SEC": 0,
        "XZ_COEF": 0.2,
        "SHOOT_TO_CHANGE_PRIORITY": 5525,
        "BOTTOM_COEF": 0.1,
        "FIRST_CONTACT_ADD_SEC": 0.1,
        "FIRST_CONTACT_ADD_CHANCE_100": 80,
        "BASE_HIT_AFFECTION_DELAY_SEC": 0.27,
        "BASE_HIT_AFFECTION_MIN_ANG": 4,
        "BASE_HIT_AFFECTION_MAX_ANG": 8,
        "BASE_SHIEF": 0.05,
        "SCATTERING_HAVE_DAMAGE_COEF": 2,
        "SCATTERING_DIST_MODIF": 0.45,
        "SCATTERING_DIST_MODIF_CLOSE": 0.6,
        "AIMING_TYPE": 1,
        "DIST_TO_SHOOT_TO_CENTER": 3,
        "DIST_TO_SHOOT_NO_OFFSET": 3,
        "SHPERE_FRIENDY_FIRE_SIZE": -1,
        "COEF_IF_MOVE": 1,
        "TIME_COEF_IF_MOVE": 1.1,
        "BOT_MOVE_IF_DELTA": 3.01,
        "NEXT_SHOT_MISS_CHANCE_100": 100,
        "NEXT_SHOT_MISS_Y_OFFSET": 1,
        "ANYTIME_LIGHT_WHEN_AIM_100": -1,
        "ANY_PART_SHOOT_TIME": 15,
        "WEAPON_ROOT_OFFSET": 0.35,
        "MIN_DAMAGE_TO_GET_HIT_AFFETS": 1,
        "MAX_AIM_TIME": 1.5,
        "OFFSET_RECAL_ANYWAY_TIME": 1
      },
      "Look": {
        "OLD_TIME_POINT": 11,
        "WAIT_NEW_SENSOR": 2.1,
        "WAIT_NEW__LOOK_SENSOR": 7.8,
        "LOOK_AROUND_DELTA": 1.1,
        "MAX_VISION_GRASS_METERS": 0.8,
        "MAX_VISION_GRASS_METERS_FLARE": 8,
        "MAX_VISION_GRASS_METERS_OPT": 0.9090909,
        "MAX_VISION_GRASS_METERS_FLARE_OPT": 0.125,
        "LightOnVisionDistance": 40,
        "FAR_DISTANCE": 160,
        "FarDeltaTimeSec": 3,
        "MIDDLE_DIST": 90,
        "MiddleDeltaTimeSec": 1,
        "CloseDeltaTimeSec": 0.1,
        "POSIBLE_VISION_SPACE": 1.2,
        "GOAL_TO_FULL_DISSAPEAR": 1.1,
        "GOAL_TO_FULL_DISSAPEAR_SHOOT": 0.03,
        "BODY_DELTA_TIME_SEARCH_SEC": 1.7,
        "COME_TO_BODY_DIST": 1.2,
        "MARKSMAN_VISIBLE_DIST_COEF": 1.15,
        "VISIBLE_DISNACE_WITH_LIGHT": 95,
        "ENEMY_LIGHT_ADD": 43,
        "ENEMY_LIGHT_START_DIST": 90,
        "CAN_LOOK_TO_WALL": false,
        "DIST_NOT_TO_IGNORE_WALL": 15,
        "DIST_CHECK_WALL": 20,
        "LOOK_LAST_POSENEMY_IF_NO_DANGER_SEC": 25,
        "MIN_LOOK_AROUD_TIME": 20,
        "OPTIMIZE_TO_ONLY_BODY": true,
        "SELF_NIGHTVISION": true
      },
      "Shoot": {
        "RECOIL_TIME_NORMALIZE": 1,
        "RECOIL_PER_METER": 0.02,
        "MAX_RECOIL_PER_METER": 0.04,
        "HORIZONT_RECOIL_COEF": 0.04,
        "WAIT_NEXT_SINGLE_SHOT": 0.2,
        "WAIT_NEXT_SINGLE_SHOT_LONG_MAX": 3.3,
        "WAIT_NEXT_SINGLE_SHOT_LONG_MIN": 0.4,
        "MARKSMAN_DIST_SEK_COEF": 44,
        "FINGER_HOLD_SINGLE_SHOT": 0.14,
        "BASE_AUTOMATIC_TIME": 0.4,
        "AUTOMATIC_FIRE_SCATTERING_COEF": 1.1,
        "CHANCE_TO_CHANGE_TO_AUTOMATIC_FIRE_100": 100,
        "FAR_DIST_ENEMY": 20,
        "SHOOT_FROM_COVER": 6,
        "FAR_DIST_ENEMY_SQR": 400,
        "MAX_DIST_COEF": 1.35,
        "RECOIL_DELTA_PRESS": 0.15,
        "RUN_DIST_NO_AMMO": 25,
        "RUN_DIST_NO_AMMO_SQRT": 625,
        "CAN_SHOOTS_TIME_TO_AMBUSH": 600,
        "NOT_TO_SEE_ENEMY_TO_WANT_RELOAD_PERCENT": 0.5,
        "NOT_TO_SEE_ENEMY_TO_WANT_RELOAD_SEC": 2,
        "RELOAD_PECNET_NO_ENEMY": 0.6,
        "CHANCE_TO_CHANGE_WEAPON": 10,
        "CHANCE_TO_CHANGE_WEAPON_WITH_HELMET": 10,
        "LOW_DIST_TO_CHANGE_WEAPON": 6,
        "FAR_DIST_TO_CHANGE_WEAPON": 30,
        "SUPPRESS_BY_SHOOT_TIME": 6,
        "SUPPRESS_TRIGGERS_DOWN": 3,
        "USE_MELEE_COMBOS": true,
        "DIST_TO_HIT_MELEE": 2.25,
        "DIST_TO_HIT_MELEE_CONTINUE_COMBO": 1.75,
        "TRY_HIT_PERIOD_MELEE": 25,
        "DIST_TO_STOP_SPRINT_MELEE": 3,
        "MELEE_STOP_DIST": -0.75,
        "CHANGE_WEAPON_PERIOD": 1.5,
        "CHANGE_TO_MAIN_WEAPON_WHEN_PATROL": true,
        "VALIDATE_MALFUNCTION_CHANCE": 100,
        "REPAIR_MALFUNCTION_IMMEDIATE_CHANCE": 25,
        "DELAY_BEFORE_EXAMINE_MALFUNCTION": 0.5,
        "DELAY_BEFORE_FIX_MALFUNCTION": 0.5
      },
      "Move": {
        "BASE_ROTATE_SPEED": 270,
        "REACH_DIST": 0.5,
        "REACH_DIST_RUN": 0.8,
        "START_SLOW_DIST": 1.5,
        "BASESTART_SLOW_DIST": 1.1,
        "SLOW_COEF": 2,
        "DIST_TO_CAN_CHANGE_WAY": 8,
        "DIST_TO_START_RAYCAST": 15,
        "BASE_START_SERACH": 35,
        "UPDATE_TIME_RECAL_WAY": 7,
        "FAR_DIST": 4,
        "FAR_DIST_SQR": 16,
        "DIST_TO_CAN_CHANGE_WAY_SQR": 64,
        "DIST_TO_START_RAYCAST_SQR": 225,
        "BASE_SQRT_START_SERACH": 1225,
        "Y_APPROXIMATION": 0.7,
        "DELTA_LAST_SEEN_ENEMY": 20,
        "REACH_DIST_COVER": 2,
        "RUN_TO_COVER_MIN": 2,
        "CHANCE_TO_RUN_IF_NO_AMMO_0_100": 100,
        "RUN_IF_CANT_SHOOT": true,
        "RUN_IF_GAOL_FAR_THEN": 10,
        "SEC_TO_CHANGE_TO_RUN": 3,
        "ETERNITY_STAMINA": true
      },
      "Grenade": {
        "DELTA_NEXT_ATTEMPT_FROM_COVER": 5,
        "DELTA_NEXT_ATTEMPT": 10,
        "MIN_DIST_NOT_TO_THROW": 8,
        "NEAR_DELTA_THROW_TIME_SEC": 2,
        "MIN_THROW_GRENADE_DIST": 12,
        "MIN_THROW_GRENADE_DIST_SQRT": 144,
        "MIN_DIST_NOT_TO_THROW_SQR": 64,
        "RUN_AWAY": 22,
        "RUN_AWAY_SQR": 484,
        "ADD_GRENADE_AS_DANGER": 65,
        "ADD_GRENADE_AS_DANGER_SQR": 4225,
        "CHANCE_TO_NOTIFY_ENEMY_GR_100": 100,
        "GrenadePerMeter": 0.1,
        "REQUEST_DIST_MUST_THROW_SQRT": 4,
        "REQUEST_DIST_MUST_THROW": 2,
        "BEWARE_TYPE": 2,
        "SHOOT_TO_SMOKE_CHANCE_100": 50,
        "CHANCE_RUN_FLASHED_100": 100,
        "MAX_FLASHED_DIST_TO_SHOOT": 10,
        "MAX_FLASHED_DIST_TO_SHOOT_SQRT": 100,
        "FLASH_GRENADE_TIME_COEF": 0.1,
        "SIZE_SPOTTED_COEF": 2,
        "BE_ATTENTION_COEF": 4,
        "TIME_SHOOT_TO_FLASH": 4,
        "CLOSE_TO_SMOKE_TO_SHOOT": 10,
        "CLOSE_TO_SMOKE_TO_SHOOT_SQRT": 100,
        "CLOSE_TO_SMOKE_TIME_DELTA": 5,
        "SMOKE_CHECK_DELTA": 1,
        "DELTA_GRENADE_START_TIME": 0.01,
        "AMBUSH_IF_SMOKE_IN_ZONE_100": 40,
        "AMBUSH_IF_SMOKE_RETURN_TO_ATTACK_SEC": 30,
        "NO_RUN_FROM_AI_GRENADES": true,
        "MAX_THROW_POWER": 25,
        "MIN_THROW_DIST_PERCENT_0_1": 0.7,
        "GrenadePrecision": 0.05,
        "STOP_WHEN_THROW_GRENADE": true,
        "WAIT_TIME_TURN_AWAY": 1.2,
        "SMOKE_SUPPRESS_DELTA": 20,
        "DAMAGE_GRENADE_SUPPRESS_DELTA": 8,
        "STUN_SUPPRESS_DELTA": 9,
        "CHEAT_START_GRENADE_PLACE": true,
        "CAN_THROW_STRAIGHT_CONTACT": true,
        "STRAIGHT_CONTACT_DELTA_SEC": 3,
        "ANG_TYPE": 1
      },
      "Change": {
        "SMOKE_VISION_DIST": 0.6,
        "SMOKE_GAIN_SIGHT": 1.6,
        "SMOKE_SCATTERING": 1.6,
        "SMOKE_PRECICING": 1.6,
        "SMOKE_HEARING": 1,
        "SMOKE_ACCURATY": 1.6,
        "SMOKE_LAY_CHANCE": 1.6,
        "FLASH_VISION_DIST": 0.05,
        "FLASH_GAIN_SIGHT": 1.8,
        "FLASH_SCATTERING": 1.6,
        "FLASH_PRECICING": 1.6,
        "FLASH_HEARING": 1,
        "FLASH_ACCURATY": 1.6,
        "FLASH_LAY_CHANCE": 1,
        "STUN_HEARING": 0.01
      },
      "Cover": {
        "RETURN_TO_ATTACK_AFTER_AMBUSH_MIN": 20,
        "RETURN_TO_ATTACK_AFTER_AMBUSH_MAX": 50,
        "SOUND_TO_GET_SPOTTED": 2,
        "TIME_TO_MOVE_TO_COVER": 15,
        "MAX_DIST_OF_COVER": 4,
        "CHANGE_RUN_TO_COVER_SEC": 5,
        "CHANGE_RUN_TO_COVER_SEC_GREANDE": 0.6,
        "MIN_DIST_TO_ENEMY": 9,
        "DIST_CANT_CHANGE_WAY": 5,
        "DIST_CHECK_SFETY": 9,
        "TIME_CHECK_SAFE": 2,
        "HIDE_TO_COVER_TIME": 1.5,
        "MAX_DIST_OF_COVER_SQR": 16,
        "DIST_CANT_CHANGE_WAY_SQR": 25,
        "SPOTTED_COVERS_RADIUS": 2.5,
        "LOOK_LAST_ENEMY_POS_MOVING": 1.5,
        "LOOK_TO_HIT_POINT_IF_LAST_ENEMY": 3,
        "LOOK_LAST_ENEMY_POS_LOOKAROUND": 45,
        "OFFSET_LOOK_ALONG_WALL_ANG": 20,
        "SPOTTED_GRENADE_RADIUS": 16,
        "MAX_SPOTTED_TIME_SEC": 20,
        "WAIT_INT_COVER_FINDING_ENEMY": 2,
        "CLOSE_DIST_POINT_SQRT": 4,
        "DELTA_SEEN_FROM_COVE_LAST_POS": 5,
        "MOVE_TO_COVER_WHEN_TARGET": false,
        "RUN_COVER_IF_CAN_AND_NO_ENEMIES": true,
        "SPOTTED_GRENADE_TIME": 7,
        "DEPENDS_Y_DIST_TO_BOT": true,
        "RUN_IF_FAR": 15,
        "RUN_IF_FAR_SQRT": 225,
        "STAY_IF_FAR": 25,
        "STAY_IF_FAR_SQRT": 625,
        "CHECK_COVER_ENEMY_LOOK": false,
        "SHOOT_NEAR_TO_LEAVE": 3,
        "SHOOT_NEAR_SEC_PERIOD": 1,
        "HITS_TO_LEAVE_COVER": 2,
        "HITS_TO_LEAVE_COVER_UNKNOWN": 2,
        "DOG_FIGHT_AFTER_LEAVE": 4,
        "NOT_LOOK_AT_WALL_IS_DANGER": true,
        "MIN_DEFENCE_LEVEL": 22,
        "GOOD_DIST_TO_POINT_COEF": 1.8,
        "ENEMY_DIST_TO_GO_OUT": 1
      },
      "Patrol": {
        "LOOK_TIME_BASE": 12,
        "RESERVE_TIME_STAY": 72,
        "FRIEND_SEARCH_SEC": 12,
        "TALK_DELAY": 1.1,
        "MIN_TALK_DELAY": 35,
        "TALK_DELAY_BIG": 45.1,
        "CHANGE_WAY_TIME": 325.1,
        "MIN_DIST_TO_CLOSE_TALK": 5,
        "VISION_DIST_COEF_PEACE": 0.95,
        "MIN_DIST_TO_CLOSE_TALK_SQR": 25,
        "CHANCE_TO_CUT_WAY_0_100": 75,
        "CUT_WAY_MIN_0_1": 0.4,
        "CUT_WAY_MAX_0_1": 0.65,
        "CHANCE_TO_CHANGE_WAY_0_100": 30,
        "CHANCE_TO_SHOOT_DEADBODY": 52,
        "SUSPETION_PLACE_LIFETIME": 7,
        "RESERVE_OUT_TIME": 60,
        "CLOSE_TO_SELECT_RESERV_WAY": 25,
        "MAX_YDIST_TO_START_WARN_REQUEST_TO_REQUESTER": 5,
        "FORCE_OPPONENT_TO_PEAEFUL": true,
        "CAN_CHECK_MAGAZINE": false
      },
      "Hearing": {
        "BOT_CLOSE_PANIC_DIST": 1,
        "CHANCE_TO_HEAR_SIMPLE_SOUND_0_1": 0.98,
        "DISPERSION_COEF": 10,
        "CLOSE_DIST": 36,
        "FAR_DIST": 66,
        "SOUND_DIR_DEEFREE": 30,
        "DIST_PLACE_TO_FIND_POINT": 70,
        "DEAD_BODY_SOUND_RAD": 30,
        "LOOK_ONLY_DANGER": false,
        "RESET_TIMER_DIST": 17,
        "HEAR_DELAY_WHEN_PEACE": 0,
        "HEAR_DELAY_WHEN_HAVE_SMT": 0,
        "LOOK_ONLY_DANGER_DELTA": 9
      },
      "Mind": {
        "MIN_SHOOTS_TIME": 2,
        "MAX_SHOOTS_TIME": 4,
        "TIME_TO_RUN_TO_COVER_CAUSE_SHOOT_SEC": 15,
        "DAMAGE_REDUCTION_TIME_SEC": 30,
        "MIN_DAMAGE_SCARE": 20,
        "CHANCE_TO_IGNORE_TRIPWIRE": 100,
        "CHANCE_TO_RUN_CAUSE_DAMAGE_0_100": 35,
        "TIME_TO_FORGOR_ABOUT_ENEMY_SEC": 52,
        "TIME_TO_FIND_ENEMY": 22,
        "MAX_AGGRO_BOT_DIST": 100,
        "HIT_POINT_DETECTION": 4,
        "DANGER_POINT_CHOOSE_COEF": 1,
        "SIMPLE_POINT_CHOOSE_COEF": 0.4,
        "LASTSEEN_POINT_CHOOSE_COEF": 0.2,
        "COVER_DIST_COEF": 1.5,
        "DIST_TO_FOUND_SQRT": 400,
        "MAX_AGGRO_BOT_DIST_SQR": 10000,
        "DIST_TO_STOP_RUN_ENEMY": 15,
        "ENEMY_LOOK_AT_ME_ANG": 15,
        "MIN_START_AGGRESION_COEF": 1,
        "MAX_START_AGGRESION_COEF": 3,
        "BULLET_FEEL_DIST": 160,
        "BULLET_FEEL_CLOSE_SDIST": 1,
        "ATTACK_IMMEDIATLY_CHANCE_0_100": 40,
        "CHANCE_FUCK_YOU_ON_CONTACT_100": 0.01,
        "FRIEND_DEAD_AGR_LOW": -0.2,
        "FRIEND_AGR_KILL": 0.2,
        "LAST_ENEMY_LOOK_TO": 40,
        "CAN_RECEIVE_PLAYER_REQUESTS_SAVAGE": false,
        "CAN_RECEIVE_PLAYER_REQUESTS_BEAR": false,
        "CAN_RECEIVE_PLAYER_REQUESTS_USEC": false,
        "IGNORE_TRAP": true,
        "CAN_USE_MEDS": true,
        "SUSPETION_POINT_CHANCE_ADD100": 0,
        "AMBUSH_WHEN_UNDER_FIRE": true,
        "AMBUSH_WHEN_UNDER_FIRE_TIME_RESIST": 60,
        "ATTACK_ENEMY_IF_PROTECT_DELTA_LAST_TIME_SEEN": 1.5,
        "HOLD_IF_PROTECT_DELTA_LAST_TIME_SEEN": 8.5,
        "FIND_COVER_TO_GET_POSITION_WITH_SHOOT": 2,
        "PROTECT_TIME_REAL": true,
        "CHANCE_SHOOT_WHEN_WARN_PLAYER_100": 25,
        "CAN_PANIC_IS_PROTECT": false,
        "NO_RUN_AWAY_FOR_SAFE": false,
        "PART_PERCENT_TO_HEAL": 0.65,
        "PROTECT_DELTA_HEAL_SEC": 10,
        "CAN_STAND_BY": true,
        "CAN_THROW_REQUESTS": true,
        "GROUP_ANY_PHRASE_DELAY": 5,
        "GROUP_EXACTLY_PHRASE_DELAY": 30,
        "DIST_TO_ENEMY_YO_CAN_HEAL": 30,
        "CHANCE_TO_STAY_WHEN_WARN_PLAYER_100": 80,
        "DOG_FIGHT_OUT": 6,
        "DOG_FIGHT_IN": 3,
        "SHOOT_INSTEAD_DOG_FIGHT": 9,
        "PISTOL_SHOTGUN_AMBUSH_DIST": 30,
        "STANDART_AMBUSH_DIST": 100,
        "AI_POWER_COEF": 120,
        "COVER_SECONDS_AFTER_LOSE_VISION": 10,
        "COVER_SELF_ALWAYS_IF_DAMAGED": false,
        "SEC_TO_MORE_DIST_TO_RUN": 10,
        "HEAL_DELAY_SEC": 5,
        "HIT_DELAY_WHEN_HAVE_SMT": -1,
        "HIT_DELAY_WHEN_PEACE": -1,
        "CAN_TAKE_ITEMS": false,
        "TALK_WITH_QUERY": true,
        "CAN_EXECUTE_REQUESTS": true,
        "DEFAULT_SAVAGE_BEHAVIOUR": "Warn",
        "DEFAULT_BEAR_BEHAVIOUR": "AlwaysEnemies",
        "DEFAULT_USEC_BEHAVIOUR": "AlwaysEnemies",
        "FRIENDLY_BOT_TYPES": [
          "bossKilla",
          "assault"
        ],
        "WARN_BOT_TYPES": [],
        "ENEMY_BOT_TYPES": [
          "pmcBEAR",
          "pmcUSEC"
        ]
      },
      "Boss": {
        "BOSS_DIST_TO_WARNING": 15,
        "BOSS_DIST_TO_WARNING_SQRT": 225,
        "BOSS_DIST_TO_WARNING_USEC": 15,
        "BOSS_DIST_TO_WARNING_SQRT_USEC": 225,
        "BOSS_DIST_TO_WARNING_BEAR": 15,
        "BOSS_DIST_TO_WARNING_SQRT_BEAR": 225,
        "BOSS_DIST_TO_WARNING_OUT": 20,
        "BOSS_DIST_TO_WARNING_OUT_SQRT": 400,
        "BOSS_DIST_TO_SHOOT": 5,
        "BOSS_DIST_TO_SHOOT_SQRT": 25,
        "TAGILLA_FIRST_ASSAULT_RADIUS": 30,
        "TAGILLA_SECOND_ASSAULT_RADIUS": 30,
        "TAGILLA_FIRST_ASSAULT_CHANCE": 110,
        "TAGILLA_SECOND_ASSAULT_CHANCE": 110,
        "CHANCE_TO_SEND_GRENADE_100": 100,
        "MAX_DIST_COVER_BOSS": 25,
        "MAX_DIST_COVER_BOSS_SQRT": 625,
        "MAX_DIST_DECIDER_TO_SEND": 35,
        "MAX_DIST_DECIDER_TO_SEND_SQRT": 1225,
        "TIME_AFTER_LOSE": 15,
        "TIME_AFTER_LOSE_DELTA": 60,
        "PERSONS_SEND": 2,
        "DELTA_SEARCH_TIME": 18,
        "COVER_TO_SEND": true,
        "WAIT_NO_ATTACK_SAVAGE": 1,
        "CHANCE_USE_RESERVE_PATROL_100": 30,
        "KILLA_Y_DELTA_TO_BE_ENEMY_BOSS": 5,
        "KILLA_DITANCE_TO_BE_ENEMY_BOSS": 45,
        "KILLA_START_SEARCH_SEC": 40,
        "KILLA_CONTUTION_TIME": 5,
        "KILLA_CLOSE_ATTACK_DIST": 8,
        "KILLA_MIDDLE_ATTACK_DIST": 22,
        "KILLA_LARGE_ATTACK_DIST": 41,
        "KILLA_SEARCH_METERS": 20,
        "KILLA_DEF_DIST_SQRT": 225,
        "KILLA_SEARCH_SEC_STOP_AFTER_COMING": 25,
        "KILLA_DIST_TO_GO_TO_SUPPRESS": 6,
        "KILLA_AFTER_GRENADE_SUPPRESS_DELAY": 2,
        "KILLA_CLOSEATTACK_TIMES": 4,
        "KILLA_CLOSEATTACK_DELAY": -1,
        "KILLA_HOLD_DELAY": 5,
        "KILLA_BULLET_TO_RELOAD": 15,
        "SHALL_WARN": true,
        "KOJANIY_DIST_WHEN_READY": 40,
        "KOJANIY_DIST_TO_BE_ENEMY": 200,
        "KOJANIY_MIN_DIST_TO_LOOT": 20,
        "KOJANIY_MIN_DIST_TO_LOOT_SQRT": 400,
        "KOJANIY_DIST_ENEMY_TOO_CLOSE": 17,
        "KOJANIY_MANY_ENEMIES_COEF": 1.5,
        "KILLA_ENEMIES_TO_ATTACK": 3,
        "KILLA_ONE_IS_CLOSE": 30,
        "KILLA_TRIGGER_DOWN_DELAY": 1,
        "KILLA_WAIT_IN_COVER_COEF": 1,
        "TAGILLA_MELEE_CHANCE_RELOAD": 75,
        "TAGILLA_MELEE_CHANCE_INTERACTION": 75,
        "TAGILLA_MELEE_CHANCE_INVENTORY": 75,
        "TAGILLA_MELEE_CHANCE_MEDS": 75,
        "TAGILLA_MELEE_CHANCE_FORCED": 75,
        "EFFECT_REGENERATION_PER_MIN": 60,
        "EFFECT_PAINKILLER": true
      },
      "Core": {
        "VisibleAngle": 180,
        "VisibleDistance": 137,
        "GainSightCoef": 2,
        "ScatteringPerMeter": 0.1,
        "ScatteringClosePerMeter": 0.1,
        "DamageCoeff": 1,
        "HearingSense": 3.95,
        "CanRun": true,
        "CanGrenade": true,
        "AimingType": "normal",
        "PistolFireDistancePref": 35,
        "ShotgunFireDistancePref": 50,
        "RifleFireDistancePref": 100,
        "AccuratySpeed": 0.2,
        "WaitInCoverBetweenShotsSec": 1,
        "START_DIST_TO_COV": 50
      },
      "Scattering": {
        "MinScatter": 0.03,
        "WorkingScatter": 0.15,
        "MaxScatter": 0.4,
        "SpeedUp": 0.3,
        "SpeedUpAim": 1.4,
        "SpeedDown": -0.3,
        "ToSlowBotSpeed": 1.5,
        "ToLowBotSpeed": 2.4,
        "ToUpBotSpeed": 3.6,
        "MovingSlowCoef": 1.5,
        "ToLowBotAngularSpeed": 80,
        "ToStopBotAngularSpeed": 40,
        "FromShot": 0.001,
        "TracerCoef": 1.3,
        "HandDamageScatteringMinMax": 0.7,
        "HandDamageAccuracySpeed": 1.3,
        "BloodFall": 1.45,
        "Caution": 0.3,
        "ToCaution": 0.6,
        "RecoilControlCoefShootDone": 0.0003,
        "RecoilControlCoefShootDoneAuto": 0.00015,
        "AMPLITUDE_FACTOR": 0.25,
        "AMPLITUDE_SPEED": 0.1,
        "DIST_FROM_OLD_POINT_TO_NOT_AIM": 15,
        "DIST_FROM_OLD_POINT_TO_NOT_AIM_SQRT": 225,
        "DIST_NOT_TO_SHOOT": 0.3,
        "PoseChnageCoef": 0.1,
        "LayFactor": 0.1,
        "RecoilYCoef": 0.0005,
        "RecoilYCoefSppedDown": -0.52,
        "RecoilYMax": 1
      }
    },
    "hard": {
      "Lay": {
        "CHECK_SHOOT_WHEN_LAYING": false,
        "DELTA_LAY_CHECK": 2,
        "DELTA_GETUP": 2.7,
        "DELTA_AFTER_GETUP": 10,
        "CLEAR_POINTS_OF_SCARE_SEC": 20,
        "MAX_LAY_TIME": 35,
        "DELTA_WANT_LAY_CHECL_SEC": 5,
        "ATTACK_LAY_CHANCE": 25,
        "DIST_TO_COVER_TO_LAY": 3.5,
        "DIST_TO_COVER_TO_LAY_SQRT": 12.25,
        "DIST_GRASS_TERRAIN_SQRT": 0.160000011,
        "DIST_ENEMY_NULL_DANGER_LAY": 15,
        "DIST_ENEMY_NULL_DANGER_LAY_SQRT": 225,
        "DIST_ENEMY_GETUP_LAY": 10,
        "DIST_ENEMY_GETUP_LAY_SQRT": 100,
        "DIST_ENEMY_CAN_LAY": 15,
        "DIST_ENEMY_CAN_LAY_SQRT": 225,
        "LAY_AIM": 0.6,
        "MIN_CAN_LAY_DIST_SQRT": 121,
        "MIN_CAN_LAY_DIST": 11,
        "MAX_CAN_LAY_DIST_SQRT": 40000,
        "MAX_CAN_LAY_DIST": 200,
        "LAY_CHANCE_DANGER": 40,
        "DAMAGE_TIME_TO_GETUP": 3
      },
      "Aiming": {
        "MAX_AIM_PRECICING": 2,
        "BETTER_PRECICING_COEF": 0.9,
        "RECALC_DIST": 0.7,
        "RECALC_SQR_DIST": 0.48999998,
        "COEF_FROM_COVER": 0.85,
        "PANIC_COEF": 1.2,
        "PANIC_ACCURATY_COEF": 1.2,
        "HARD_AIM": 0.75,
        "PANIC_TIME": 6,
        "RECALC_MUST_TIME": 3,
        "DAMAGE_PANIC_TIME": 5,
        "DANGER_UP_POINT": 1.3,
        "MAX_AIMING_UPGRADE_BY_TIME": 0.25,
        "DAMAGE_TO_DISCARD_AIM_0_100": 1,
        "MIN_TIME_DISCARD_AIM_SEC": 0,
        "MAX_TIME_DISCARD_AIM_SEC": 0,
        "XZ_COEF": 0.2,
        "SHOOT_TO_CHANGE_PRIORITY": 5525,
        "BOTTOM_COEF": 0.1,
        "FIRST_CONTACT_ADD_SEC": 0.1,
        "FIRST_CONTACT_ADD_CHANCE_100": 80,
        "BASE_HIT_AFFECTION_DELAY_SEC": 0.27,
        "BASE_HIT_AFFECTION_MIN_ANG": 4,
        "BASE_HIT_AFFECTION_MAX_ANG": 8,
        "BASE_SHIEF": 0.05,
        "SCATTERING_HAVE_DAMAGE_COEF": 2,
        "SCATTERING_DIST_MODIF": 0.45,
        "SCATTERING_DIST_MODIF_CLOSE": 0.6,
        "AIMING_TYPE": 1,
        "DIST_TO_SHOOT_TO_CENTER": 3,
        "DIST_TO_SHOOT_NO_OFFSET": 3,
        "SHPERE_FRIENDY_FIRE_SIZE": -1,
        "COEF_IF_MOVE": 1,
        "TIME_COEF_IF_MOVE": 1.1,
        "BOT_MOVE_IF_DELTA": 3.01,
        "NEXT_SHOT_MISS_CHANCE_100": 100,
        "NEXT_SHOT_MISS_Y_OFFSET": 1,
        "ANYTIME_LIGHT_WHEN_AIM_100": -1,
        "ANY_PART_SHOOT_TIME": 15,
        "WEAPON_ROOT_OFFSET": 0.35,
        "MIN_DAMAGE_TO_GET_HIT_AFFETS": 1,
        "MAX_AIM_TIME": 1.5,
        "OFFSET_RECAL_ANYWAY_TIME": 1
      },
      "Look": {
        "OLD_TIME_POINT": 11,
        "WAIT_NEW_SENSOR": 2.1,
        "WAIT_NEW__LOOK_SENSOR": 7.8,
        "LOOK_AROUND_DELTA": 1.1,
        "MAX_VISION_GRASS_METERS": 0.8,
        "MAX_VISION_GRASS_METERS_FLARE": 8,
        "MAX_VISION_GRASS_METERS_OPT": 0.9090909,
        "MAX_VISION_GRASS_METERS_FLARE_OPT": 0.125,
        "LightOnVisionDistance": 40,
        "FAR_DISTANCE": 160,
        "FarDeltaTimeSec": 3,
        "MIDDLE_DIST": 90,
        "MiddleDeltaTimeSec": 1,
        "CloseDeltaTimeSec": 0.1,
        "POSIBLE_VISION_SPACE": 1.2,
        "GOAL_TO_FULL_DISSAPEAR": 1.1,
        "GOAL_TO_FULL_DISSAPEAR_SHOOT": 0.03,
        "BODY_DELTA_TIME_SEARCH_SEC": 1.7,
        "COME_TO_BODY_DIST": 1.2,
        "MARKSMAN_VISIBLE_DIST_COEF": 1.15,
        "VISIBLE_DISNACE_WITH_LIGHT": 95,
        "ENEMY_LIGHT_ADD": 43,
        "ENEMY_LIGHT_START_DIST": 90,
        "CAN_LOOK_TO_WALL": false,
        "DIST_NOT_TO_IGNORE_WALL": 15,
        "DIST_CHECK_WALL": 20,
        "LOOK_LAST_POSENEMY_IF_NO_DANGER_SEC": 25,
        "MIN_LOOK_AROUD_TIME": 20,
        "OPTIMIZE_TO_ONLY_BODY": true,
        "SELF_NIGHTVISION": true
      },
      "Shoot": {
        "RECOIL_TIME_NORMALIZE": 1,
        "RECOIL_PER_METER": 0.02,
        "MAX_RECOIL_PER_METER": 0.04,
        "HORIZONT_RECOIL_COEF": 0.04,
        "WAIT_NEXT_SINGLE_SHOT": 0.2,
        "WAIT_NEXT_SINGLE_SHOT_LONG_MAX": 3.3,
        "WAIT_NEXT_SINGLE_SHOT_LONG_MIN": 0.4,
        "MARKSMAN_DIST_SEK_COEF": 44,
        "FINGER_HOLD_SINGLE_SHOT": 0.14,
        "BASE_AUTOMATIC_TIME": 0.4,
        "AUTOMATIC_FIRE_SCATTERING_COEF": 1.1,
        "CHANCE_TO_CHANGE_TO_AUTOMATIC_FIRE_100": 100,
        "FAR_DIST_ENEMY": 20,
        "SHOOT_FROM_COVER": 6,
        "FAR_DIST_ENEMY_SQR": 400,
        "MAX_DIST_COEF": 1.35,
        "RECOIL_DELTA_PRESS": 0.15,
        "RUN_DIST_NO_AMMO": 25,
        "RUN_DIST_NO_AMMO_SQRT": 625,
        "CAN_SHOOTS_TIME_TO_AMBUSH": 600,
        "NOT_TO_SEE_ENEMY_TO_WANT_RELOAD_PERCENT": 0.5,
        "NOT_TO_SEE_ENEMY_TO_WANT_RELOAD_SEC": 2,
        "RELOAD_PECNET_NO_ENEMY": 0.6,
        "CHANCE_TO_CHANGE_WEAPON": 10,
        "CHANCE_TO_CHANGE_WEAPON_WITH_HELMET": 10,
        "LOW_DIST_TO_CHANGE_WEAPON": 6,
        "FAR_DIST_TO_CHANGE_WEAPON": 30,
        "SUPPRESS_BY_SHOOT_TIME": 6,
        "SUPPRESS_TRIGGERS_DOWN": 3,
        "USE_MELEE_COMBOS": true,
        "DIST_TO_HIT_MELEE": 2.25,
        "DIST_TO_HIT_MELEE_CONTINUE_COMBO": 1.75,
        "TRY_HIT_PERIOD_MELEE": 25,
        "DIST_TO_STOP_SPRINT_MELEE": 3,
        "MELEE_STOP_DIST": -0.75,
        "CHANGE_WEAPON_PERIOD": 1.5,
        "CHANGE_TO_MAIN_WEAPON_WHEN_PATROL": true,
        "VALIDATE_MALFUNCTION_CHANCE": 100,
        "REPAIR_MALFUNCTION_IMMEDIATE_CHANCE": 25,
        "DELAY_BEFORE_EXAMINE_MALFUNCTION": 0.5,
        "DELAY_BEFORE_FIX_MALFUNCTION": 0.5
      },
      "Move": {
        "BASE_ROTATE_SPEED": 270,
        "REACH_DIST": 0.5,
        "REACH_DIST_RUN": 0.8,
        "START_SLOW_DIST": 1.5,
        "BASESTART_SLOW_DIST": 1.1,
        "SLOW_COEF": 2,
        "DIST_TO_CAN_CHANGE_WAY": 8,
        "DIST_TO_START_RAYCAST": 15,
        "BASE_START_SERACH": 35,
        "UPDATE_TIME_RECAL_WAY": 7,
        "FAR_DIST": 4,
        "FAR_DIST_SQR": 16,
        "DIST_TO_CAN_CHANGE_WAY_SQR": 64,
        "DIST_TO_START_RAYCAST_SQR": 225,
        "BASE_SQRT_START_SERACH": 1225,
        "Y_APPROXIMATION": 0.7,
        "DELTA_LAST_SEEN_ENEMY": 20,
        "REACH_DIST_COVER": 2,
        "RUN_TO_COVER_MIN": 2,
        "CHANCE_TO_RUN_IF_NO_AMMO_0_100": 100,
        "RUN_IF_CANT_SHOOT": true,
        "RUN_IF_GAOL_FAR_THEN": 10,
        "SEC_TO_CHANGE_TO_RUN": 3,
        "ETERNITY_STAMINA": true
      },
      "Grenade": {
        "DELTA_NEXT_ATTEMPT_FROM_COVER": 5,
        "DELTA_NEXT_ATTEMPT": 10,
        "MIN_DIST_NOT_TO_THROW": 8,
        "NEAR_DELTA_THROW_TIME_SEC": 2,
        "MIN_THROW_GRENADE_DIST": 12,
        "MIN_THROW_GRENADE_DIST_SQRT": 144,
        "MIN_DIST_NOT_TO_THROW_SQR": 64,
        "RUN_AWAY": 22,
        "RUN_AWAY_SQR": 484,
        "ADD_GRENADE_AS_DANGER": 65,
        "ADD_GRENADE_AS_DANGER_SQR": 4225,
        "CHANCE_TO_NOTIFY_ENEMY_GR_100": 100,
        "GrenadePerMeter": 0.1,
        "REQUEST_DIST_MUST_THROW_SQRT": 4,
        "REQUEST_DIST_MUST_THROW": 2,
        "BEWARE_TYPE": 2,
        "SHOOT_TO_SMOKE_CHANCE_100": 50,
        "CHANCE_RUN_FLASHED_100": 100,
        "MAX_FLASHED_DIST_TO_SHOOT": 10,
        "MAX_FLASHED_DIST_TO_SHOOT_SQRT": 100,
        "FLASH_GRENADE_TIME_COEF": 0.1,
        "SIZE_SPOTTED_COEF": 2,
        "BE_ATTENTION_COEF": 4,
        "TIME_SHOOT_TO_FLASH": 4,
        "CLOSE_TO_SMOKE_TO_SHOOT": 10,
        "CLOSE_TO_SMOKE_TO_SHOOT_SQRT": 100,
        "CLOSE_TO_SMOKE_TIME_DELTA": 5,
        "SMOKE_CHECK_DELTA": 1,
        "DELTA_GRENADE_START_TIME": 0.01,
        "AMBUSH_IF_SMOKE_IN_ZONE_100": 40,
        "AMBUSH_IF_SMOKE_RETURN_TO_ATTACK_SEC": 30,
        "NO_RUN_FROM_AI_GRENADES": true,
        "MAX_THROW_POWER": 25,
        "MIN_THROW_DIST_PERCENT_0_1": 0.7,
        "GrenadePrecision": 0.05,
        "STOP_WHEN_THROW_GRENADE": true,
        "WAIT_TIME_TURN_AWAY": 1.2,
        "SMOKE_SUPPRESS_DELTA": 20,
        "DAMAGE_GRENADE_SUPPRESS_DELTA": 8,
        "STUN_SUPPRESS_DELTA": 9,
        "CHEAT_START_GRENADE_PLACE": true,
        "CAN_THROW_STRAIGHT_CONTACT": true,
        "STRAIGHT_CONTACT_DELTA_SEC": 3,
        "ANG_TYPE": 1
      },
      "Change": {
        "SMOKE_VISION_DIST": 0.6,
        "SMOKE_GAIN_SIGHT": 1.6,
        "SMOKE_SCATTERING": 1.6,
        "SMOKE_PRECICING": 1.6,
        "SMOKE_HEARING": 1,
        "SMOKE_ACCURATY": 1.6,
        "SMOKE_LAY_CHANCE": 1.6,
        "FLASH_VISION_DIST": 0.05,
        "FLASH_GAIN_SIGHT": 1.8,
        "FLASH_SCATTERING": 1.6,
        "FLASH_PRECICING": 1.6,
        "FLASH_HEARING": 1,
        "FLASH_ACCURATY": 1.6,
        "FLASH_LAY_CHANCE": 1,
        "STUN_HEARING": 0.01
      },
      "Cover": {
        "RETURN_TO_ATTACK_AFTER_AMBUSH_MIN": 20,
        "RETURN_TO_ATTACK_AFTER_AMBUSH_MAX": 50,
        "SOUND_TO_GET_SPOTTED": 2,
        "TIME_TO_MOVE_TO_COVER": 15,
        "MAX_DIST_OF_COVER": 4,
        "CHANGE_RUN_TO_COVER_SEC": 5,
        "CHANGE_RUN_TO_COVER_SEC_GREANDE": 0.6,
        "MIN_DIST_TO_ENEMY": 9,
        "DIST_CANT_CHANGE_WAY": 5,
        "DIST_CHECK_SFETY": 9,
        "TIME_CHECK_SAFE": 2,
        "HIDE_TO_COVER_TIME": 1.5,
        "MAX_DIST_OF_COVER_SQR": 16,
        "DIST_CANT_CHANGE_WAY_SQR": 25,
        "SPOTTED_COVERS_RADIUS": 2.5,
        "LOOK_LAST_ENEMY_POS_MOVING": 1.5,
        "LOOK_TO_HIT_POINT_IF_LAST_ENEMY": 3,
        "LOOK_LAST_ENEMY_POS_LOOKAROUND": 45,
        "OFFSET_LOOK_ALONG_WALL_ANG": 20,
        "SPOTTED_GRENADE_RADIUS": 16,
        "MAX_SPOTTED_TIME_SEC": 20,
        "WAIT_INT_COVER_FINDING_ENEMY": 2,
        "CLOSE_DIST_POINT_SQRT": 4,
        "DELTA_SEEN_FROM_COVE_LAST_POS": 5,
        "MOVE_TO_COVER_WHEN_TARGET": false,
        "RUN_COVER_IF_CAN_AND_NO_ENEMIES": true,
        "SPOTTED_GRENADE_TIME": 7,
        "DEPENDS_Y_DIST_TO_BOT": true,
        "RUN_IF_FAR": 15,
        "RUN_IF_FAR_SQRT": 225,
        "STAY_IF_FAR": 25,
        "STAY_IF_FAR_SQRT": 625,
        "CHECK_COVER_ENEMY_LOOK": false,
        "SHOOT_NEAR_TO_LEAVE": 3,
        "SHOOT_NEAR_SEC_PERIOD": 1,
        "HITS_TO_LEAVE_COVER": 2,
        "HITS_TO_LEAVE_COVER_UNKNOWN": 2,
        "DOG_FIGHT_AFTER_LEAVE": 4,
        "NOT_LOOK_AT_WALL_IS_DANGER": true,
        "MIN_DEFENCE_LEVEL": 22,
        "GOOD_DIST_TO_POINT_COEF": 1.8,
        "ENEMY_DIST_TO_GO_OUT": 1
      },
      "Patrol": {
        "LOOK_TIME_BASE": 12,
        "RESERVE_TIME_STAY": 72,
        "FRIEND_SEARCH_SEC": 12,
        "TALK_DELAY": 1.1,
        "MIN_TALK_DELAY": 35,
        "TALK_DELAY_BIG": 45.1,
        "CHANGE_WAY_TIME": 325.1,
        "MIN_DIST_TO_CLOSE_TALK": 5,
        "VISION_DIST_COEF_PEACE": 0.95,
        "MIN_DIST_TO_CLOSE_TALK_SQR": 25,
        "CHANCE_TO_CUT_WAY_0_100": 75,
        "CUT_WAY_MIN_0_1": 0.4,
        "CUT_WAY_MAX_0_1": 0.65,
        "CHANCE_TO_CHANGE_WAY_0_100": 30,
        "CHANCE_TO_SHOOT_DEADBODY": 52,
        "SUSPETION_PLACE_LIFETIME": 7,
        "RESERVE_OUT_TIME": 60,
        "CLOSE_TO_SELECT_RESERV_WAY": 25,
        "MAX_YDIST_TO_START_WARN_REQUEST_TO_REQUESTER": 5,
        "FORCE_OPPONENT_TO_PEAEFUL": true,
        "CAN_CHECK_MAGAZINE": false
      },
      "Hearing": {
        "BOT_CLOSE_PANIC_DIST": 1,
        "CHANCE_TO_HEAR_SIMPLE_SOUND_0_1": 0.98,
        "DISPERSION_COEF": 10,
        "CLOSE_DIST": 36,
        "FAR_DIST": 66,
        "SOUND_DIR_DEEFREE": 30,
        "DIST_PLACE_TO_FIND_POINT": 70,
        "DEAD_BODY_SOUND_RAD": 30,
        "LOOK_ONLY_DANGER": false,
        "RESET_TIMER_DIST": 17,
        "HEAR_DELAY_WHEN_PEACE": 0,
        "HEAR_DELAY_WHEN_HAVE_SMT": 0,
        "LOOK_ONLY_DANGER_DELTA": 9
      },
      "Mind": {
        "MIN_SHOOTS_TIME": 2,
        "MAX_SHOOTS_TIME": 4,
        "TIME_TO_RUN_TO_COVER_CAUSE_SHOOT_SEC": 15,
        "DAMAGE_REDUCTION_TIME_SEC": 30,
        "MIN_DAMAGE_SCARE": 20,
        "CHANCE_TO_IGNORE_TRIPWIRE": 100,
        "CHANCE_TO_RUN_CAUSE_DAMAGE_0_100": 35,
        "TIME_TO_FORGOR_ABOUT_ENEMY_SEC": 52,
        "TIME_TO_FIND_ENEMY": 22,
        "MAX_AGGRO_BOT_DIST": 100,
        "HIT_POINT_DETECTION": 4,
        "DANGER_POINT_CHOOSE_COEF": 1,
        "SIMPLE_POINT_CHOOSE_COEF": 0.4,
        "LASTSEEN_POINT_CHOOSE_COEF": 0.2,
        "COVER_DIST_COEF": 1.5,
        "DIST_TO_FOUND_SQRT": 400,
        "MAX_AGGRO_BOT_DIST_SQR": 10000,
        "DIST_TO_STOP_RUN_ENEMY": 15,
        "ENEMY_LOOK_AT_ME_ANG": 15,
        "MIN_START_AGGRESION_COEF": 1,
        "MAX_START_AGGRESION_COEF": 3,
        "BULLET_FEEL_DIST": 160,
        "BULLET_FEEL_CLOSE_SDIST": 1,
        "ATTACK_IMMEDIATLY_CHANCE_0_100": 40,
        "CHANCE_FUCK_YOU_ON_CONTACT_100": 0.01,
        "FRIEND_DEAD_AGR_LOW": -0.2,
        "FRIEND_AGR_KILL": 0.2,
        "LAST_ENEMY_LOOK_TO": 40,
        "CAN_RECEIVE_PLAYER_REQUESTS_SAVAGE": false,
        "CAN_RECEIVE_PLAYER_REQUESTS_BEAR": false,
        "CAN_RECEIVE_PLAYER_REQUESTS_USEC": false,
        "IGNORE_TRAP": true,
        "CAN_USE_MEDS": true,
        "SUSPETION_POINT_CHANCE_ADD100": 0,
        "AMBUSH_WHEN_UNDER_FIRE": true,
        "AMBUSH_WHEN_UNDER_FIRE_TIME_RESIST": 60,
        "ATTACK_ENEMY_IF_PROTECT_DELTA_LAST_TIME_SEEN": 1.5,
        "HOLD_IF_PROTECT_DELTA_LAST_TIME_SEEN": 8.5,
        "FIND_COVER_TO_GET_POSITION_WITH_SHOOT": 2,
        "PROTECT_TIME_REAL": true,
        "CHANCE_SHOOT_WHEN_WARN_PLAYER_100": 25,
        "CAN_PANIC_IS_PROTECT": false,
        "NO_RUN_AWAY_FOR_SAFE": false,
        "PART_PERCENT_TO_HEAL": 0.65,
        "PROTECT_DELTA_HEAL_SEC": 10,
        "CAN_STAND_BY": true,
        "CAN_THROW_REQUESTS": true,
        "GROUP_ANY_PHRASE_DELAY": 5,
        "GROUP_EXACTLY_PHRASE_DELAY": 30,
        "DIST_TO_ENEMY_YO_CAN_HEAL": 30,
        "CHANCE_TO_STAY_WHEN_WARN_PLAYER_100": 80,
        "DOG_FIGHT_OUT": 6,
        "DOG_FIGHT_IN": 3,
        "SHOOT_INSTEAD_DOG_FIGHT": 9,
        "PISTOL_SHOTGUN_AMBUSH_DIST": 30,
        "STANDART_AMBUSH_DIST": 100,
        "AI_POWER_COEF": 120,
        "COVER_SECONDS_AFTER_LOSE_VISION": 10,
        "COVER_SELF_ALWAYS_IF_DAMAGED": false,
        "SEC_TO_MORE_DIST_TO_RUN": 10,
        "HEAL_DELAY_SEC": 5,
        "HIT_DELAY_WHEN_HAVE_SMT": -1,
        "HIT_DELAY_WHEN_PEACE": -1,
        "CAN_TAKE_ITEMS": false,
        "TALK_WITH_QUERY": true,
        "CAN_EXECUTE_REQUESTS": true,
        "DEFAULT_SAVAGE_BEHAVIOUR": "Warn",
        "DEFAULT_BEAR_BEHAVIOUR": "AlwaysEnemies",
        "DEFAULT_USEC_BEHAVIOUR": "AlwaysEnemies",
        "FRIENDLY_BOT_TYPES": [
          "bossKilla",
          "assault"
        ],
        "WARN_BOT_TYPES": [],
        "ENEMY_BOT_TYPES": [
          "pmcBEAR",
          "pmcUSEC"
        ]
      },
      "Boss": {
        "BOSS_DIST_TO_WARNING": 15,
        "BOSS_DIST_TO_WARNING_SQRT": 225,
        "BOSS_DIST_TO_WARNING_USEC": 15,
        "BOSS_DIST_TO_WARNING_SQRT_USEC": 225,
        "BOSS_DIST_TO_WARNING_BEAR": 15,
        "BOSS_DIST_TO_WARNING_SQRT_BEAR": 225,
        "BOSS_DIST_TO_WARNING_OUT": 20,
        "BOSS_DIST_TO_WARNING_OUT_SQRT": 400,
        "BOSS_DIST_TO_SHOOT": 5,
        "BOSS_DIST_TO_SHOOT_SQRT": 25,
        "TAGILLA_FIRST_ASSAULT_RADIUS": 30,
        "TAGILLA_SECOND_ASSAULT_RADIUS": 30,
        "TAGILLA_FIRST_ASSAULT_CHANCE": 110,
        "TAGILLA_SECOND_ASSAULT_CHANCE": 110,
        "CHANCE_TO_SEND_GRENADE_100": 100,
        "MAX_DIST_COVER_BOSS": 25,
        "MAX_DIST_COVER_BOSS_SQRT": 625,
        "MAX_DIST_DECIDER_TO_SEND": 35,
        "MAX_DIST_DECIDER_TO_SEND_SQRT": 1225,
        "TIME_AFTER_LOSE": 15,
        "TIME_AFTER_LOSE_DELTA": 60,
        "PERSONS_SEND": 2,
        "DELTA_SEARCH_TIME": 18,
        "COVER_TO_SEND": true,
        "WAIT_NO_ATTACK_SAVAGE": 1,
        "CHANCE_USE_RESERVE_PATROL_100": 30,
        "KILLA_Y_DELTA_TO_BE_ENEMY_BOSS": 5,
        "KILLA_DITANCE_TO_BE_ENEMY_BOSS": 45,
        "KILLA_START_SEARCH_SEC": 40,
        "KILLA_CONTUTION_TIME": 5,
        "KILLA_CLOSE_ATTACK_DIST": 8,
        "KILLA_MIDDLE_ATTACK_DIST": 22,
        "KILLA_LARGE_ATTACK_DIST": 41,
        "KILLA_SEARCH_METERS": 20,
        "KILLA_DEF_DIST_SQRT": 225,
        "KILLA_SEARCH_SEC_STOP_AFTER_COMING": 25,
        "KILLA_DIST_TO_GO_TO_SUPPRESS": 6,
        "KILLA_AFTER_GRENADE_SUPPRESS_DELAY": 2,
        "KILLA_CLOSEATTACK_TIMES": 4,
        "KILLA_CLOSEATTACK_DELAY": -1,
        "KILLA_HOLD_DELAY": 5,
        "KILLA_BULLET_TO_RELOAD": 15,
        "SHALL_WARN": true,
        "KOJANIY_DIST_WHEN_READY": 40,
        "KOJANIY_DIST_TO_BE_ENEMY": 200,
        "KOJANIY_MIN_DIST_TO_LOOT": 20,
        "KOJANIY_MIN_DIST_TO_LOOT_SQRT": 400,
        "KOJANIY_DIST_ENEMY_TOO_CLOSE": 17,
        "KOJANIY_MANY_ENEMIES_COEF": 1.5,
        "KILLA_ENEMIES_TO_ATTACK": 3,
        "KILLA_ONE_IS_CLOSE": 30,
        "KILLA_TRIGGER_DOWN_DELAY": 1,
        "KILLA_WAIT_IN_COVER_COEF": 1,
        "TAGILLA_MELEE_CHANCE_RELOAD": 75,
        "TAGILLA_MELEE_CHANCE_INTERACTION": 75,
        "TAGILLA_MELEE_CHANCE_INVENTORY": 75,
        "TAGILLA_MELEE_CHANCE_MEDS": 75,
        "TAGILLA_MELEE_CHANCE_FORCED": 75,
        "EFFECT_REGENERATION_PER_MIN": 60,
        "EFFECT_PAINKILLER": true
      },
      "Core": {
        "VisibleAngle": 180,
        "VisibleDistance": 137,
        "GainSightCoef": 2,
        "ScatteringPerMeter": 0.1,
        "ScatteringClosePerMeter": 0.1,
        "DamageCoeff": 1,
        "HearingSense": 3.95,
        "CanRun": true,
        "CanGrenade": true,
        "AimingType": "normal",
        "PistolFireDistancePref": 35,
        "ShotgunFireDistancePref": 50,
        "RifleFireDistancePref": 100,
        "AccuratySpeed": 0.2,
        "WaitInCoverBetweenShotsSec": 1,
        "START_DIST_TO_COV": 50
      },
      "Scattering": {
        "MinScatter": 0.03,
        "WorkingScatter": 0.15,
        "MaxScatter": 0.4,
        "SpeedUp": 0.3,
        "SpeedUpAim": 1.4,
        "SpeedDown": -0.3,
        "ToSlowBotSpeed": 1.5,
        "ToLowBotSpeed": 2.4,
        "ToUpBotSpeed": 3.6,
        "MovingSlowCoef": 1.5,
        "ToLowBotAngularSpeed": 80,
        "ToStopBotAngularSpeed": 40,
        "FromShot": 0.001,
        "TracerCoef": 1.3,
        "HandDamageScatteringMinMax": 0.7,
        "HandDamageAccuracySpeed": 1.3,
        "BloodFall": 1.45,
        "Caution": 0.3,
        "ToCaution": 0.6,
        "RecoilControlCoefShootDone": 0.0003,
        "RecoilControlCoefShootDoneAuto": 0.00015,
        "AMPLITUDE_FACTOR": 0.25,
        "AMPLITUDE_SPEED": 0.1,
        "DIST_FROM_OLD_POINT_TO_NOT_AIM": 15,
        "DIST_FROM_OLD_POINT_TO_NOT_AIM_SQRT": 225,
        "DIST_NOT_TO_SHOOT": 0.3,
        "PoseChnageCoef": 0.1,
        "LayFactor": 0.1,
        "RecoilYCoef": 0.0005,
        "RecoilYCoefSppedDown": -0.52,
        "RecoilYMax": 1
      }
    },
    "impossible": {
      "Lay": {
        "CHECK_SHOOT_WHEN_LAYING": false,
        "DELTA_LAY_CHECK": 2,
        "DELTA_GETUP": 2.7,
        "DELTA_AFTER_GETUP": 10,
        "CLEAR_POINTS_OF_SCARE_SEC": 20,
        "MAX_LAY_TIME": 35,
        "DELTA_WANT_LAY_CHECL_SEC": 5,
        "ATTACK_LAY_CHANCE": 25,
        "DIST_TO_COVER_TO_LAY": 3.5,
        "DIST_TO_COVER_TO_LAY_SQRT": 12.25,
        "DIST_GRASS_TERRAIN_SQRT": 0.160000011,
        "DIST_ENEMY_NULL_DANGER_LAY": 15,
        "DIST_ENEMY_NULL_DANGER_LAY_SQRT": 225,
        "DIST_ENEMY_GETUP_LAY": 10,
        "DIST_ENEMY_GETUP_LAY_SQRT": 100,
        "DIST_ENEMY_CAN_LAY": 15,
        "DIST_ENEMY_CAN_LAY_SQRT": 225,
        "LAY_AIM": 0.6,
        "MIN_CAN_LAY_DIST_SQRT": 121,
        "MIN_CAN_LAY_DIST": 11,
        "MAX_CAN_LAY_DIST_SQRT": 40000,
        "MAX_CAN_LAY_DIST": 200,
        "LAY_CHANCE_DANGER": 40,
        "DAMAGE_TIME_TO_GETUP": 3
      },
      "Aiming": {
        "MAX_AIM_PRECICING": 2,
        "BETTER_PRECICING_COEF": 0.9,
        "RECALC_DIST": 0.7,
        "RECALC_SQR_DIST": 0.48999998,
        "COEF_FROM_COVER": 0.85,
        "PANIC_COEF": 1.2,
        "PANIC_ACCURATY_COEF": 1.2,
        "HARD_AIM": 0.75,
        "PANIC_TIME": 6,
        "RECALC_MUST_TIME": 3,
        "DAMAGE_PANIC_TIME": 5,
        "DANGER_UP_POINT": 1.3,
        "MAX_AIMING_UPGRADE_BY_TIME": 0.25,
        "DAMAGE_TO_DISCARD_AIM_0_100": 1,
        "MIN_TIME_DISCARD_AIM_SEC": 0,
        "MAX_TIME_DISCARD_AIM_SEC": 0,
        "XZ_COEF": 0.2,
        "SHOOT_TO_CHANGE_PRIORITY": 5525,
        "BOTTOM_COEF": 0.1,
        "FIRST_CONTACT_ADD_SEC": 0.1,
        "FIRST_CONTACT_ADD_CHANCE_100": 80,
        "BASE_HIT_AFFECTION_DELAY_SEC": 0.27,
        "BASE_HIT_AFFECTION_MIN_ANG": 4,
        "BASE_HIT_AFFECTION_MAX_ANG": 8,
        "BASE_SHIEF": 0.05,
        "SCATTERING_HAVE_DAMAGE_COEF": 2,
        "SCATTERING_DIST_MODIF": 0.45,
        "SCATTERING_DIST_MODIF_CLOSE": 0.6,
        "AIMING_TYPE": 1,
        "DIST_TO_SHOOT_TO_CENTER": 3,
        "DIST_TO_SHOOT_NO_OFFSET": 3,
        "SHPERE_FRIENDY_FIRE_SIZE": -1,
        "COEF_IF_MOVE": 1,
        "TIME_COEF_IF_MOVE": 1.1,
        "BOT_MOVE_IF_DELTA": 3.01,
        "NEXT_SHOT_MISS_CHANCE_100": 100,
        "NEXT_SHOT_MISS_Y_OFFSET": 1,
        "ANYTIME_LIGHT_WHEN_AIM_100": -1,
        "ANY_PART_SHOOT_TIME": 15,
        "WEAPON_ROOT_OFFSET": 0.35,
        "MIN_DAMAGE_TO_GET_HIT_AFFETS": 1,
        "MAX_AIM_TIME": 1.5,
        "OFFSET_RECAL_ANYWAY_TIME": 1
      },
      "Look": {
        "OLD_TIME_POINT": 11,
        "WAIT_NEW_SENSOR": 2.1,
        "WAIT_NEW__LOOK_SENSOR": 7.8,
        "LOOK_AROUND_DELTA": 1.1,
        "MAX_VISION_GRASS_METERS": 0.8,
        "MAX_VISION_GRASS_METERS_FLARE": 8,
        "MAX_VISION_GRASS_METERS_OPT": 0.9090909,
        "MAX_VISION_GRASS_METERS_FLARE_OPT": 0.125,
        "LightOnVisionDistance": 40,
        "FAR_DISTANCE": 160,
        "FarDeltaTimeSec": 3,
        "MIDDLE_DIST": 90,
        "MiddleDeltaTimeSec": 1,
        "CloseDeltaTimeSec": 0.1,
        "POSIBLE_VISION_SPACE": 1.2,
        "GOAL_TO_FULL_DISSAPEAR": 1.1,
        "GOAL_TO_FULL_DISSAPEAR_SHOOT": 0.03,
        "BODY_DELTA_TIME_SEARCH_SEC": 1.7,
        "COME_TO_BODY_DIST": 1.2,
        "MARKSMAN_VISIBLE_DIST_COEF": 1.15,
        "VISIBLE_DISNACE_WITH_LIGHT": 95,
        "ENEMY_LIGHT_ADD": 43,
        "ENEMY_LIGHT_START_DIST": 90,
        "CAN_LOOK_TO_WALL": false,
        "DIST_NOT_TO_IGNORE_WALL": 15,
        "DIST_CHECK_WALL": 20,
        "LOOK_LAST_POSENEMY_IF_NO_DANGER_SEC": 25,
        "MIN_LOOK_AROUD_TIME": 20,
        "OPTIMIZE_TO_ONLY_BODY": true,
        "SELF_NIGHTVISION": true
      },
      "Shoot": {
        "RECOIL_TIME_NORMALIZE": 1,
        "RECOIL_PER_METER": 0.02,
        "MAX_RECOIL_PER_METER": 0.04,
        "HORIZONT_RECOIL_COEF": 0.04,
        "WAIT_NEXT_SINGLE_SHOT": 0.2,
        "WAIT_NEXT_SINGLE_SHOT_LONG_MAX": 3.3,
        "WAIT_NEXT_SINGLE_SHOT_LONG_MIN": 0.4,
        "MARKSMAN_DIST_SEK_COEF": 44,
        "FINGER_HOLD_SINGLE_SHOT": 0.14,
        "BASE_AUTOMATIC_TIME": 0.4,
        "AUTOMATIC_FIRE_SCATTERING_COEF": 1.1,
        "CHANCE_TO_CHANGE_TO_AUTOMATIC_FIRE_100": 100,
        "FAR_DIST_ENEMY": 20,
        "SHOOT_FROM_COVER": 6,
        "FAR_DIST_ENEMY_SQR": 400,
        "MAX_DIST_COEF": 1.35,
        "RECOIL_DELTA_PRESS": 0.15,
        "RUN_DIST_NO_AMMO": 25,
        "RUN_DIST_NO_AMMO_SQRT": 625,
        "CAN_SHOOTS_TIME_TO_AMBUSH": 600,
        "NOT_TO_SEE_ENEMY_TO_WANT_RELOAD_PERCENT": 0.5,
        "NOT_TO_SEE_ENEMY_TO_WANT_RELOAD_SEC": 2,
        "RELOAD_PECNET_NO_ENEMY": 0.6,
        "CHANCE_TO_CHANGE_WEAPON": 10,
        "CHANCE_TO_CHANGE_WEAPON_WITH_HELMET": 10,
        "LOW_DIST_TO_CHANGE_WEAPON": 6,
        "FAR_DIST_TO_CHANGE_WEAPON": 30,
        "SUPPRESS_BY_SHOOT_TIME": 6,
        "SUPPRESS_TRIGGERS_DOWN": 3,
        "USE_MELEE_COMBOS": true,
        "DIST_TO_HIT_MELEE": 2.25,
        "DIST_TO_HIT_MELEE_CONTINUE_COMBO": 1.75,
        "TRY_HIT_PERIOD_MELEE": 25,
        "DIST_TO_STOP_SPRINT_MELEE": 3,
        "MELEE_STOP_DIST": -0.75,
        "CHANGE_WEAPON_PERIOD": 1.5,
        "CHANGE_TO_MAIN_WEAPON_WHEN_PATROL": true,
        "VALIDATE_MALFUNCTION_CHANCE": 100,
        "REPAIR_MALFUNCTION_IMMEDIATE_CHANCE": 25,
        "DELAY_BEFORE_EXAMINE_MALFUNCTION": 0.5,
        "DELAY_BEFORE_FIX_MALFUNCTION": 0.5
      },
      "Move": {
        "BASE_ROTATE_SPEED": 270,
        "REACH_DIST": 0.5,
        "REACH_DIST_RUN": 0.8,
        "START_SLOW_DIST": 1.5,
        "BASESTART_SLOW_DIST": 1.1,
        "SLOW_COEF": 2,
        "DIST_TO_CAN_CHANGE_WAY": 8,
        "DIST_TO_START_RAYCAST": 15,
        "BASE_START_SERACH": 35,
        "UPDATE_TIME_RECAL_WAY": 7,
        "FAR_DIST": 4,
        "FAR_DIST_SQR": 16,
        "DIST_TO_CAN_CHANGE_WAY_SQR": 64,
        "DIST_TO_START_RAYCAST_SQR": 225,
        "BASE_SQRT_START_SERACH": 1225,
        "Y_APPROXIMATION": 0.7,
        "DELTA_LAST_SEEN_ENEMY": 20,
        "REACH_DIST_COVER": 2,
        "RUN_TO_COVER_MIN": 2,
        "CHANCE_TO_RUN_IF_NO_AMMO_0_100": 100,
        "RUN_IF_CANT_SHOOT": true,
        "RUN_IF_GAOL_FAR_THEN": 10,
        "SEC_TO_CHANGE_TO_RUN": 3,
        "ETERNITY_STAMINA": true
      },
      "Grenade": {
        "DELTA_NEXT_ATTEMPT_FROM_COVER": 5,
        "DELTA_NEXT_ATTEMPT": 10,
        "MIN_DIST_NOT_TO_THROW": 8,
        "NEAR_DELTA_THROW_TIME_SEC": 2,
        "MIN_THROW_GRENADE_DIST": 12,
        "MIN_THROW_GRENADE_DIST_SQRT": 144,
        "MIN_DIST_NOT_TO_THROW_SQR": 64,
        "RUN_AWAY": 22,
        "RUN_AWAY_SQR": 484,
        "ADD_GRENADE_AS_DANGER": 65,
        "ADD_GRENADE_AS_DANGER_SQR": 4225,
        "CHANCE_TO_NOTIFY_ENEMY_GR_100": 100,
        "GrenadePerMeter": 0.1,
        "REQUEST_DIST_MUST_THROW_SQRT": 4,
        "REQUEST_DIST_MUST_THROW": 2,
        "BEWARE_TYPE": 2,
        "SHOOT_TO_SMOKE_CHANCE_100": 50,
        "CHANCE_RUN_FLASHED_100": 100,
        "MAX_FLASHED_DIST_TO_SHOOT": 10,
        "MAX_FLASHED_DIST_TO_SHOOT_SQRT": 100,
        "FLASH_GRENADE_TIME_COEF": 0.1,
        "SIZE_SPOTTED_COEF": 2,
        "BE_ATTENTION_COEF": 4,
        "TIME_SHOOT_TO_FLASH": 4,
        "CLOSE_TO_SMOKE_TO_SHOOT": 10,
        "CLOSE_TO_SMOKE_TO_SHOOT_SQRT": 100,
        "CLOSE_TO_SMOKE_TIME_DELTA": 5,
        "SMOKE_CHECK_DELTA": 1,
        "DELTA_GRENADE_START_TIME": 0.01,
        "AMBUSH_IF_SMOKE_IN_ZONE_100": 40,
        "AMBUSH_IF_SMOKE_RETURN_TO_ATTACK_SEC": 30,
        "NO_RUN_FROM_AI_GRENADES": true,
        "MAX_THROW_POWER": 25,
        "MIN_THROW_DIST_PERCENT_0_1": 0.7,
        "GrenadePrecision": 0.05,
        "STOP_WHEN_THROW_GRENADE": true,
        "WAIT_TIME_TURN_AWAY": 1.2,
        "SMOKE_SUPPRESS_DELTA": 20,
        "DAMAGE_GRENADE_SUPPRESS_DELTA": 8,
        "STUN_SUPPRESS_DELTA": 9,
        "CHEAT_START_GRENADE_PLACE": true,
        "CAN_THROW_STRAIGHT_CONTACT": true,
        "STRAIGHT_CONTACT_DELTA_SEC": 3,
        "ANG_TYPE": 1
      },
      "Change": {
        "SMOKE_VISION_DIST": 0.6,
        "SMOKE_GAIN_SIGHT": 1.6,
        "SMOKE_SCATTERING": 1.6,
        "SMOKE_PRECICING": 1.6,
        "SMOKE_HEARING": 1,
        "SMOKE_ACCURATY": 1.6,
        "SMOKE_LAY_CHANCE": 1.6,
        "FLASH_VISION_DIST": 0.05,
        "FLASH_GAIN_SIGHT": 1.8,
        "FLASH_SCATTERING": 1.6,
        "FLASH_PRECICING": 1.6,
        "FLASH_HEARING": 1,
        "FLASH_ACCURATY": 1.6,
        "FLASH_LAY_CHANCE": 1,
        "STUN_HEARING": 0.01
      },
      "Cover": {
        "RETURN_TO_ATTACK_AFTER_AMBUSH_MIN": 20,
        "RETURN_TO_ATTACK_AFTER_AMBUSH_MAX": 50,
        "SOUND_TO_GET_SPOTTED": 2,
        "TIME_TO_MOVE_TO_COVER": 15,
        "MAX_DIST_OF_COVER": 4,
        "CHANGE_RUN_TO_COVER_SEC": 5,
        "CHANGE_RUN_TO_COVER_SEC_GREANDE": 0.6,
        "MIN_DIST_TO_ENEMY": 9,
        "DIST_CANT_CHANGE_WAY": 5,
        "DIST_CHECK_SFETY": 9,
        "TIME_CHECK_SAFE": 2,
        "HIDE_TO_COVER_TIME": 1.5,
        "MAX_DIST_OF_COVER_SQR": 16,
        "DIST_CANT_CHANGE_WAY_SQR": 25,
        "SPOTTED_COVERS_RADIUS": 2.5,
        "LOOK_LAST_ENEMY_POS_MOVING": 1.5,
        "LOOK_TO_HIT_POINT_IF_LAST_ENEMY": 3,
        "LOOK_LAST_ENEMY_POS_LOOKAROUND": 45,
        "OFFSET_LOOK_ALONG_WALL_ANG": 20,
        "SPOTTED_GRENADE_RADIUS": 16,
        "MAX_SPOTTED_TIME_SEC": 20,
        "WAIT_INT_COVER_FINDING_ENEMY": 2,
        "CLOSE_DIST_POINT_SQRT": 4,
        "DELTA_SEEN_FROM_COVE_LAST_POS": 5,
        "MOVE_TO_COVER_WHEN_TARGET": false,
        "RUN_COVER_IF_CAN_AND_NO_ENEMIES": true,
        "SPOTTED_GRENADE_TIME": 7,
        "DEPENDS_Y_DIST_TO_BOT": true,
        "RUN_IF_FAR": 15,
        "RUN_IF_FAR_SQRT": 225,
        "STAY_IF_FAR": 25,
        "STAY_IF_FAR_SQRT": 625,
        "CHECK_COVER_ENEMY_LOOK": false,
        "SHOOT_NEAR_TO_LEAVE": 3,
        "SHOOT_NEAR_SEC_PERIOD": 1,
        "HITS_TO_LEAVE_COVER": 2,
        "HITS_TO_LEAVE_COVER_UNKNOWN": 2,
        "DOG_FIGHT_AFTER_LEAVE": 4,
        "NOT_LOOK_AT_WALL_IS_DANGER": true,
        "MIN_DEFENCE_LEVEL": 22,
        "GOOD_DIST_TO_POINT_COEF": 1.8,
        "ENEMY_DIST_TO_GO_OUT": 1
      },
      "Patrol": {
        "LOOK_TIME_BASE": 12,
        "RESERVE_TIME_STAY": 72,
        "FRIEND_SEARCH_SEC": 12,
        "TALK_DELAY": 1.1,
        "MIN_TALK_DELAY": 35,
        "TALK_DELAY_BIG": 45.1,
        "CHANGE_WAY_TIME": 325.1,
        "MIN_DIST_TO_CLOSE_TALK": 5,
        "VISION_DIST_COEF_PEACE": 0.95,
        "MIN_DIST_TO_CLOSE_TALK_SQR": 25,
        "CHANCE_TO_CUT_WAY_0_100": 75,
        "CUT_WAY_MIN_0_1": 0.4,
        "CUT_WAY_MAX_0_1": 0.65,
        "CHANCE_TO_CHANGE_WAY_0_100": 30,
        "CHANCE_TO_SHOOT_DEADBODY": 52,
        "SUSPETION_PLACE_LIFETIME": 7,
        "RESERVE_OUT_TIME": 60,
        "CLOSE_TO_SELECT_RESERV_WAY": 25,
        "MAX_YDIST_TO_START_WARN_REQUEST_TO_REQUESTER": 5,
        "FORCE_OPPONENT_TO_PEAEFUL": true,
        "CAN_CHECK_MAGAZINE": false
      },
      "Hearing": {
        "BOT_CLOSE_PANIC_DIST": 1,
        "CHANCE_TO_HEAR_SIMPLE_SOUND_0_1": 0.98,
        "DISPERSION_COEF": 10,
        "CLOSE_DIST": 36,
        "FAR_DIST": 66,
        "SOUND_DIR_DEEFREE": 30,
        "DIST_PLACE_TO_FIND_POINT": 70,
        "DEAD_BODY_SOUND_RAD": 30,
        "LOOK_ONLY_DANGER": false,
        "RESET_TIMER_DIST": 17,
        "HEAR_DELAY_WHEN_PEACE": 0,
        "HEAR_DELAY_WHEN_HAVE_SMT": 0,
        "LOOK_ONLY_DANGER_DELTA": 9
      },
      "Mind": {
        "MIN_SHOOTS_TIME": 2,
        "MAX_SHOOTS_TIME": 4,
        "TIME_TO_RUN_TO_COVER_CAUSE_SHOOT_SEC": 15,
        "DAMAGE_REDUCTION_TIME_SEC": 30,
        "MIN_DAMAGE_SCARE": 20,
        "CHANCE_TO_IGNORE_TRIPWIRE": 100,
        "CHANCE_TO_RUN_CAUSE_DAMAGE_0_100": 35,
        "TIME_TO_FORGOR_ABOUT_ENEMY_SEC": 52,
        "TIME_TO_FIND_ENEMY": 22,
        "MAX_AGGRO_BOT_DIST": 100,
        "HIT_POINT_DETECTION": 4,
        "DANGER_POINT_CHOOSE_COEF": 1,
        "SIMPLE_POINT_CHOOSE_COEF": 0.4,
        "LASTSEEN_POINT_CHOOSE_COEF": 0.2,
        "COVER_DIST_COEF": 1.5,
        "DIST_TO_FOUND_SQRT": 400,
        "MAX_AGGRO_BOT_DIST_SQR": 10000,
        "DIST_TO_STOP_RUN_ENEMY": 15,
        "ENEMY_LOOK_AT_ME_ANG": 15,
        "MIN_START_AGGRESION_COEF": 1,
        "MAX_START_AGGRESION_COEF": 3,
        "BULLET_FEEL_DIST": 160,
        "BULLET_FEEL_CLOSE_SDIST": 1,
        "ATTACK_IMMEDIATLY_CHANCE_0_100": 40,
        "CHANCE_FUCK_YOU_ON_CONTACT_100": 0.01,
        "FRIEND_DEAD_AGR_LOW": -0.2,
        "FRIEND_AGR_KILL": 0.2,
        "LAST_ENEMY_LOOK_TO": 40,
        "CAN_RECEIVE_PLAYER_REQUESTS_SAVAGE": false,
        "CAN_RECEIVE_PLAYER_REQUESTS_BEAR": false,
        "CAN_RECEIVE_PLAYER_REQUESTS_USEC": false,
        "IGNORE_TRAP": true,
        "CAN_USE_MEDS": true,
        "SUSPETION_POINT_CHANCE_ADD100": 0,
        "AMBUSH_WHEN_UNDER_FIRE": true,
        "AMBUSH_WHEN_UNDER_FIRE_TIME_RESIST": 60,
        "ATTACK_ENEMY_IF_PROTECT_DELTA_LAST_TIME_SEEN": 1.5,
        "HOLD_IF_PROTECT_DELTA_LAST_TIME_SEEN": 8.5,
        "FIND_COVER_TO_GET_POSITION_WITH_SHOOT": 2,
        "PROTECT_TIME_REAL": true,
        "CHANCE_SHOOT_WHEN_WARN_PLAYER_100": 25,
        "CAN_PANIC_IS_PROTECT": false,
        "NO_RUN_AWAY_FOR_SAFE": false,
        "PART_PERCENT_TO_HEAL": 0.65,
        "PROTECT_DELTA_HEAL_SEC": 10,
        "CAN_STAND_BY": true,
        "CAN_THROW_REQUESTS": true,
        "GROUP_ANY_PHRASE_DELAY": 5,
        "GROUP_EXACTLY_PHRASE_DELAY": 30,
        "DIST_TO_ENEMY_YO_CAN_HEAL": 30,
        "CHANCE_TO_STAY_WHEN_WARN_PLAYER_100": 80,
        "DOG_FIGHT_OUT": 6,
        "DOG_FIGHT_IN": 3,
        "SHOOT_INSTEAD_DOG_FIGHT": 9,
        "PISTOL_SHOTGUN_AMBUSH_DIST": 30,
        "STANDART_AMBUSH_DIST": 100,
        "AI_POWER_COEF": 120,
        "COVER_SECONDS_AFTER_LOSE_VISION": 10,
        "COVER_SELF_ALWAYS_IF_DAMAGED": false,
        "SEC_TO_MORE_DIST_TO_RUN": 10,
        "HEAL_DELAY_SEC": 5,
        "HIT_DELAY_WHEN_HAVE_SMT": -1,
        "HIT_DELAY_WHEN_PEACE": -1,
        "CAN_TAKE_ITEMS": false,
        "TALK_WITH_QUERY": true,
        "CAN_EXECUTE_REQUESTS": true,
        "DEFAULT_SAVAGE_BEHAVIOUR": "Warn",
        "DEFAULT_BEAR_BEHAVIOUR": "AlwaysEnemies",
        "DEFAULT_USEC_BEHAVIOUR": "AlwaysEnemies",
        "FRIENDLY_BOT_TYPES": [
          "bossKilla",
          "assault"
        ],
        "WARN_BOT_TYPES": [],
        "ENEMY_BOT_TYPES": [
          "pmcBEAR",
          "pmcUSEC"
        ]
      },
      "Boss": {
        "BOSS_DIST_TO_WARNING": 15,
        "BOSS_DIST_TO_WARNING_SQRT": 225,
        "BOSS_DIST_TO_WARNING_USEC": 15,
        "BOSS_DIST_TO_WARNING_SQRT_USEC": 225,
        "BOSS_DIST_TO_WARNING_BEAR": 15,
        "BOSS_DIST_TO_WARNING_SQRT_BEAR": 225,
        "BOSS_DIST_TO_WARNING_OUT": 20,
        "BOSS_DIST_TO_WARNING_OUT_SQRT": 400,
        "BOSS_DIST_TO_SHOOT": 5,
        "BOSS_DIST_TO_SHOOT_SQRT": 25,
        "TAGILLA_FIRST_ASSAULT_RADIUS": 30,
        "TAGILLA_SECOND_ASSAULT_RADIUS": 30,
        "TAGILLA_FIRST_ASSAULT_CHANCE": 110,
        "TAGILLA_SECOND_ASSAULT_CHANCE": 110,
        "CHANCE_TO_SEND_GRENADE_100": 100,
        "MAX_DIST_COVER_BOSS": 25,
        "MAX_DIST_COVER_BOSS_SQRT": 625,
        "MAX_DIST_DECIDER_TO_SEND": 35,
        "MAX_DIST_DECIDER_TO_SEND_SQRT": 1225,
        "TIME_AFTER_LOSE": 15,
        "TIME_AFTER_LOSE_DELTA": 60,
        "PERSONS_SEND": 2,
        "DELTA_SEARCH_TIME": 18,
        "COVER_TO_SEND": true,
        "WAIT_NO_ATTACK_SAVAGE": 1,
        "CHANCE_USE_RESERVE_PATROL_100": 30,
        "KILLA_Y_DELTA_TO_BE_ENEMY_BOSS": 5,
        "KILLA_DITANCE_TO_BE_ENEMY_BOSS": 45,
        "KILLA_START_SEARCH_SEC": 40,
        "KILLA_CONTUTION_TIME": 5,
        "KILLA_CLOSE_ATTACK_DIST": 8,
        "KILLA_MIDDLE_ATTACK_DIST": 22,
        "KILLA_LARGE_ATTACK_DIST": 41,
        "KILLA_SEARCH_METERS": 20,
        "KILLA_DEF_DIST_SQRT": 225,
        "KILLA_SEARCH_SEC_STOP_AFTER_COMING": 25,
        "KILLA_DIST_TO_GO_TO_SUPPRESS": 6,
        "KILLA_AFTER_GRENADE_SUPPRESS_DELAY": 2,
        "KILLA_CLOSEATTACK_TIMES": 4,
        "KILLA_CLOSEATTACK_DELAY": -1,
        "KILLA_HOLD_DELAY": 5,
        "KILLA_BULLET_TO_RELOAD": 15,
        "SHALL_WARN": true,
        "KOJANIY_DIST_WHEN_READY": 40,
        "KOJANIY_DIST_TO_BE_ENEMY": 200,
        "KOJANIY_MIN_DIST_TO_LOOT": 20,
        "KOJANIY_MIN_DIST_TO_LOOT_SQRT": 400,
        "KOJANIY_DIST_ENEMY_TOO_CLOSE": 17,
        "KOJANIY_MANY_ENEMIES_COEF": 1.5,
        "KILLA_ENEMIES_TO_ATTACK": 3,
        "KILLA_ONE_IS_CLOSE": 30,
        "KILLA_TRIGGER_DOWN_DELAY": 1,
        "KILLA_WAIT_IN_COVER_COEF": 1,
        "TAGILLA_MELEE_CHANCE_RELOAD": 75,
        "TAGILLA_MELEE_CHANCE_INTERACTION": 75,
        "TAGILLA_MELEE_CHANCE_INVENTORY": 75,
        "TAGILLA_MELEE_CHANCE_MEDS": 75,
        "TAGILLA_MELEE_CHANCE_FORCED": 75,
        "EFFECT_REGENERATION_PER_MIN": 60,
        "EFFECT_PAINKILLER": true
      },
      "Core": {
        "VisibleAngle": 180,
        "VisibleDistance": 137,
        "GainSightCoef": 2,
        "ScatteringPerMeter": 0.1,
        "ScatteringClosePerMeter": 0.1,
        "DamageCoeff": 1,
        "HearingSense": 3.95,
        "CanRun": true,
        "CanGrenade": true,
        "AimingType": "normal",
        "PistolFireDistancePref": 35,
        "ShotgunFireDistancePref": 50,
        "RifleFireDistancePref": 100,
        "AccuratySpeed": 0.2,
        "WaitInCoverBetweenShotsSec": 1,
        "START_DIST_TO_COV": 50
      },
      "Scattering": {
        "MinScatter": 0.03,
        "WorkingScatter": 0.15,
        "MaxScatter": 0.4,
        "SpeedUp": 0.3,
        "SpeedUpAim": 1.4,
        "SpeedDown": -0.3,
        "ToSlowBotSpeed": 1.5,
        "ToLowBotSpeed": 2.4,
        "ToUpBotSpeed": 3.6,
        "MovingSlowCoef": 1.5,
        "ToLowBotAngularSpeed": 80,
        "ToStopBotAngularSpeed": 40,
        "FromShot": 0.001,
        "TracerCoef": 1.3,
        "HandDamageScatteringMinMax": 0.7,
        "HandDamageAccuracySpeed": 1.3,
        "BloodFall": 1.45,
        "Caution": 0.3,
        "ToCaution": 0.6,
        "RecoilControlCoefShootDone": 0.0003,
        "RecoilControlCoefShootDoneAuto": 0.00015,
        "AMPLITUDE_FACTOR": 0.25,
        "AMPLITUDE_SPEED": 0.1,
        "DIST_FROM_OLD_POINT_TO_NOT_AIM": 15,
        "DIST_FROM_OLD_POINT_TO_NOT_AIM_SQRT": 225,
        "DIST_NOT_TO_SHOOT": 0.3,
        "PoseChnageCoef": 0.1,
        "LayFactor": 0.1,
        "RecoilYCoef": 0.0005,
        "RecoilYCoefSppedDown": -0.52,
        "RecoilYMax": 1
      }
    }
  },
  "chances": {
    "equipment": {
      "Headwear": 100,
      "Earpiece": 0,
      "FaceCover": 0,
      "ArmorVest": 100,
      "Eyewear": 0,
      "ArmBand": 0,
      "TacticalVest": 100,
      "Backpack": 0,
      "FirstPrimaryWeapon": 100,
      "SecondPrimaryWeapon": 0,
      "Holster": 100,
      "Scabbard": 100,
      "Pockets": 100,
      "SecuredContainer": 100
    },
    "weaponMods": {
      "mod_launcher": 0,
      "mod_muzzle": 100,
      "mod_reciever": 100,
      "mod_sight_rear": 28,
      "mod_stock_akms": 100,
      "mod_magazine": 100,
      "mod_charge": 100,
      "mod_sight_front": 0,
      "mod_mount_000": 100,
      "mod_mount_001": 60,
      "mod_mount_002": 0,
      "mod_mount_003": 0,
      "mod_foregrip": 100,
      "mod_muzzle_001": 100,
      "mod_scope": 62,
      "mod_stock": 100,
      "mod_stock_000": 100,
      "mod_tactical": 100,
      "mod_stock_001": 100,
      "mod_tactical_000": 66,
      "mod_flashlight": 100
    },
    "equipmentMods": {
      "mod_equipment": 100,
      "front_plate": 100,
      "back_plate": 100
    }
  },
  "generation": {
    "items": {
      "specialItems": {
        "weights": {
          "0": 1,
          "1": 0
        },
        "whitelist": []
      },
      "healing": {
        "weights": {
          "0": 1,
          "1": 2,
          "2": 1
        },
        "whitelist": []
      },
      "drugs": {
        "weights": {
          "0": 1,
          "1": 2,
          "2": 0
        },
        "whitelist": []
      },
      "stims": {
        "weights": {
          "0": 2,
          "1": 1,
          "2": 0
        },
        "whitelist": []
      },
      "food": {
        "weights": {
          "0": 10,
          "1": 5,
          "2": 2
        },
        "whitelist": []
      },
      "drink": {
        "weights": {
          "0": 10,
          "1": 5,
          "2": 2
        },
        "whitelist": []
      },
      "currency": {
        "weights": {
          "0": 20,
          "1": 5,
          "2": 1
        },
        "whitelist": []
      },
      "backpackLoot": {
        "weights": {
          "0": 1,
          "1": 1,
          "2": 2,
          "3": 1,
          "4": 1,
          "5": 1,
          "6": 1,
          "7": 0
        },
        "whitelist": []
      },
      "pocketLoot": {
        "weights": {
          "0": 1,
          "1": 6,
          "2": 3,
          "3": 1,
          "4": 1
        },
        "whitelist": []
      },
      "vestLoot": {
        "weights": {
          "0": 1,
          "1": 1,
          "2": 2,
          "3": 1,
          "4": 0,
          "5": 0,
          "6": 0
        },
        "whitelist": []
      },
      "magazines": {
        "weights": {
          "0": 0,
          "1": 0,
          "2": 1,
          "3": 3,
          "4": 1
        },
        "whitelist": []
      },
      "grenades": {
        "weights": {
          "0": 1,
          "1": 2,
          "2": 1,
          "3": 1,
          "4": 0,
          "5": 0
        },
        "whitelist": []
      }
    }
  }
}