{
  "appearance": {
    "body": {
      "6287b16b05846043f15a790d": 1
    },
    "feet": {
      "6287b14b66bb7d4a3c32bc94": 1
    },
    "hands": {
      "5cc2e68f14c02e28b47de290": 1
    },
    "head": {
      "6287b0d239d8207cb27d66c7": 1
    },
    "voice": {
      "BossBigPipe": 1
    }
  },
  "experience": {
    "level": {
      "min": 0,
      "max": 1
    },
    "reward": {
      "normal": {
        "min": 2100,
        "max": 2100
      }
    },
    "standingForKill": {
      "normal": 0
    },
    "aggressorBonus": {
      "normal": 0
    },
    "useSimpleAnimator": false
  },
  "health": {
    "Hydration": {
      "min": 100,
      "max": 100
    },
    "Energy": {
      "min": 100,
      "max": 100
    },
    "Temperature": {
      "min": 36,
      "max": 40
    },
    "BodyParts": [
      {
        "Head": {
          "min": 70,
          "max": 70
        },
        "Chest": {
          "min": 220,
          "max": 220
        },
        "Stomach": {
          "min": 200,
          "max": 200
        },
        "LeftArm": {
          "min": 110,
          "max": 110
        },
        "RightArm": {
          "min": 110,
          "max": 110
        },
        "LeftLeg": {
          "min": 100,
          "max": 100
        },
        "RightLeg": {
          "min": 100,
          "max": 100
        }
      }
    ]
  },
  "skills": {
    "Common": {
      "BotReload": {
        "min": 1200,
        "max": 1700
      },
      "BotSound": {
        "min": 500,
        "max": 1000
      },
      "Endurance": {
        "min": 5100,
        "max": 5100
      },
      "Health": {
        "min": 5100,
        "max": 5100
      },
      "Strength": {
        "min": 5100,
        "max": 5100
      },
      "Vitality": {
        "min": 5100,
        "max": 5100
      }
    }
  },
  "inventory": {
    "equipment": {
      "Headwear": {
        "628e4dd1f477aa12234918aa": 1
      },
      "Earpiece": {
        "66b5f693acff495a294927e3": 4002,
        "66b5f6985891c84aab75ca76": 4050,
        "628e4e576d783146b124c64d": 4037,
        "5645bcc04bdc2d363b8b4572": 4045
      },
      "FaceCover": {
        "62a61bbf8ec41a51b34758d2": 1
      },
      "ArmorVest": {},
      "Eyewear": {
        "603409c80ca681766b6a0fb2": 3244,
        "62a61c988ec41a51b34758d5": 3245
      },
      "ArmBand": {},
      "TacticalVest": {
        "628b9784bcf6e2659e09b8a2": 1
      },
      "Backpack": {},
      "FirstPrimaryWeapon": {
        "5bd70322209c4d00d7167b8f": 6029,
        "5fbcc1d9016cce60e8341ab3": 11160
      },
      "SecondPrimaryWeapon": {
        "5a7828548dc32e5a9c28b516": 8387,
        "661cec09b2c6356b4d0c7a36": 3383,
        "5e81ebcd8e146c7080625e15": 1797,
        "6275303a9f372d6ea97f9ec7": 1345
      },
      "Holster": {
        "5f36a0e5fbf956000b716b65": 61650,
        "669fa3f88abd2662d80eee77": 20735,
        "668fe5a998b5ad715703ddd6": 3547
      },
      "Scabbard": {
        "54491bb74bdc2d09088b4567": 1
      },
      "Pockets": {
        "64cbd95a29b9b4283e216ff5": 1
      },
      "SecuredContainer": {
        "5c0a794586f77461c458f892": 1
      }
    },
    "Ammo": {
      "Caliber46x30": {
        "64b6979341772715af0f9c39": 1660,
        "5ba26835d4351e0035628ff5": 141
      },
      "Caliber12g": {
        "5d6e6911a4b9361bd5780d52": 1
      },
      "Caliber1143x23ACP": {
        "5e81f423763d9f754677bf2e": 3110,
        "5efb0cabfb3e451d70735af5": 581
      },
      "Caliber762x35": {
        "619636be6db0f2477964e710": 3210,
        "5fd20ff893a8961fc660a954": 131
      },
      "Caliber762x51": {
        "5a6086ea4f39f99cd479502f": 1420,
        "5a608bf24f39f98ffc77720e": 2210,
        "58dd3ad986f77403051cba8f": 3820,
        "6768c25aa7b238f14a08d3f6": 143
      },
      "Caliber40x46": {
        "5ede474b0c226a66f5402622": 179,
        "5f0c892565703e5c461894e9": 807
      },
      "Caliber127x33": {
        "668fe62ac62660a5d8071446": 1
      }
    },
    "mods": {
      "5bd70322209c4d00d7167b8f": {
        "mod_stock": [
          "5bd704e7209c4d00d7167c31"
        ],
        "mod_muzzle": [
          "5ba26acdd4351e003562908e"
        ],
        "mod_sight_front": [
          "5ba26b01d4351e0085325a51"
        ],
        "mod_sight_rear": [
          "5ba26b17d4351e00367f9bdd"
        ],
        "mod_scope": [
          "558022b54bdc2dac148b458d"
        ],
        "mod_foregrip": [
          "59f8a37386f7747af3328f06"
        ],
        "mod_tactical_000": [
          "544909bb4bdc2d6f028b4577"
        ],
        "mod_tactical_002": [
          "626becf9582c3e319310b837"
        ],
        "mod_magazine": [
          "5ba26586d4351e44f824b340"
        ]
      },
      "5ba26acdd4351e003562908e": {
        "mod_muzzle": [
          "5ba26ae8d4351e00367f9bdb"
        ]
      },
      "5a7828548dc32e5a9c28b516": {
        "mod_barrel": [
          "5a787fdfc5856700142fdd9a"
        ],
        "mod_handguard": [
          "5a788089c5856700142fdd9c"
        ],
        "mod_stock": [
          "5bfe86a20db834001d23e8f7"
        ],
        "mod_mount": [
          "5a7893c1c585673f2b5c374d"
        ],
        "mod_magazine": [
          "5a7882dcc5856700177af662"
        ]
      },
      "5bfe86a20db834001d23e8f7": {
        "mod_stock": [
          "5bfe86bd0db83400232fe959"
        ]
      },
      "5a7893c1c585673f2b5c374d": {
        "mod_scope": [
          "5a33b2c9c4a282000c5a9511"
        ]
      },
      "5a33b2c9c4a282000c5a9511": {
        "mod_scope": [
          "5a32aa8bc4a2826c6e06d737"
        ]
      },
      "5f36a0e5fbf956000b716b65": {
        "mod_barrel": [
          "5f3e7801153b8571434a924c"
        ],
        "mod_pistol_grip": [
          "5f3e778efcd9b651187d7201"
        ],
        "mod_reciever": [
          "5f3e7823ddc4f03b010e2045"
        ],
        "mod_trigger": [
          "5f3e772a670e2a7b01739a52"
        ],
        "mod_hammer": [
          "5f3e76d86cda304dcc634054"
        ],
        "mod_catch": [
          "5f3e777688ca2d00ad199d25"
        ],
        "mod_magazine": [
          "5ef3448ab37dfd6af863525c"
        ]
      },
      "5f3e7823ddc4f03b010e2045": {
        "mod_sight_rear": [
          "5f3e7897ddc4f03b010e204a"
        ],
        "mod_sight_front": [
          "5f3e78a7fbf956000b716b8e"
        ]
      },
      "628b9784bcf6e2659e09b8a2": {
        "Front_plate": [
          "656fae5f7c2d57afe200c0d7"
        ],
        "Back_plate": [
          "656fae5f7c2d57afe200c0d7"
        ],
        "Left_side_plate": [
          "6557458f83942d705f0c4962"
        ],
        "Right_side_plate": [
          "6557458f83942d705f0c4962"
        ]
      },
      "5fbcc1d9016cce60e8341ab3": {
        "mod_pistol_grip": [
          "55802f5d4bdc2dac148b458f"
        ],
        "mod_reciever": [
          "5fbcc3e4d6fa9c00c571bb58"
        ],
        "mod_stock": [
          "5fbcc429900b1d5091531dd7"
        ],
        "mod_charge": [
          "5fbcc640016cce60e8341acc"
        ],
        "mod_magazine": [
          "5c6d46132e221601da357d56",
          "5d1340cad7ad1a0b0b249869"
        ]
      },
      "5fbcc3e4d6fa9c00c571bb58": {
        "mod_scope": [
          "58d39d3d86f77445bb794ae7"
        ],
        "mod_barrel": [
          "5fbbfabed5cb881a7363194e"
        ],
        "mod_handguard": [
          "5fbc227aa56d053a3543f79e"
        ],
        "mod_sight_rear": [
          "5c1780312e221602b66cc189"
        ],
        "mod_tactical": [
          "544909bb4bdc2d6f028b4577"
        ]
      },
      "58d39d3d86f77445bb794ae7": {
        "mod_scope": [
          "58d39b0386f77443380bf13c"
        ]
      },
      "58d39b0386f77443380bf13c": {
        "mod_scope": [
          "58d399e486f77442e0016fe7"
        ]
      },
      "5fbbfabed5cb881a7363194e": {
        "mod_muzzle": [
          "5fbc22ccf24b94483f726483"
        ],
        "mod_gas_block": [
          "5fbc210bf24b94483f726481"
        ]
      },
      "5fbc22ccf24b94483f726483": {
        "mod_muzzle_000": [
          "5fbcbcf593164a5b6278efb2"
        ],
        "mod_muzzle_001": [
          "5fbe760793164a5b6278efc8"
        ]
      },
      "5fbc227aa56d053a3543f79e": {
        "mod_mount_001": [
          "59e0bdb186f774156f04ce82"
        ],
        "mod_sight_front": [
          "5c17804b2e2216152006c02f"
        ],
        "mod_foregrip": [
          "5fc0f9cbd6fa9c00c571bb90"
        ]
      },
      "59e0bdb186f774156f04ce82": {
        "mod_tactical": [
          "57d17e212459775a1179a0f5"
        ]
      },
      "57d17e212459775a1179a0f5": {
        "mod_flashlight": [
          "57d17c5e2459775a5c57d17d"
        ]
      },
      "661cec09b2c6356b4d0c7a36": {
        "mod_stock": [
          "661520fb6f8e1a96340afaa6"
        ],
        "mod_barrel": [
          "66012788c752a02bbe05e68e"
        ],
        "mod_handguard": [
          "661fbe066751ee51930b01f2"
        ],
        "mod_sight_rear": [
          "6601265f98a610c1aa0ea637"
        ],
        "mod_pistolgrip_000": [
          "66152153a031cbb5570e346f"
        ],
        "mod_scope": [
          "57ac965c24597706be5f975c"
        ],
        "mod_magazine": [
          "660ea4453786cc0af808a1be"
        ]
      },
      "66012788c752a02bbe05e68e": {
        "mod_muzzle": [
          "66012a1d3dff5074ed002e2a"
        ],
        "mod_sight_front": [
          "660126a98f2b23af220b27e7"
        ]
      },
      "66152153a031cbb5570e346f": {
        "mod_pistolgrip_001": [
          "6615211ca031cbb5570e346d"
        ]
      },
      "5e81ebcd8e146c7080625e15": {
        "mod_pistol_grip": [
          "571659bb2459771fb2755a12"
        ],
        "mod_scope": [
          "6284bd5f95250a29bc628a30"
        ],
        "patron_in_weapon": [
          "5ede474b0c226a66f5402622"
        ]
      },
      "669fa3f88abd2662d80eee77": {
        "mod_barrel": [
          "669fa4ba1bd4416eaa09b3c6"
        ],
        "mod_pistolgrip": [
          "66a0da76b6f47fcfeb025e96"
        ],
        "mod_reciever": [
          "669fa5019aa2a422600442f6"
        ],
        "mod_magazine": [
          "668fe5c5f35310705d02b696"
        ]
      },
      "669fa4ba1bd4416eaa09b3c6": {
        "mod_sight_front": [
          "668fe5ec4315934ba10c6f96"
        ]
      },
      "669fa5019aa2a422600442f6": {
        "mod_sight_rear": [
          "668fe5e1800f0244f9036e46"
        ]
      },
      "668fe5a998b5ad715703ddd6": {
        "mod_barrel": [
          "668fe5f62a0f85eea407cc18"
        ],
        "mod_pistolgrip": [
          "668fe5d42a0f85eea407cc16"
        ],
        "mod_reciever": [
          "668fe60b56984d93550462c6"
        ],
        "mod_magazine": [
          "668fe5c5f35310705d02b696"
        ]
      },
      "668fe5f62a0f85eea407cc18": {
        "mod_sight_front": [
          "668fe5ec4315934ba10c6f96"
        ]
      },
      "668fe60b56984d93550462c6": {
        "mod_sight_rear": [
          "668fe5e1800f0244f9036e46"
        ]
      },
      "6275303a9f372d6ea97f9ec7": {
        "mod_pistol_grip": [
          "5bb20e18d4351e00320205d5"
        ],
        "mod_stock": [
          "5d135e83d7ad1a21b83f42d8"
        ],
        "mod_scope": [
          "6284bd5f95250a29bc628a30"
        ],
        "mod_magazine": [
          "627bce33f21bc425b06ab967"
        ]
      },
      "627bce33f21bc425b06ab967": {
        "camora_000": [
          "5f0c892565703e5c461894e9"
        ],
        "camora_001": [
          "5f0c892565703e5c461894e9"
        ],
        "camora_002": [
          "5f0c892565703e5c461894e9"
        ],
        "camora_003": [
          "5f0c892565703e5c461894e9"
        ],
        "camora_004": [
          "5f0c892565703e5c461894e9"
        ],
        "camora_005": [
          "5f0c892565703e5c461894e9"
        ]
      }
    },
    "items": {
      "TacticalVest": {
        "5ba26586d4351e44f824b340": 83,
        "544fb45d4bdc2dee738b4568": 148,
        "619256e5f8af2c1a4e1f5d92": 160,
        "5c6d46132e221601da357d56": 106,
        "5d1340cad7ad1a0b0b249869": 107,
        "66dae7cbeb28f0f96809f325": 91
      },
      "Pockets": {
        "5d6e6911a4b9361bd5780d52": 10000,
        "5ef3448ab37dfd6af863525c": 10000,
        "58d3db5386f77426186285a0": 10000,
        "5448be9a4bdc2dfd2f8b456a": 10000,
        "5df8a6a186f77412640e2e80": 5608,
        "57514643245977207f2c2d09": 10000,
        "660ea4453786cc0af808a1be": 10000,
        "5755383e24597772cb798966": 10000,
        "5c94bbff86f7747ee735c08f": 10000,
        "5da46e3886f774653b7a83fe": 76,
        "5ede474b0c226a66f5402622": 100000,
        "668fe5c5f35310705d02b696": 10000,
        "5addaffe86f77470b455f900": 58,
        "59136a4486f774447a1ed172": 469,
        "593aa4be86f77457f56379f8": 1255,
        "61aa5b518f5e7a39b41416e2": 83,
        "5780cfa52459777dfb276eb1": 504,
        "5f0c892565703e5c461894e9": 100000,
        "5913611c86f77479e0084092": 796,
        "544fb37f4bdc2dee738b4567": 1680,
        "5937ee6486f77408994ba448": 996,
        "5a0eecf686f7740350630097": 57,
        "5938504186f7740991483f30": 1198,
        "62987c658081af308d7558c6": 104,
        "5938603e86f77435642354f4": 1840,
        "63a39df18a56922e82001f25": 235,
        "5d947d3886f774447b415893": 62,
        "61aa5b7db225ac1ead7957c1": 125,
        "64ccc1fe088064307e14a6f7": 124,
        "5d80cb8786f774405611c7d9": 55,
        "5a0eebed86f77461230ddb3d": 137,
        "6761a6f90575f25e020816a4": 442,
        "5a145ebb86f77458f1796f05": 124,
        "61a64492ba05ef10d62adcc1": 129,
        "658199972dc4e60f6d556a2f": 1235,
        "5780cf942459777df90dcb72": 1553,
        "63a39c69af870e651d58e6aa": 120,
        "5780d0532459777a5108b9a2": 175,
        "5913877a86f774432f15d444": 109,
        "5d80cb3886f77440556dbf09": 118,
        "5938994586f774523a425196": 644,
        "63a39ce4cd6db0635c1975fa": 120,
        "63a39c7964283b5e9c56b280": 613,
        "5a13ef0686f7746e5a411744": 123,
        "5e42c81886f7742a01529f57": 307,
        "5c1d0d6d86f7744bb2683e1f": 643,
        "5ad5d20586f77449be26d877": 502,
        "5a0eedb386f77403506300be": 122,
        "5780cf722459777a5108b9a1": 127,
        "61aa5aed32a4743c3453d319": 126,
        "5a0f0f5886f7741c4e32a472": 124,
        "6582dc5740562727a654ebb1": 132,
        "5780d0652459777df90dcb74": 80,
        "5a13ee1986f774794d4c14cd": 113,
        "5a0dc45586f7742f6b0b73e3": 117,
        "5a0eeb1a86f774688b70aa5c": 126,
        "6581998038c79576a2569e11": 1006,
        "5d80c66d86f774405611c7d6": 51,
        "5ad5cfbd86f7742c825d6104": 124,
        "6582dbe43a2e5248357dbe9a": 979,
        "5d80c60f86f77440373c4ece": 34,
        "5e42c83786f7742a021fdf3c": 360,
        "63a39e49cd6db0635c1975fc": 88,
        "62987da96188c076bc0d8c51": 123,
        "5d95d6fa86f77424484aa5e9": 125,
        "63a71e86b7f4570d3a293169": 111,
        "64ccc268c41e91416064ebc7": 106,
        "63a39fd1c9b3aa4b61683efb": 296,
        "64ccc1f4ff54fb38131acf27": 109,
        "5780d07a2459777de4559324": 112,
        "5da5cdcd86f774529238fb9b": 71,
        "5914578086f774123569ffa4": 383,
        "590c695186f7741e566b64a2": 423,
        "5780cf9e2459777df90dcb73": 126,
        "5ad5d64486f774079b080af8": 132,
        "5a0dc95c86f77452440fc675": 159,
        "5a0ee30786f774023b6ee08f": 123,
        "63a39fdf1e21260da44a0256": 180,
        "5a0eb38b86f774153b320eb0": 131,
        "59136e1e86f774432f15d133": 241,
        "63a39667c9b3aa4b61683e98": 94,
        "5751a89d24597722aa0e8db0": 110,
        "5a0ee72c86f77436955d3435": 133,
        "5ad5d49886f77455f9731921": 1013,
        "62a09ec84f842e1bd12da3f2": 274,
        "5d95d6be86f77424444eb3a7": 119,
        "544fb3f34bdc2d03748b456a": 418,
        "591383f186f7744a4c5edcf3": 395,
        "591afe0186f77431bd616a11": 1032,
        "63a71ed21031ac76fe773c7f": 100,
        "5d9f1fa686f774726974a992": 47,
        "5d80cb5686f77440545d1286": 118,
        "5ad5ccd186f774446d5706e9": 135,
        "5c1e2a1e86f77431ea0ea84c": 127,
        "59148c8a86f774197930e983": 510,
        "5a0ec70e86f7742c0b518fba": 124,
        "5d80c6c586f77440351beef1": 66,
        "5a145d7b86f7744cbb6f4a13": 71,
        "5ad5d7d286f77450166e0a89": 68,
        "5af0548586f7743a532b7e99": 390,
        "5a0ea64786f7741707720468": 146,
        "5c1d0efb86f7744baf2e7b7b": 95,
        "5d80cd1a86f77402aa362f42": 46,
        "63a39f08cd6db0635c197600": 195,
        "62a9cb937377a65d7b070cef": 123,
        "61aa81fcb225ac1ead7957c3": 108,
        "6582dc4b6ba9e979af6b79f4": 477,
        "5d80c93086f7744036212b41": 61,
        "5780cda02459777b272ede61": 142,
        "63a39cb1c9b3aa4b61683ee2": 164,
        "5c1f79a086f7746ed066fb8f": 40,
        "61a6444b8c141d68246e2d2f": 137,
        "64ccc2111779ad6ba200a139": 117,
        "62987cb98081af308d7558c8": 108,
        "5c1e495a86f7743109743dfb": 112,
        "5a0ee62286f774369454a7ac": 130,
        "63a39dfe3901f439517cafba": 121,
        "5a0ea79b86f7741d4a35298e": 112,
        "5ede7a8229445733cb4c18e2": 35,
        "5d80c62a86f7744036212b3f": 46,
        "5a0f068686f7745b0d4ea242": 137,
        "5da743f586f7744014504f72": 96,
        "5a144dfd86f77445cb5a0982": 62,
        "63a71e781031ac76fe773c7d": 266,
        "5672c92d4bdc2d180f8b4567": 128,
        "5913915886f774123603c392": 176,
        "59387a4986f77401cc236e62": 123,
        "5d8e3ecc86f774414c78d05e": 61,
        "5a0eee1486f77402aa773226": 106,
        "64ccc206793ca11c8f450a38": 121,
        "5a13f46386f7741dd7384b04": 137,
        "5eff09cd30a7dc22fd1ddfed": 249,
        "5448ba0b4bdc2d02308b456c": 117,
        "64ccc24de61ea448b507d34d": 100,
        "5d80c78786f774403a401e3e": 64,
        "5a0f08bc86f77478f33b84c2": 118,
        "5a0ee34586f774023b6ee092": 120,
        "5d80ccac86f77470841ff452": 62,
        "591382d986f774465a6413a7": 225,
        "5a0ec6d286f7742c0b518fb5": 75,
        "5a13ef7e86f7741290491063": 101,
        "63a399193901f439517cafb6": 43,
        "5d8e15b686f774445103b190": 122,
        "5e42c71586f7747f245e1343": 56,
        "63a71e922b25f7513905ca20": 61,
        "63a3a93f8a56922e82001f5d": 42,
        "64ccc25f95763a1ae376e447": 18,
        "5a0f075686f7745bcc42ee12": 96,
        "5ad7242b86f7740a6a3abd43": 126,
        "5a0ee37f86f774023657a86f": 53,
        "5ad7247386f7747487619dc3": 67,
        "5a13f24186f77410e57c5626": 58,
        "5d80cbd886f77470855c26c2": 53,
        "64ccc1d4a0f13c24561edf27": 112,
        "5c1e2d1f86f77431e9280bee": 131,
        "5ede7b0c6d23e5473e6e8c66": 48,
        "64ccc1ec1779ad6ba200a137": 111,
        "5780cf692459777de4559321": 141,
        "5a0eb6ac86f7743124037a28": 106,
        "63a39fc0af870e651d58e6ae": 69,
        "62987e26a77ec735f90a2995": 219,
        "5a0eeb8e86f77461257ed71a": 119,
        "5a0ea69f86f7741cd5406619": 109,
        "62987dfc402c7f69bf010923": 31,
        "5a0eed4386f77405112912aa": 63,
        "5ad5db3786f7743568421cce": 99,
        "59148f8286f7741b951ea113": 133,
        "63a71eb5b7f4570d3a29316b": 90,
        "61aa5ba8018e9821b7368da9": 103,
        "5c1d0c5f86f7744bb2683cf0": 109,
        "591ae8f986f77406f854be45": 135,
        "5d80c8f586f77440373c4ed0": 51,
        "5ad7217186f7746744498875": 110,
        "5d8e0db586f7744450412a42": 74,
        "5d947d4e86f774447b415895": 52,
        "5d80ca9086f774403a401e40": 54,
        "5a145d4786f7744cbb6f4a12": 72,
        "5913651986f774432f15d132": 125,
        "5c1d0f4986f7744bb01837fa": 107,
        "5a0eff2986f7741fd654e684": 125,
        "5a0eec9686f77402ac5c39f2": 106,
        "5d80c6fc86f774403a401e3c": 52,
        "5a0f006986f7741ffd2fe484": 112,
        "5d80ccdd86f77474f7575e02": 63,
        "5938144586f77473c2087145": 118,
        "5a13f35286f77413ef1436b0": 62,
        "5c1d0dc586f7744baf2e7b79": 130,
        "63a39f18c2d53c2c6839c1d3": 85,
        "5a144bdb86f7741d374bbde0": 60,
        "5d80c88d86f77440556dbf07": 61,
        "5d8e0e0e86f774321140eb56": 61,
        "5a1452ee86f7746f33111763": 38,
        "59136f6f86f774447a1ed173": 109,
        "64ccc246ff54fb38131acf29": 131,
        "5d80cab086f77440535be201": 59,
        "5a0ee76686f7743698200d5c": 126,
        "5a0f045e86f7745b0f0d0e42": 105,
        "63a39e1d234195315d4020bd": 3,
        "63a39f6e64283b5e9c56b289": 112,
        "5d80c95986f77440351beef3": 52,
        "61a64428a8c6aa1b795f0ba1": 108,
        "5a13eebd86f7746fd639aa93": 42,
        "5780cf7f2459777de4559322": 41,
        "5a0ee4b586f7743698200d22": 66,
        "6761a6ccd9bbb27ad703c48a": 55,
        "64d4b23dc1b37504b41ac2b6": 7,
        "6582dbf0b8d7830efc45016f": 1,
        "679baa2c61f588ae2b062a24": 85,
        "679baa9091966fe40408f149": 88,
        "679baa4f59b8961f370dd683": 102,
        "679baa5a59b8961f370dd685": 102,
        "67e183377c6c2011970f3149": 2
      },
      "Backpack": {},
      "SecuredContainer": {
        "64b6979341772715af0f9c39": 7200,
        "5d6e6911a4b9361bd5780d52": 6310,
        "5e81f423763d9f754677bf2e": 584,
        "619636be6db0f2477964e710": 12800,
        "5a6086ea4f39f99cd479502f": 602,
        "5ede474b0c226a66f5402622": 9890,
        "668fe62ac62660a5d8071446": 270,
        "5a608bf24f39f98ffc77720e": 855,
        "58dd3ad986f77403051cba8f": 1470,
        "5fd20ff893a8961fc660a954": 500,
        "5efb0cabfb3e451d70735af5": 116,
        "5ba26835d4351e0035628ff5": 450,
        "5f0c892565703e5c461894e9": 7530,
        "6768c25aa7b238f14a08d3f6": 45
      },
      "SpecialLoot": {}
    }
  },
  "firstName": [
    "Big"
  ],
  "lastName": [
    "Pipe"
  ],
  "difficulty": {
    "easy": {
      "Lay": {
        "CHECK_SHOOT_WHEN_LAYING": false,
        "DELTA_LAY_CHECK": 2,
        "DELTA_GETUP": 2.7,
        "DELTA_AFTER_GETUP": 10,
        "CLEAR_POINTS_OF_SCARE_SEC": 20,
        "MAX_LAY_TIME": 35,
        "DELTA_WANT_LAY_CHECL_SEC": 5,
        "ATTACK_LAY_CHANCE": 25,
        "DIST_TO_COVER_TO_LAY": 3.5,
        "DIST_TO_COVER_TO_LAY_SQRT": 12.25,
        "DIST_GRASS_TERRAIN_SQRT": 0.160000011,
        "DIST_ENEMY_NULL_DANGER_LAY": 15,
        "DIST_ENEMY_NULL_DANGER_LAY_SQRT": 225,
        "DIST_ENEMY_GETUP_LAY": 10,
        "DIST_ENEMY_GETUP_LAY_SQRT": 100,
        "DIST_ENEMY_CAN_LAY": 15,
        "DIST_ENEMY_CAN_LAY_SQRT": 225,
        "LAY_AIM": 0.6,
        "MIN_CAN_LAY_DIST_SQRT": 121,
        "MIN_CAN_LAY_DIST": 11,
        "MAX_CAN_LAY_DIST_SQRT": 40000,
        "MAX_CAN_LAY_DIST": 200,
        "LAY_CHANCE_DANGER": 40,
        "DAMAGE_TIME_TO_GETUP": 3
      },
      "Aiming": {
        "MAX_AIM_PRECICING": 2,
        "BETTER_PRECICING_COEF": 0.9,
        "RECALC_DIST": 0.7,
        "RECALC_SQR_DIST": 0.48999998,
        "COEF_FROM_COVER": 0.85,
        "PANIC_COEF": 1.2,
        "PANIC_ACCURATY_COEF": 1.2,
        "HARD_AIM": 0.75,
        "PANIC_TIME": 6,
        "RECALC_MUST_TIME": 3,
        "DAMAGE_PANIC_TIME": 5,
        "DANGER_UP_POINT": 1.3,
        "MAX_AIMING_UPGRADE_BY_TIME": 0.25,
        "DAMAGE_TO_DISCARD_AIM_0_100": 1,
        "MIN_TIME_DISCARD_AIM_SEC": 0,
        "MAX_TIME_DISCARD_AIM_SEC": 0,
        "XZ_COEF": 0.2,
        "SHOOT_TO_CHANGE_PRIORITY": 5525,
        "BOTTOM_COEF": 0.1,
        "FIRST_CONTACT_ADD_SEC": 0.1,
        "FIRST_CONTACT_ADD_CHANCE_100": 80,
        "BASE_HIT_AFFECTION_DELAY_SEC": 0.27,
        "BASE_HIT_AFFECTION_MIN_ANG": 4,
        "BASE_HIT_AFFECTION_MAX_ANG": 8,
        "BASE_SHIEF": 0.05,
        "SCATTERING_HAVE_DAMAGE_COEF": 2,
        "SCATTERING_DIST_MODIF": 0.45,
        "SCATTERING_DIST_MODIF_CLOSE": 0.6,
        "AIMING_TYPE": 1,
        "DIST_TO_SHOOT_TO_CENTER": 3,
        "DIST_TO_SHOOT_NO_OFFSET": 3,
        "SHPERE_FRIENDY_FIRE_SIZE": -1,
        "COEF_IF_MOVE": 1,
        "TIME_COEF_IF_MOVE": 1.1,
        "BOT_MOVE_IF_DELTA": 3.01,
        "NEXT_SHOT_MISS_CHANCE_100": 100,
        "NEXT_SHOT_MISS_Y_OFFSET": 1,
        "ANYTIME_LIGHT_WHEN_AIM_100": -1,
        "ANY_PART_SHOOT_TIME": 15,
        "WEAPON_ROOT_OFFSET": 0.35,
        "MIN_DAMAGE_TO_GET_HIT_AFFETS": 1,
        "MAX_AIM_TIME": 0.3,
        "OFFSET_RECAL_ANYWAY_TIME": 1
      },
      "Look": {
        "OLD_TIME_POINT": 11,
        "WAIT_NEW_SENSOR": 2.1,
        "WAIT_NEW__LOOK_SENSOR": 7.8,
        "LOOK_AROUND_DELTA": 1.1,
        "MAX_VISION_GRASS_METERS": 0.8,
        "MAX_VISION_GRASS_METERS_FLARE": 8,
        "MAX_VISION_GRASS_METERS_OPT": 0.9090909,
        "MAX_VISION_GRASS_METERS_FLARE_OPT": 0.125,
        "LightOnVisionDistance": 40,
        "FAR_DISTANCE": 160,
        "FarDeltaTimeSec": 3,
        "MIDDLE_DIST": 90,
        "MiddleDeltaTimeSec": 1,
        "CloseDeltaTimeSec": 0.1,
        "POSIBLE_VISION_SPACE": 1.2,
        "GOAL_TO_FULL_DISSAPEAR": 1.1,
        "GOAL_TO_FULL_DISSAPEAR_SHOOT": 0.03,
        "BODY_DELTA_TIME_SEARCH_SEC": 1.7,
        "COME_TO_BODY_DIST": 1.2,
        "MARKSMAN_VISIBLE_DIST_COEF": 1.15,
        "VISIBLE_DISNACE_WITH_LIGHT": 95,
        "ENEMY_LIGHT_ADD": 43,
        "ENEMY_LIGHT_START_DIST": 90,
        "LOOK_THROUGH_GRASS": false,
        "CAN_LOOK_TO_WALL": false,
        "DIST_NOT_TO_IGNORE_WALL": 15,
        "DIST_CHECK_WALL": 20,
        "LOOK_LAST_POSENEMY_IF_NO_DANGER_SEC": 25,
        "MIN_LOOK_AROUD_TIME": 20,
        "OPTIMIZE_TO_ONLY_BODY": true,
        "NO_GREEN_DIST": 5,
        "NO_GRASS_DIST": 5,
        "GOAL_TO_FULL_DISSAPEAR_GREEN": 1.5
      },
      "Shoot": {
        "RECOIL_TIME_NORMALIZE": 1,
        "RECOIL_PER_METER": 0.02,
        "MAX_RECOIL_PER_METER": 0.04,
        "HORIZONT_RECOIL_COEF": 0.04,
        "WAIT_NEXT_SINGLE_SHOT": 0.2,
        "WAIT_NEXT_SINGLE_SHOT_LONG_MAX": 3.3,
        "WAIT_NEXT_SINGLE_SHOT_LONG_MIN": 0.4,
        "MARKSMAN_DIST_SEK_COEF": 44,
        "FINGER_HOLD_SINGLE_SHOT": 0.14,
        "BASE_AUTOMATIC_TIME": 0.4,
        "AUTOMATIC_FIRE_SCATTERING_COEF": 1.1,
        "CHANCE_TO_CHANGE_TO_AUTOMATIC_FIRE_100": 100,
        "DIST_TO_CHANGE_TO_MAIN": 0,
        "FAR_DIST_ENEMY": 20,
        "SHOOT_FROM_COVER": 6,
        "FAR_DIST_ENEMY_SQR": 400,
        "MAX_DIST_COEF": 1.35,
        "RECOIL_DELTA_PRESS": 0.15,
        "RUN_DIST_NO_AMMO": 25,
        "RUN_DIST_NO_AMMO_SQRT": 625,
        "CAN_SHOOTS_TIME_TO_AMBUSH": 600,
        "NOT_TO_SEE_ENEMY_TO_WANT_RELOAD_PERCENT": 0.5,
        "NOT_TO_SEE_ENEMY_TO_WANT_RELOAD_SEC": 2,
        "RELOAD_PECNET_NO_ENEMY": 0.6,
        "CHANCE_TO_CHANGE_WEAPON": -1,
        "CHANCE_TO_CHANGE_WEAPON_WITH_HELMET": -1,
        "TRY_CHANGE_WEAPON_WHEN_RELOAD": false,
        "CHANGE_TO_MAIN_WHEN_SUPPORT_NO_AMMO": false,
        "LOW_DIST_TO_CHANGE_WEAPON": 6,
        "FAR_DIST_TO_CHANGE_WEAPON": 30,
        "SUPPRESS_BY_SHOOT_TIME": 6,
        "SUPPRESS_TRIGGERS_DOWN": 3,
        "VALIDATE_MALFUNCTION_CHANCE": 100,
        "REPAIR_MALFUNCTION_IMMEDIATE_CHANCE": 25,
        "DELAY_BEFORE_EXAMINE_MALFUNCTION": 0.5,
        "DELAY_BEFORE_FIX_MALFUNCTION": 0.5
      },
      "Move": {
        "BASE_ROTATE_SPEED": 270,
        "REACH_DIST": 0.5,
        "REACH_DIST_RUN": 0.8,
        "START_SLOW_DIST": 1.5,
        "BASESTART_SLOW_DIST": 1.1,
        "SLOW_COEF": 7,
        "DIST_TO_CAN_CHANGE_WAY": 8,
        "DIST_TO_START_RAYCAST": 15,
        "BASE_START_SERACH": 35,
        "UPDATE_TIME_RECAL_WAY": 7,
        "FAR_DIST": 4,
        "FAR_DIST_SQR": 16,
        "DIST_TO_CAN_CHANGE_WAY_SQR": 64,
        "DIST_TO_START_RAYCAST_SQR": 225,
        "BASE_SQRT_START_SERACH": 1225,
        "Y_APPROXIMATION": 0.7,
        "DELTA_LAST_SEEN_ENEMY": 20,
        "REACH_DIST_COVER": 2,
        "RUN_TO_COVER_MIN": 2,
        "CHANCE_TO_RUN_IF_NO_AMMO_0_100": 100,
        "RUN_IF_CANT_SHOOT": true,
        "RUN_IF_GAOL_FAR_THEN": 10,
        "SEC_TO_CHANGE_TO_RUN": 3
      },
      "Grenade": {
        "DELTA_NEXT_ATTEMPT_FROM_COVER": 5,
        "DELTA_NEXT_ATTEMPT": 10,
        "MIN_DIST_NOT_TO_THROW": 8,
        "NEAR_DELTA_THROW_TIME_SEC": 2,
        "MIN_THROW_GRENADE_DIST": 12,
        "MIN_THROW_GRENADE_DIST_SQRT": 144,
        "MIN_DIST_NOT_TO_THROW_SQR": 64,
        "RUN_AWAY": 22,
        "RUN_AWAY_SQR": 484,
        "ADD_GRENADE_AS_DANGER": 65,
        "ADD_GRENADE_AS_DANGER_SQR": 4225,
        "CHANCE_TO_NOTIFY_ENEMY_GR_100": 100,
        "GrenadePerMeter": 0.1,
        "REQUEST_DIST_MUST_THROW_SQRT": 4,
        "REQUEST_DIST_MUST_THROW": 2,
        "BEWARE_TYPE": 2,
        "SHOOT_TO_SMOKE_CHANCE_100": 50,
        "CHANCE_RUN_FLASHED_100": 100,
        "MAX_FLASHED_DIST_TO_SHOOT": 10,
        "MAX_FLASHED_DIST_TO_SHOOT_SQRT": 100,
        "FLASH_GRENADE_TIME_COEF": 0.1,
        "SIZE_SPOTTED_COEF": 2,
        "BE_ATTENTION_COEF": 4,
        "TIME_SHOOT_TO_FLASH": 4,
        "CLOSE_TO_SMOKE_TO_SHOOT": 10,
        "CLOSE_TO_SMOKE_TO_SHOOT_SQRT": 100,
        "CLOSE_TO_SMOKE_TIME_DELTA": 5,
        "SMOKE_CHECK_DELTA": 1,
        "DELTA_GRENADE_START_TIME": 0.01,
        "AMBUSH_IF_SMOKE_IN_ZONE_100": 40,
        "AMBUSH_IF_SMOKE_RETURN_TO_ATTACK_SEC": 30,
        "NO_RUN_FROM_AI_GRENADES": true,
        "MAX_THROW_POWER": 25,
        "MIN_THROW_DIST_PERCENT_0_1": 0.7,
        "GrenadePrecision": 0.05,
        "STOP_WHEN_THROW_GRENADE": true,
        "WAIT_TIME_TURN_AWAY": 1.2,
        "SMOKE_SUPPRESS_DELTA": 20,
        "DAMAGE_GRENADE_SUPPRESS_DELTA": 8,
        "STUN_SUPPRESS_DELTA": 9,
        "CHEAT_START_GRENADE_PLACE": true,
        "CAN_THROW_STRAIGHT_CONTACT": true,
        "STRAIGHT_CONTACT_DELTA_SEC": 3,
        "ANG_TYPE": 1
      },
      "Change": {
        "SMOKE_VISION_DIST": 0.6,
        "SMOKE_GAIN_SIGHT": 0.625,
        "SMOKE_SCATTERING": 1.6,
        "SMOKE_PRECICING": 1.6,
        "SMOKE_HEARING": 1,
        "SMOKE_ACCURATY": 1.6,
        "SMOKE_LAY_CHANCE": 1.6,
        "FLASH_VISION_DIST": 0.05,
        "FLASH_GAIN_SIGHT": 0.555,
        "FLASH_SCATTERING": 1.6,
        "FLASH_PRECICING": 1.6,
        "FLASH_HEARING": 1,
        "FLASH_ACCURATY": 1.6,
        "FLASH_LAY_CHANCE": 1,
        "STUN_HEARING": 0.01
      },
      "Cover": {
        "RETURN_TO_ATTACK_AFTER_AMBUSH_MIN": 20,
        "RETURN_TO_ATTACK_AFTER_AMBUSH_MAX": 50,
        "SOUND_TO_GET_SPOTTED": 2,
        "TIME_TO_MOVE_TO_COVER": 15,
        "MAX_DIST_OF_COVER": 4,
        "CHANGE_RUN_TO_COVER_SEC": 5,
        "CHANGE_RUN_TO_COVER_SEC_GREANDE": 0.6,
        "MIN_DIST_TO_ENEMY": 9,
        "DIST_CANT_CHANGE_WAY": 5,
        "DIST_CHECK_SFETY": 9,
        "TIME_CHECK_SAFE": 2,
        "HIDE_TO_COVER_TIME": 1.5,
        "MAX_DIST_OF_COVER_SQR": 16,
        "DIST_CANT_CHANGE_WAY_SQR": 25,
        "SPOTTED_COVERS_RADIUS": 2.5,
        "LOOK_LAST_ENEMY_POS_MOVING": 1.5,
        "LOOK_TO_HIT_POINT_IF_LAST_ENEMY": 3,
        "LOOK_LAST_ENEMY_POS_LOOKAROUND": 45,
        "OFFSET_LOOK_ALONG_WALL_ANG": 20,
        "SPOTTED_GRENADE_RADIUS": 16,
        "MAX_SPOTTED_TIME_SEC": 20,
        "WAIT_INT_COVER_FINDING_ENEMY": 2,
        "CLOSE_DIST_POINT_SQRT": 4,
        "DELTA_SEEN_FROM_COVE_LAST_POS": 5,
        "MOVE_TO_COVER_WHEN_TARGET": false,
        "RUN_COVER_IF_CAN_AND_NO_ENEMIES": true,
        "SPOTTED_GRENADE_TIME": 7,
        "DEPENDS_Y_DIST_TO_BOT": true,
        "RUN_IF_FAR": 15,
        "RUN_IF_FAR_SQRT": 225,
        "STAY_IF_FAR": 25,
        "STAY_IF_FAR_SQRT": 625,
        "CHECK_COVER_ENEMY_LOOK": false,
        "SHOOT_NEAR_TO_LEAVE": 3,
        "SHALL_CHANGE_COVER_IF_CAN_SHOOT": true,
        "SHOOT_NEAR_SEC_PERIOD": 1,
        "HITS_TO_LEAVE_COVER": 2,
        "HITS_TO_LEAVE_COVER_UNKNOWN": 2,
        "DOG_FIGHT_AFTER_LEAVE": 4,
        "NOT_LOOK_AT_WALL_IS_DANGER": true,
        "MIN_DEFENCE_LEVEL": 0,
        "GOOD_DIST_TO_POINT_COEF": 1.8,
        "ENEMY_DIST_TO_GO_OUT": 1
      },
      "Patrol": {
        "LOOK_TIME_BASE": 12,
        "RESERVE_TIME_STAY": 72,
        "FRIEND_SEARCH_SEC": 12,
        "TALK_DELAY": 1.1,
        "MIN_TALK_DELAY": 35,
        "TALK_DELAY_BIG": 45.1,
        "CHANGE_WAY_TIME": 325.1,
        "MIN_DIST_TO_CLOSE_TALK": 5,
        "VISION_DIST_COEF_PEACE": 0.95,
        "MIN_DIST_TO_CLOSE_TALK_SQR": 25,
        "CHANCE_TO_CUT_WAY_0_100": 75,
        "CUT_WAY_MIN_0_1": 0.4,
        "CUT_WAY_MAX_0_1": 0.65,
        "CHANCE_TO_CHANGE_WAY_0_100": 30,
        "CHANCE_TO_SHOOT_DEADBODY": 52,
        "SUSPETION_PLACE_LIFETIME": 7,
        "RESERVE_OUT_TIME": 60,
        "CLOSE_TO_SELECT_RESERV_WAY": 25,
        "MAX_YDIST_TO_START_WARN_REQUEST_TO_REQUESTER": 5,
        "CAN_CHECK_MAGAZINE": false
      },
      "Hearing": {
        "BOT_CLOSE_PANIC_DIST": 1,
        "CHANCE_TO_HEAR_SIMPLE_SOUND_0_1": 0.98,
        "DISPERSION_COEF": 10,
        "CLOSE_DIST": 36,
        "FAR_DIST": 66,
        "SOUND_DIR_DEEFREE": 30,
        "DIST_PLACE_TO_FIND_POINT": 70,
        "DEAD_BODY_SOUND_RAD": 30,
        "LOOK_ONLY_DANGER": false,
        "RESET_TIMER_DIST": 17,
        "HEAR_DELAY_WHEN_PEACE": 0,
        "HEAR_DELAY_WHEN_HAVE_SMT": 0,
        "LOOK_ONLY_DANGER_DELTA": 9
      },
      "Mind": {
        "MIN_SHOOTS_TIME": 2,
        "MAX_SHOOTS_TIME": 4,
        "TIME_TO_RUN_TO_COVER_CAUSE_SHOOT_SEC": 15,
        "DAMAGE_REDUCTION_TIME_SEC": 30,
        "MIN_DAMAGE_SCARE": 20,
        "CHANCE_TO_RUN_CAUSE_DAMAGE_0_100": 35,
        "TIME_TO_FORGOR_ABOUT_ENEMY_SEC": 52,
        "TIME_TO_FIND_ENEMY": 22,
        "MAX_AGGRO_BOT_DIST": 100,
        "HIT_POINT_DETECTION": 4,
        "DANGER_POINT_CHOOSE_COEF": 1,
        "SIMPLE_POINT_CHOOSE_COEF": 0.4,
        "LASTSEEN_POINT_CHOOSE_COEF": 0.2,
        "COVER_DIST_COEF": 1.5,
        "DIST_TO_FOUND_SQRT": 400,
        "MAX_AGGRO_BOT_DIST_SQR": 10000,
        "DIST_TO_STOP_RUN_ENEMY": 15,
        "ENEMY_LOOK_AT_ME_ANG": 15,
        "MIN_START_AGGRESION_COEF": 1,
        "MAX_START_AGGRESION_COEF": 3,
        "BULLET_FEEL_DIST": 160,
        "BULLET_FEEL_CLOSE_SDIST": 1,
        "ATTACK_IMMEDIATLY_CHANCE_0_100": 40,
        "CHANCE_FUCK_YOU_ON_CONTACT_100": 0.01,
        "FRIEND_DEAD_AGR_LOW": -0.2,
        "FRIEND_AGR_KILL": 0.2,
        "LAST_ENEMY_LOOK_TO": 40,
        "CAN_RECEIVE_PLAYER_REQUESTS_SAVAGE": false,
        "CAN_RECEIVE_PLAYER_REQUESTS_BEAR": false,
        "CAN_RECEIVE_PLAYER_REQUESTS_USEC": false,
        "CAN_USE_MEDS": true,
        "SUSPETION_POINT_CHANCE_ADD100": 0,
        "AMBUSH_WHEN_UNDER_FIRE": true,
        "AMBUSH_WHEN_UNDER_FIRE_TIME_RESIST": 60,
        "ATTACK_ENEMY_IF_PROTECT_DELTA_LAST_TIME_SEEN": 1.5,
        "HOLD_IF_PROTECT_DELTA_LAST_TIME_SEEN": 8.5,
        "FIND_COVER_TO_GET_POSITION_WITH_SHOOT": 2,
        "PROTECT_TIME_REAL": true,
        "CHANCE_SHOOT_WHEN_WARN_PLAYER_100": 25,
        "CAN_PANIC_IS_PROTECT": false,
        "NO_RUN_AWAY_FOR_SAFE": false,
        "PART_PERCENT_TO_HEAL": 0.65,
        "PROTECT_DELTA_HEAL_SEC": 10,
        "CAN_STAND_BY": true,
        "CAN_THROW_REQUESTS": true,
        "GROUP_ANY_PHRASE_DELAY": 5,
        "GROUP_EXACTLY_PHRASE_DELAY": 30,
        "DIST_TO_ENEMY_YO_CAN_HEAL": 30,
        "CHANCE_TO_STAY_WHEN_WARN_PLAYER_100": 80,
        "DOG_FIGHT_OUT": 6,
        "DOG_FIGHT_IN": 3,
        "SHOOT_INSTEAD_DOG_FIGHT": 9,
        "PISTOL_SHOTGUN_AMBUSH_DIST": 30,
        "STANDART_AMBUSH_DIST": 100,
        "AI_POWER_COEF": 120,
        "COVER_SECONDS_AFTER_LOSE_VISION": 10,
        "COVER_SELF_ALWAYS_IF_DAMAGED": false,
        "SEC_TO_MORE_DIST_TO_RUN": 10,
        "HEAL_DELAY_SEC": 5,
        "HIT_DELAY_WHEN_HAVE_SMT": -1,
        "HIT_DELAY_WHEN_PEACE": -1,
        "CAN_TAKE_ITEMS": false,
        "TALK_WITH_QUERY": true,
        "DEFAULT_SAVAGE_BEHAVIOUR": "AlwaysEnemies",
        "DEFAULT_BEAR_BEHAVIOUR": "AlwaysEnemies",
        "DEFAULT_USEC_BEHAVIOUR": "AlwaysEnemies",
        "BOSS_IGNORE_LOYALTY": true,
        "FRIENDLY_BOT_TYPES": [
          "exUsec"
        ],
        "REVENGE_BOT_TYPES": [
          "exUsec",
          "gifter",
          "bossKnight",
          "followerBigPipe",
          "followerBirdEye"
        ],
        "WARN_BOT_TYPES": [],
        "ENEMY_BOT_TYPES": [
          "pmcBEAR",
          "pmcUSEC"
        ]
      },
      "Boss": {
        "BOSS_DIST_TO_WARNING": 40,
        "BOSS_DIST_TO_WARNING_SQRT": 1600,
        "BOSS_DIST_TO_WARNING_OUT": 40,
        "BOSS_DIST_TO_WARNING_OUT_SQRT": 1600,
        "BOSS_DIST_TO_SHOOT": 40,
        "BOSS_DIST_TO_SHOOT_SQRT": 1600,
        "CHANCE_TO_SEND_GRENADE_100": 100,
        "MAX_DIST_COVER_BOSS": 25,
        "MAX_DIST_COVER_BOSS_SQRT": 625,
        "MAX_DIST_DECIDER_TO_SEND": 35,
        "MAX_DIST_DECIDER_TO_SEND_SQRT": 1225,
        "TIME_AFTER_LOSE": 15,
        "TIME_AFTER_LOSE_DELTA": 60,
        "PERSONS_SEND": 2,
        "DELTA_SEARCH_TIME": 18,
        "COVER_TO_SEND": true,
        "WAIT_NO_ATTACK_SAVAGE": 1,
        "CHANCE_USE_RESERVE_PATROL_100": 30,
        "KILLA_Y_DELTA_TO_BE_ENEMY_BOSS": 5,
        "KILLA_DITANCE_TO_BE_ENEMY_BOSS": 45,
        "KILLA_START_SEARCH_SEC": 40,
        "KILLA_CONTUTION_TIME": 5,
        "KILLA_CLOSE_ATTACK_DIST": 12,
        "KILLA_MIDDLE_ATTACK_DIST": 200,
        "KILLA_LARGE_ATTACK_DIST": 250,
        "KILLA_SEARCH_METERS": 20,
        "KILLA_DEF_DIST_SQRT": 225,
        "KILLA_SEARCH_SEC_STOP_AFTER_COMING": 25,
        "KILLA_DIST_TO_GO_TO_SUPPRESS": 6,
        "KILLA_AFTER_GRENADE_SUPPRESS_DELAY": 2,
        "KILLA_CLOSEATTACK_TIMES": 9000,
        "KILLA_CLOSEATTACK_DELAY": -1,
        "KILLA_HOLD_DELAY": -1,
        "KILLA_BULLET_TO_RELOAD": 15,
        "SHALL_WARN": false,
        "KOJANIY_DIST_WHEN_READY": 40,
        "KOJANIY_DIST_TO_BE_ENEMY": 200,
        "KOJANIY_MIN_DIST_TO_LOOT": 20,
        "KOJANIY_MIN_DIST_TO_LOOT_SQRT": 400,
        "KOJANIY_DIST_ENEMY_TOO_CLOSE": 17,
        "KOJANIY_MANY_ENEMIES_COEF": 1.5,
        "KILLA_ENEMIES_TO_ATTACK": 30,
        "KILLA_ONE_IS_CLOSE": 30,
        "KILLA_TRIGGER_DOWN_DELAY": 1,
        "KILLA_WAIT_IN_COVER_COEF": 1,
        "EFFECT_PAINKILLER": true
      },
      "Core": {
        "VisibleAngle": 180,
        "VisibleDistance": 170,
        "GainSightCoef": 2,
        "ScatteringPerMeter": 0.1,
        "ScatteringClosePerMeter": 0.1,
        "DamageCoeff": 1,
        "HearingSense": 3.95,
        "CanRun": true,
        "CanGrenade": true,
        "AimingType": "normal",
        "PistolFireDistancePref": 35,
        "ShotgunFireDistancePref": 50,
        "RifleFireDistancePref": 100,
        "AccuratySpeed": 0.1,
        "WaitInCoverBetweenShotsSec": 1
      },
      "Scattering": {
        "MinScatter": 0.03,
        "WorkingScatter": 0.15,
        "MaxScatter": 0.4,
        "SpeedUp": 0.3,
        "SpeedUpAim": 1.4,
        "SpeedDown": -0.3,
        "ToSlowBotSpeed": 1.5,
        "ToLowBotSpeed": 2.4,
        "ToUpBotSpeed": 3.6,
        "MovingSlowCoef": 1.5,
        "ToLowBotAngularSpeed": 80,
        "ToStopBotAngularSpeed": 40,
        "FromShot": 0.001,
        "TracerCoef": 1.3,
        "HandDamageScatteringMinMax": 0.7,
        "HandDamageAccuracySpeed": 1.3,
        "BloodFall": 1.45,
        "Caution": 0.3,
        "ToCaution": 0.6,
        "RecoilControlCoefShootDone": 0.0003,
        "RecoilControlCoefShootDoneAuto": 0.00015,
        "AMPLITUDE_FACTOR": 0.25,
        "AMPLITUDE_SPEED": 0.1,
        "DIST_FROM_OLD_POINT_TO_NOT_AIM": 15,
        "DIST_FROM_OLD_POINT_TO_NOT_AIM_SQRT": 225,
        "DIST_NOT_TO_SHOOT": 0.3,
        "PoseChnageCoef": 0.1,
        "LayFactor": 0.1,
        "RecoilYCoef": 0.0005,
        "RecoilYCoefSppedDown": -0.52,
        "RecoilYMax": 1
      }
    },
    "normal": {
      "Lay": {
        "CHECK_SHOOT_WHEN_LAYING": false,
        "DELTA_LAY_CHECK": 2,
        "DELTA_GETUP": 2.7,
        "DELTA_AFTER_GETUP": 10,
        "CLEAR_POINTS_OF_SCARE_SEC": 20,
        "MAX_LAY_TIME": 35,
        "DELTA_WANT_LAY_CHECL_SEC": 5,
        "ATTACK_LAY_CHANCE": 25,
        "DIST_TO_COVER_TO_LAY": 3.5,
        "DIST_TO_COVER_TO_LAY_SQRT": 12.25,
        "DIST_GRASS_TERRAIN_SQRT": 0.160000011,
        "DIST_ENEMY_NULL_DANGER_LAY": 15,
        "DIST_ENEMY_NULL_DANGER_LAY_SQRT": 225,
        "DIST_ENEMY_GETUP_LAY": 10,
        "DIST_ENEMY_GETUP_LAY_SQRT": 100,
        "DIST_ENEMY_CAN_LAY": 15,
        "DIST_ENEMY_CAN_LAY_SQRT": 225,
        "LAY_AIM": 0.6,
        "MIN_CAN_LAY_DIST_SQRT": 121,
        "MIN_CAN_LAY_DIST": 11,
        "MAX_CAN_LAY_DIST_SQRT": 40000,
        "MAX_CAN_LAY_DIST": 200,
        "LAY_CHANCE_DANGER": 40,
        "DAMAGE_TIME_TO_GETUP": 3
      },
      "Aiming": {
        "MAX_AIM_PRECICING": 2,
        "BETTER_PRECICING_COEF": 0.9,
        "RECALC_DIST": 0.7,
        "RECALC_SQR_DIST": 0.48999998,
        "COEF_FROM_COVER": 0.85,
        "PANIC_COEF": 1.2,
        "PANIC_ACCURATY_COEF": 1.2,
        "HARD_AIM": 0.75,
        "PANIC_TIME": 6,
        "RECALC_MUST_TIME": 3,
        "DAMAGE_PANIC_TIME": 5,
        "DANGER_UP_POINT": 1.3,
        "MAX_AIMING_UPGRADE_BY_TIME": 0.25,
        "DAMAGE_TO_DISCARD_AIM_0_100": 1,
        "MIN_TIME_DISCARD_AIM_SEC": 0,
        "MAX_TIME_DISCARD_AIM_SEC": 0,
        "XZ_COEF": 0.2,
        "SHOOT_TO_CHANGE_PRIORITY": 5525,
        "BOTTOM_COEF": 0.1,
        "FIRST_CONTACT_ADD_SEC": 0.1,
        "FIRST_CONTACT_ADD_CHANCE_100": 80,
        "BASE_HIT_AFFECTION_DELAY_SEC": 0.27,
        "BASE_HIT_AFFECTION_MIN_ANG": 4,
        "BASE_HIT_AFFECTION_MAX_ANG": 8,
        "BASE_SHIEF": 0.05,
        "SCATTERING_HAVE_DAMAGE_COEF": 2,
        "SCATTERING_DIST_MODIF": 0.45,
        "SCATTERING_DIST_MODIF_CLOSE": 0.6,
        "AIMING_TYPE": 1,
        "DIST_TO_SHOOT_TO_CENTER": 3,
        "DIST_TO_SHOOT_NO_OFFSET": 3,
        "SHPERE_FRIENDY_FIRE_SIZE": -1,
        "COEF_IF_MOVE": 1,
        "TIME_COEF_IF_MOVE": 1.1,
        "BOT_MOVE_IF_DELTA": 3.01,
        "NEXT_SHOT_MISS_CHANCE_100": 100,
        "NEXT_SHOT_MISS_Y_OFFSET": 1,
        "ANYTIME_LIGHT_WHEN_AIM_100": -1,
        "ANY_PART_SHOOT_TIME": 15,
        "WEAPON_ROOT_OFFSET": 0.35,
        "MIN_DAMAGE_TO_GET_HIT_AFFETS": 1,
        "MAX_AIM_TIME": 0.3,
        "OFFSET_RECAL_ANYWAY_TIME": 1
      },
      "Look": {
        "OLD_TIME_POINT": 11,
        "WAIT_NEW_SENSOR": 2.1,
        "WAIT_NEW__LOOK_SENSOR": 7.8,
        "LOOK_AROUND_DELTA": 1.1,
        "MAX_VISION_GRASS_METERS": 0.8,
        "MAX_VISION_GRASS_METERS_FLARE": 8,
        "MAX_VISION_GRASS_METERS_OPT": 0.9090909,
        "MAX_VISION_GRASS_METERS_FLARE_OPT": 0.125,
        "LightOnVisionDistance": 40,
        "FAR_DISTANCE": 160,
        "FarDeltaTimeSec": 3,
        "MIDDLE_DIST": 90,
        "MiddleDeltaTimeSec": 1,
        "CloseDeltaTimeSec": 0.1,
        "POSIBLE_VISION_SPACE": 1.2,
        "GOAL_TO_FULL_DISSAPEAR": 1.1,
        "GOAL_TO_FULL_DISSAPEAR_SHOOT": 0.03,
        "BODY_DELTA_TIME_SEARCH_SEC": 1.7,
        "COME_TO_BODY_DIST": 1.2,
        "MARKSMAN_VISIBLE_DIST_COEF": 1.15,
        "VISIBLE_DISNACE_WITH_LIGHT": 95,
        "ENEMY_LIGHT_ADD": 43,
        "ENEMY_LIGHT_START_DIST": 90,
        "LOOK_THROUGH_GRASS": false,
        "CAN_LOOK_TO_WALL": false,
        "DIST_NOT_TO_IGNORE_WALL": 15,
        "DIST_CHECK_WALL": 20,
        "LOOK_LAST_POSENEMY_IF_NO_DANGER_SEC": 25,
        "MIN_LOOK_AROUD_TIME": 20,
        "OPTIMIZE_TO_ONLY_BODY": true,
        "NO_GREEN_DIST": 5,
        "NO_GRASS_DIST": 5,
        "GOAL_TO_FULL_DISSAPEAR_GREEN": 1.5
      },
      "Shoot": {
        "RECOIL_TIME_NORMALIZE": 1,
        "RECOIL_PER_METER": 0.02,
        "MAX_RECOIL_PER_METER": 0.04,
        "HORIZONT_RECOIL_COEF": 0.04,
        "WAIT_NEXT_SINGLE_SHOT": 0.2,
        "WAIT_NEXT_SINGLE_SHOT_LONG_MAX": 3.3,
        "WAIT_NEXT_SINGLE_SHOT_LONG_MIN": 0.4,
        "MARKSMAN_DIST_SEK_COEF": 44,
        "FINGER_HOLD_SINGLE_SHOT": 0.14,
        "BASE_AUTOMATIC_TIME": 0.4,
        "AUTOMATIC_FIRE_SCATTERING_COEF": 1.1,
        "CHANCE_TO_CHANGE_TO_AUTOMATIC_FIRE_100": 100,
        "DIST_TO_CHANGE_TO_MAIN": 0,
        "FAR_DIST_ENEMY": 20,
        "SHOOT_FROM_COVER": 6,
        "FAR_DIST_ENEMY_SQR": 400,
        "MAX_DIST_COEF": 1.35,
        "RECOIL_DELTA_PRESS": 0.15,
        "RUN_DIST_NO_AMMO": 25,
        "RUN_DIST_NO_AMMO_SQRT": 625,
        "CAN_SHOOTS_TIME_TO_AMBUSH": 600,
        "NOT_TO_SEE_ENEMY_TO_WANT_RELOAD_PERCENT": 0.5,
        "NOT_TO_SEE_ENEMY_TO_WANT_RELOAD_SEC": 2,
        "RELOAD_PECNET_NO_ENEMY": 0.6,
        "CHANCE_TO_CHANGE_WEAPON": -1,
        "CHANCE_TO_CHANGE_WEAPON_WITH_HELMET": -1,
        "TRY_CHANGE_WEAPON_WHEN_RELOAD": false,
        "CHANGE_TO_MAIN_WHEN_SUPPORT_NO_AMMO": false,
        "LOW_DIST_TO_CHANGE_WEAPON": 6,
        "FAR_DIST_TO_CHANGE_WEAPON": 30,
        "SUPPRESS_BY_SHOOT_TIME": 6,
        "SUPPRESS_TRIGGERS_DOWN": 3,
        "VALIDATE_MALFUNCTION_CHANCE": 100,
        "REPAIR_MALFUNCTION_IMMEDIATE_CHANCE": 25,
        "DELAY_BEFORE_EXAMINE_MALFUNCTION": 0.5,
        "DELAY_BEFORE_FIX_MALFUNCTION": 0.5
      },
      "Move": {
        "BASE_ROTATE_SPEED": 270,
        "REACH_DIST": 0.5,
        "REACH_DIST_RUN": 0.8,
        "START_SLOW_DIST": 1.5,
        "BASESTART_SLOW_DIST": 1.1,
        "SLOW_COEF": 7,
        "DIST_TO_CAN_CHANGE_WAY": 8,
        "DIST_TO_START_RAYCAST": 15,
        "BASE_START_SERACH": 35,
        "UPDATE_TIME_RECAL_WAY": 7,
        "FAR_DIST": 4,
        "FAR_DIST_SQR": 16,
        "DIST_TO_CAN_CHANGE_WAY_SQR": 64,
        "DIST_TO_START_RAYCAST_SQR": 225,
        "BASE_SQRT_START_SERACH": 1225,
        "Y_APPROXIMATION": 0.7,
        "DELTA_LAST_SEEN_ENEMY": 20,
        "REACH_DIST_COVER": 2,
        "RUN_TO_COVER_MIN": 2,
        "CHANCE_TO_RUN_IF_NO_AMMO_0_100": 100,
        "RUN_IF_CANT_SHOOT": true,
        "RUN_IF_GAOL_FAR_THEN": 10,
        "SEC_TO_CHANGE_TO_RUN": 3
      },
      "Grenade": {
        "DELTA_NEXT_ATTEMPT_FROM_COVER": 5,
        "DELTA_NEXT_ATTEMPT": 10,
        "MIN_DIST_NOT_TO_THROW": 8,
        "NEAR_DELTA_THROW_TIME_SEC": 2,
        "MIN_THROW_GRENADE_DIST": 12,
        "MIN_THROW_GRENADE_DIST_SQRT": 144,
        "MIN_DIST_NOT_TO_THROW_SQR": 64,
        "RUN_AWAY": 22,
        "RUN_AWAY_SQR": 484,
        "ADD_GRENADE_AS_DANGER": 65,
        "ADD_GRENADE_AS_DANGER_SQR": 4225,
        "CHANCE_TO_NOTIFY_ENEMY_GR_100": 100,
        "GrenadePerMeter": 0.1,
        "REQUEST_DIST_MUST_THROW_SQRT": 4,
        "REQUEST_DIST_MUST_THROW": 2,
        "BEWARE_TYPE": 2,
        "SHOOT_TO_SMOKE_CHANCE_100": 50,
        "CHANCE_RUN_FLASHED_100": 100,
        "MAX_FLASHED_DIST_TO_SHOOT": 10,
        "MAX_FLASHED_DIST_TO_SHOOT_SQRT": 100,
        "FLASH_GRENADE_TIME_COEF": 0.1,
        "SIZE_SPOTTED_COEF": 2,
        "BE_ATTENTION_COEF": 4,
        "TIME_SHOOT_TO_FLASH": 4,
        "CLOSE_TO_SMOKE_TO_SHOOT": 10,
        "CLOSE_TO_SMOKE_TO_SHOOT_SQRT": 100,
        "CLOSE_TO_SMOKE_TIME_DELTA": 5,
        "SMOKE_CHECK_DELTA": 1,
        "DELTA_GRENADE_START_TIME": 0.01,
        "AMBUSH_IF_SMOKE_IN_ZONE_100": 40,
        "AMBUSH_IF_SMOKE_RETURN_TO_ATTACK_SEC": 30,
        "NO_RUN_FROM_AI_GRENADES": true,
        "MAX_THROW_POWER": 25,
        "MIN_THROW_DIST_PERCENT_0_1": 0.7,
        "GrenadePrecision": 0.05,
        "STOP_WHEN_THROW_GRENADE": true,
        "WAIT_TIME_TURN_AWAY": 1.2,
        "SMOKE_SUPPRESS_DELTA": 20,
        "DAMAGE_GRENADE_SUPPRESS_DELTA": 8,
        "STUN_SUPPRESS_DELTA": 9,
        "CHEAT_START_GRENADE_PLACE": true,
        "CAN_THROW_STRAIGHT_CONTACT": true,
        "STRAIGHT_CONTACT_DELTA_SEC": 3,
        "ANG_TYPE": 1
      },
      "Change": {
        "SMOKE_VISION_DIST": 0.6,
        "SMOKE_GAIN_SIGHT": 0.625,
        "SMOKE_SCATTERING": 1.6,
        "SMOKE_PRECICING": 1.6,
        "SMOKE_HEARING": 1,
        "SMOKE_ACCURATY": 1.6,
        "SMOKE_LAY_CHANCE": 1.6,
        "FLASH_VISION_DIST": 0.05,
        "FLASH_GAIN_SIGHT": 0.555,
        "FLASH_SCATTERING": 1.6,
        "FLASH_PRECICING": 1.6,
        "FLASH_HEARING": 1,
        "FLASH_ACCURATY": 1.6,
        "FLASH_LAY_CHANCE": 1,
        "STUN_HEARING": 0.01
      },
      "Cover": {
        "RETURN_TO_ATTACK_AFTER_AMBUSH_MIN": 20,
        "RETURN_TO_ATTACK_AFTER_AMBUSH_MAX": 50,
        "SOUND_TO_GET_SPOTTED": 2,
        "TIME_TO_MOVE_TO_COVER": 15,
        "MAX_DIST_OF_COVER": 4,
        "CHANGE_RUN_TO_COVER_SEC": 5,
        "CHANGE_RUN_TO_COVER_SEC_GREANDE": 0.6,
        "MIN_DIST_TO_ENEMY": 9,
        "DIST_CANT_CHANGE_WAY": 5,
        "DIST_CHECK_SFETY": 9,
        "TIME_CHECK_SAFE": 2,
        "HIDE_TO_COVER_TIME": 1.5,
        "MAX_DIST_OF_COVER_SQR": 16,
        "DIST_CANT_CHANGE_WAY_SQR": 25,
        "SPOTTED_COVERS_RADIUS": 2.5,
        "LOOK_LAST_ENEMY_POS_MOVING": 1.5,
        "LOOK_TO_HIT_POINT_IF_LAST_ENEMY": 3,
        "LOOK_LAST_ENEMY_POS_LOOKAROUND": 45,
        "OFFSET_LOOK_ALONG_WALL_ANG": 20,
        "SPOTTED_GRENADE_RADIUS": 16,
        "MAX_SPOTTED_TIME_SEC": 20,
        "WAIT_INT_COVER_FINDING_ENEMY": 2,
        "CLOSE_DIST_POINT_SQRT": 4,
        "DELTA_SEEN_FROM_COVE_LAST_POS": 5,
        "MOVE_TO_COVER_WHEN_TARGET": false,
        "RUN_COVER_IF_CAN_AND_NO_ENEMIES": true,
        "SPOTTED_GRENADE_TIME": 7,
        "DEPENDS_Y_DIST_TO_BOT": true,
        "RUN_IF_FAR": 15,
        "RUN_IF_FAR_SQRT": 225,
        "STAY_IF_FAR": 25,
        "STAY_IF_FAR_SQRT": 625,
        "CHECK_COVER_ENEMY_LOOK": false,
        "SHOOT_NEAR_TO_LEAVE": 3,
        "SHALL_CHANGE_COVER_IF_CAN_SHOOT": true,
        "SHOOT_NEAR_SEC_PERIOD": 1,
        "HITS_TO_LEAVE_COVER": 2,
        "HITS_TO_LEAVE_COVER_UNKNOWN": 2,
        "DOG_FIGHT_AFTER_LEAVE": 4,
        "NOT_LOOK_AT_WALL_IS_DANGER": true,
        "MIN_DEFENCE_LEVEL": 0,
        "GOOD_DIST_TO_POINT_COEF": 1.8,
        "ENEMY_DIST_TO_GO_OUT": 1
      },
      "Patrol": {
        "LOOK_TIME_BASE": 12,
        "RESERVE_TIME_STAY": 72,
        "FRIEND_SEARCH_SEC": 12,
        "TALK_DELAY": 1.1,
        "MIN_TALK_DELAY": 35,
        "TALK_DELAY_BIG": 45.1,
        "CHANGE_WAY_TIME": 325.1,
        "MIN_DIST_TO_CLOSE_TALK": 5,
        "VISION_DIST_COEF_PEACE": 0.95,
        "MIN_DIST_TO_CLOSE_TALK_SQR": 25,
        "CHANCE_TO_CUT_WAY_0_100": 75,
        "CUT_WAY_MIN_0_1": 0.4,
        "CUT_WAY_MAX_0_1": 0.65,
        "CHANCE_TO_CHANGE_WAY_0_100": 30,
        "CHANCE_TO_SHOOT_DEADBODY": 52,
        "SUSPETION_PLACE_LIFETIME": 7,
        "RESERVE_OUT_TIME": 60,
        "CLOSE_TO_SELECT_RESERV_WAY": 25,
        "MAX_YDIST_TO_START_WARN_REQUEST_TO_REQUESTER": 5,
        "CAN_CHECK_MAGAZINE": false
      },
      "Hearing": {
        "BOT_CLOSE_PANIC_DIST": 1,
        "CHANCE_TO_HEAR_SIMPLE_SOUND_0_1": 0.98,
        "DISPERSION_COEF": 10,
        "CLOSE_DIST": 36,
        "FAR_DIST": 66,
        "SOUND_DIR_DEEFREE": 30,
        "DIST_PLACE_TO_FIND_POINT": 70,
        "DEAD_BODY_SOUND_RAD": 30,
        "LOOK_ONLY_DANGER": false,
        "RESET_TIMER_DIST": 17,
        "HEAR_DELAY_WHEN_PEACE": 0,
        "HEAR_DELAY_WHEN_HAVE_SMT": 0,
        "LOOK_ONLY_DANGER_DELTA": 9
      },
      "Mind": {
        "MIN_SHOOTS_TIME": 2,
        "MAX_SHOOTS_TIME": 4,
        "TIME_TO_RUN_TO_COVER_CAUSE_SHOOT_SEC": 15,
        "DAMAGE_REDUCTION_TIME_SEC": 30,
        "MIN_DAMAGE_SCARE": 20,
        "CHANCE_TO_RUN_CAUSE_DAMAGE_0_100": 35,
        "TIME_TO_FORGOR_ABOUT_ENEMY_SEC": 52,
        "TIME_TO_FIND_ENEMY": 22,
        "MAX_AGGRO_BOT_DIST": 100,
        "HIT_POINT_DETECTION": 4,
        "DANGER_POINT_CHOOSE_COEF": 1,
        "SIMPLE_POINT_CHOOSE_COEF": 0.4,
        "LASTSEEN_POINT_CHOOSE_COEF": 0.2,
        "COVER_DIST_COEF": 1.5,
        "DIST_TO_FOUND_SQRT": 400,
        "MAX_AGGRO_BOT_DIST_SQR": 10000,
        "DIST_TO_STOP_RUN_ENEMY": 15,
        "ENEMY_LOOK_AT_ME_ANG": 15,
        "MIN_START_AGGRESION_COEF": 1,
        "MAX_START_AGGRESION_COEF": 3,
        "BULLET_FEEL_DIST": 160,
        "BULLET_FEEL_CLOSE_SDIST": 1,
        "ATTACK_IMMEDIATLY_CHANCE_0_100": 40,
        "CHANCE_FUCK_YOU_ON_CONTACT_100": 0.01,
        "FRIEND_DEAD_AGR_LOW": -0.2,
        "FRIEND_AGR_KILL": 0.2,
        "LAST_ENEMY_LOOK_TO": 40,
        "CAN_RECEIVE_PLAYER_REQUESTS_SAVAGE": false,
        "CAN_RECEIVE_PLAYER_REQUESTS_BEAR": false,
        "CAN_RECEIVE_PLAYER_REQUESTS_USEC": false,
        "CAN_USE_MEDS": true,
        "SUSPETION_POINT_CHANCE_ADD100": 0,
        "AMBUSH_WHEN_UNDER_FIRE": true,
        "AMBUSH_WHEN_UNDER_FIRE_TIME_RESIST": 60,
        "ATTACK_ENEMY_IF_PROTECT_DELTA_LAST_TIME_SEEN": 1.5,
        "HOLD_IF_PROTECT_DELTA_LAST_TIME_SEEN": 8.5,
        "FIND_COVER_TO_GET_POSITION_WITH_SHOOT": 2,
        "PROTECT_TIME_REAL": true,
        "CHANCE_SHOOT_WHEN_WARN_PLAYER_100": 25,
        "CAN_PANIC_IS_PROTECT": false,
        "NO_RUN_AWAY_FOR_SAFE": false,
        "PART_PERCENT_TO_HEAL": 0.65,
        "PROTECT_DELTA_HEAL_SEC": 10,
        "CAN_STAND_BY": true,
        "CAN_THROW_REQUESTS": true,
        "GROUP_ANY_PHRASE_DELAY": 5,
        "GROUP_EXACTLY_PHRASE_DELAY": 30,
        "DIST_TO_ENEMY_YO_CAN_HEAL": 30,
        "CHANCE_TO_STAY_WHEN_WARN_PLAYER_100": 80,
        "DOG_FIGHT_OUT": 6,
        "DOG_FIGHT_IN": 3,
        "SHOOT_INSTEAD_DOG_FIGHT": 9,
        "PISTOL_SHOTGUN_AMBUSH_DIST": 30,
        "STANDART_AMBUSH_DIST": 100,
        "AI_POWER_COEF": 120,
        "COVER_SECONDS_AFTER_LOSE_VISION": 10,
        "COVER_SELF_ALWAYS_IF_DAMAGED": false,
        "SEC_TO_MORE_DIST_TO_RUN": 10,
        "HEAL_DELAY_SEC": 5,
        "HIT_DELAY_WHEN_HAVE_SMT": -1,
        "HIT_DELAY_WHEN_PEACE": -1,
        "CAN_TAKE_ITEMS": false,
        "TALK_WITH_QUERY": true,
        "DEFAULT_SAVAGE_BEHAVIOUR": "AlwaysEnemies",
        "DEFAULT_BEAR_BEHAVIOUR": "AlwaysEnemies",
        "DEFAULT_USEC_BEHAVIOUR": "AlwaysEnemies",
        "BOSS_IGNORE_LOYALTY": true,
        "FRIENDLY_BOT_TYPES": [
          "exUsec"
        ],
        "REVENGE_BOT_TYPES": [
          "exUsec",
          "gifter",
          "bossKnight",
          "followerBigPipe",
          "followerBirdEye"
        ],
        "WARN_BOT_TYPES": [],
        "ENEMY_BOT_TYPES": [
          "pmcBEAR",
          "pmcUSEC"
        ]
      },
      "Boss": {
        "BOSS_DIST_TO_WARNING": 40,
        "BOSS_DIST_TO_WARNING_SQRT": 1600,
        "BOSS_DIST_TO_WARNING_OUT": 40,
        "BOSS_DIST_TO_WARNING_OUT_SQRT": 1600,
        "BOSS_DIST_TO_SHOOT": 40,
        "BOSS_DIST_TO_SHOOT_SQRT": 1600,
        "CHANCE_TO_SEND_GRENADE_100": 100,
        "MAX_DIST_COVER_BOSS": 25,
        "MAX_DIST_COVER_BOSS_SQRT": 625,
        "MAX_DIST_DECIDER_TO_SEND": 35,
        "MAX_DIST_DECIDER_TO_SEND_SQRT": 1225,
        "TIME_AFTER_LOSE": 15,
        "TIME_AFTER_LOSE_DELTA": 60,
        "PERSONS_SEND": 2,
        "DELTA_SEARCH_TIME": 18,
        "COVER_TO_SEND": true,
        "WAIT_NO_ATTACK_SAVAGE": 1,
        "CHANCE_USE_RESERVE_PATROL_100": 30,
        "KILLA_Y_DELTA_TO_BE_ENEMY_BOSS": 5,
        "KILLA_DITANCE_TO_BE_ENEMY_BOSS": 45,
        "KILLA_START_SEARCH_SEC": 40,
        "KILLA_CONTUTION_TIME": 5,
        "KILLA_CLOSE_ATTACK_DIST": 12,
        "KILLA_MIDDLE_ATTACK_DIST": 200,
        "KILLA_LARGE_ATTACK_DIST": 250,
        "KILLA_SEARCH_METERS": 20,
        "KILLA_DEF_DIST_SQRT": 225,
        "KILLA_SEARCH_SEC_STOP_AFTER_COMING": 25,
        "KILLA_DIST_TO_GO_TO_SUPPRESS": 6,
        "KILLA_AFTER_GRENADE_SUPPRESS_DELAY": 2,
        "KILLA_CLOSEATTACK_TIMES": 9000,
        "KILLA_CLOSEATTACK_DELAY": -1,
        "KILLA_HOLD_DELAY": -1,
        "KILLA_BULLET_TO_RELOAD": 15,
        "SHALL_WARN": false,
        "KOJANIY_DIST_WHEN_READY": 40,
        "KOJANIY_DIST_TO_BE_ENEMY": 200,
        "KOJANIY_MIN_DIST_TO_LOOT": 20,
        "KOJANIY_MIN_DIST_TO_LOOT_SQRT": 400,
        "KOJANIY_DIST_ENEMY_TOO_CLOSE": 17,
        "KOJANIY_MANY_ENEMIES_COEF": 1.5,
        "KILLA_ENEMIES_TO_ATTACK": 30,
        "KILLA_ONE_IS_CLOSE": 30,
        "KILLA_TRIGGER_DOWN_DELAY": 1,
        "KILLA_WAIT_IN_COVER_COEF": 1,
        "EFFECT_PAINKILLER": true
      },
      "Core": {
        "VisibleAngle": 180,
        "VisibleDistance": 170,
        "GainSightCoef": 2,
        "ScatteringPerMeter": 0.1,
        "ScatteringClosePerMeter": 0.1,
        "DamageCoeff": 1,
        "HearingSense": 3.95,
        "CanRun": true,
        "CanGrenade": true,
        "AimingType": "normal",
        "PistolFireDistancePref": 35,
        "ShotgunFireDistancePref": 50,
        "RifleFireDistancePref": 100,
        "AccuratySpeed": 0.1,
        "WaitInCoverBetweenShotsSec": 1
      },
      "Scattering": {
        "MinScatter": 0.03,
        "WorkingScatter": 0.15,
        "MaxScatter": 0.4,
        "SpeedUp": 0.3,
        "SpeedUpAim": 1.4,
        "SpeedDown": -0.3,
        "ToSlowBotSpeed": 1.5,
        "ToLowBotSpeed": 2.4,
        "ToUpBotSpeed": 3.6,
        "MovingSlowCoef": 1.5,
        "ToLowBotAngularSpeed": 80,
        "ToStopBotAngularSpeed": 40,
        "FromShot": 0.001,
        "TracerCoef": 1.3,
        "HandDamageScatteringMinMax": 0.7,
        "HandDamageAccuracySpeed": 1.3,
        "BloodFall": 1.45,
        "Caution": 0.3,
        "ToCaution": 0.6,
        "RecoilControlCoefShootDone": 0.0003,
        "RecoilControlCoefShootDoneAuto": 0.00015,
        "AMPLITUDE_FACTOR": 0.25,
        "AMPLITUDE_SPEED": 0.1,
        "DIST_FROM_OLD_POINT_TO_NOT_AIM": 15,
        "DIST_FROM_OLD_POINT_TO_NOT_AIM_SQRT": 225,
        "DIST_NOT_TO_SHOOT": 0.3,
        "PoseChnageCoef": 0.1,
        "LayFactor": 0.1,
        "RecoilYCoef": 0.0005,
        "RecoilYCoefSppedDown": -0.52,
        "RecoilYMax": 1
      }
    },
    "hard": {
      "Lay": {
        "CHECK_SHOOT_WHEN_LAYING": false,
        "DELTA_LAY_CHECK": 2,
        "DELTA_GETUP": 2.7,
        "DELTA_AFTER_GETUP": 10,
        "CLEAR_POINTS_OF_SCARE_SEC": 20,
        "MAX_LAY_TIME": 35,
        "DELTA_WANT_LAY_CHECL_SEC": 5,
        "ATTACK_LAY_CHANCE": 25,
        "DIST_TO_COVER_TO_LAY": 3.5,
        "DIST_TO_COVER_TO_LAY_SQRT": 12.25,
        "DIST_GRASS_TERRAIN_SQRT": 0.160000011,
        "DIST_ENEMY_NULL_DANGER_LAY": 15,
        "DIST_ENEMY_NULL_DANGER_LAY_SQRT": 225,
        "DIST_ENEMY_GETUP_LAY": 10,
        "DIST_ENEMY_GETUP_LAY_SQRT": 100,
        "DIST_ENEMY_CAN_LAY": 15,
        "DIST_ENEMY_CAN_LAY_SQRT": 225,
        "LAY_AIM": 0.6,
        "MIN_CAN_LAY_DIST_SQRT": 121,
        "MIN_CAN_LAY_DIST": 11,
        "MAX_CAN_LAY_DIST_SQRT": 40000,
        "MAX_CAN_LAY_DIST": 200,
        "LAY_CHANCE_DANGER": 40,
        "DAMAGE_TIME_TO_GETUP": 3
      },
      "Aiming": {
        "MAX_AIM_PRECICING": 2,
        "BETTER_PRECICING_COEF": 0.9,
        "RECALC_DIST": 0.7,
        "RECALC_SQR_DIST": 0.48999998,
        "COEF_FROM_COVER": 0.85,
        "PANIC_COEF": 1.2,
        "PANIC_ACCURATY_COEF": 1.2,
        "HARD_AIM": 0.75,
        "PANIC_TIME": 6,
        "RECALC_MUST_TIME": 3,
        "DAMAGE_PANIC_TIME": 5,
        "DANGER_UP_POINT": 1.3,
        "MAX_AIMING_UPGRADE_BY_TIME": 0.25,
        "DAMAGE_TO_DISCARD_AIM_0_100": 1,
        "MIN_TIME_DISCARD_AIM_SEC": 0,
        "MAX_TIME_DISCARD_AIM_SEC": 0,
        "XZ_COEF": 0.2,
        "SHOOT_TO_CHANGE_PRIORITY": 5525,
        "BOTTOM_COEF": 0.1,
        "FIRST_CONTACT_ADD_SEC": 0.1,
        "FIRST_CONTACT_ADD_CHANCE_100": 80,
        "BASE_HIT_AFFECTION_DELAY_SEC": 0.27,
        "BASE_HIT_AFFECTION_MIN_ANG": 4,
        "BASE_HIT_AFFECTION_MAX_ANG": 8,
        "BASE_SHIEF": 0.05,
        "SCATTERING_HAVE_DAMAGE_COEF": 2,
        "SCATTERING_DIST_MODIF": 0.45,
        "SCATTERING_DIST_MODIF_CLOSE": 0.6,
        "AIMING_TYPE": 1,
        "DIST_TO_SHOOT_TO_CENTER": 3,
        "DIST_TO_SHOOT_NO_OFFSET": 3,
        "SHPERE_FRIENDY_FIRE_SIZE": -1,
        "COEF_IF_MOVE": 1,
        "TIME_COEF_IF_MOVE": 1.1,
        "BOT_MOVE_IF_DELTA": 3.01,
        "NEXT_SHOT_MISS_CHANCE_100": 100,
        "NEXT_SHOT_MISS_Y_OFFSET": 1,
        "ANYTIME_LIGHT_WHEN_AIM_100": -1,
        "ANY_PART_SHOOT_TIME": 15,
        "WEAPON_ROOT_OFFSET": 0.35,
        "MIN_DAMAGE_TO_GET_HIT_AFFETS": 1,
        "MAX_AIM_TIME": 0.3,
        "OFFSET_RECAL_ANYWAY_TIME": 1
      },
      "Look": {
        "OLD_TIME_POINT": 11,
        "WAIT_NEW_SENSOR": 2.1,
        "WAIT_NEW__LOOK_SENSOR": 7.8,
        "LOOK_AROUND_DELTA": 1.1,
        "MAX_VISION_GRASS_METERS": 0.8,
        "MAX_VISION_GRASS_METERS_FLARE": 8,
        "MAX_VISION_GRASS_METERS_OPT": 0.9090909,
        "MAX_VISION_GRASS_METERS_FLARE_OPT": 0.125,
        "LightOnVisionDistance": 40,
        "FAR_DISTANCE": 160,
        "FarDeltaTimeSec": 3,
        "MIDDLE_DIST": 90,
        "MiddleDeltaTimeSec": 1,
        "CloseDeltaTimeSec": 0.1,
        "POSIBLE_VISION_SPACE": 1.2,
        "GOAL_TO_FULL_DISSAPEAR": 1.1,
        "GOAL_TO_FULL_DISSAPEAR_SHOOT": 0.03,
        "BODY_DELTA_TIME_SEARCH_SEC": 1.7,
        "COME_TO_BODY_DIST": 1.2,
        "MARKSMAN_VISIBLE_DIST_COEF": 1.15,
        "VISIBLE_DISNACE_WITH_LIGHT": 95,
        "ENEMY_LIGHT_ADD": 43,
        "ENEMY_LIGHT_START_DIST": 90,
        "LOOK_THROUGH_GRASS": false,
        "CAN_LOOK_TO_WALL": false,
        "DIST_NOT_TO_IGNORE_WALL": 15,
        "DIST_CHECK_WALL": 20,
        "LOOK_LAST_POSENEMY_IF_NO_DANGER_SEC": 25,
        "MIN_LOOK_AROUD_TIME": 20,
        "OPTIMIZE_TO_ONLY_BODY": true,
        "NO_GREEN_DIST": 5,
        "NO_GRASS_DIST": 5,
        "GOAL_TO_FULL_DISSAPEAR_GREEN": 1.5
      },
      "Shoot": {
        "RECOIL_TIME_NORMALIZE": 1,
        "RECOIL_PER_METER": 0.02,
        "MAX_RECOIL_PER_METER": 0.04,
        "HORIZONT_RECOIL_COEF": 0.04,
        "WAIT_NEXT_SINGLE_SHOT": 0.2,
        "WAIT_NEXT_SINGLE_SHOT_LONG_MAX": 3.3,
        "WAIT_NEXT_SINGLE_SHOT_LONG_MIN": 0.4,
        "MARKSMAN_DIST_SEK_COEF": 44,
        "FINGER_HOLD_SINGLE_SHOT": 0.14,
        "BASE_AUTOMATIC_TIME": 0.4,
        "AUTOMATIC_FIRE_SCATTERING_COEF": 1.1,
        "CHANCE_TO_CHANGE_TO_AUTOMATIC_FIRE_100": 100,
        "DIST_TO_CHANGE_TO_MAIN": 0,
        "FAR_DIST_ENEMY": 20,
        "SHOOT_FROM_COVER": 6,
        "FAR_DIST_ENEMY_SQR": 400,
        "MAX_DIST_COEF": 1.35,
        "RECOIL_DELTA_PRESS": 0.15,
        "RUN_DIST_NO_AMMO": 25,
        "RUN_DIST_NO_AMMO_SQRT": 625,
        "CAN_SHOOTS_TIME_TO_AMBUSH": 600,
        "NOT_TO_SEE_ENEMY_TO_WANT_RELOAD_PERCENT": 0.5,
        "NOT_TO_SEE_ENEMY_TO_WANT_RELOAD_SEC": 2,
        "RELOAD_PECNET_NO_ENEMY": 0.6,
        "CHANCE_TO_CHANGE_WEAPON": -1,
        "CHANCE_TO_CHANGE_WEAPON_WITH_HELMET": -1,
        "TRY_CHANGE_WEAPON_WHEN_RELOAD": false,
        "CHANGE_TO_MAIN_WHEN_SUPPORT_NO_AMMO": false,
        "LOW_DIST_TO_CHANGE_WEAPON": 6,
        "FAR_DIST_TO_CHANGE_WEAPON": 30,
        "SUPPRESS_BY_SHOOT_TIME": 6,
        "SUPPRESS_TRIGGERS_DOWN": 3,
        "VALIDATE_MALFUNCTION_CHANCE": 100,
        "REPAIR_MALFUNCTION_IMMEDIATE_CHANCE": 25,
        "DELAY_BEFORE_EXAMINE_MALFUNCTION": 0.5,
        "DELAY_BEFORE_FIX_MALFUNCTION": 0.5
      },
      "Move": {
        "BASE_ROTATE_SPEED": 270,
        "REACH_DIST": 0.5,
        "REACH_DIST_RUN": 0.8,
        "START_SLOW_DIST": 1.5,
        "BASESTART_SLOW_DIST": 1.1,
        "SLOW_COEF": 7,
        "DIST_TO_CAN_CHANGE_WAY": 8,
        "DIST_TO_START_RAYCAST": 15,
        "BASE_START_SERACH": 35,
        "UPDATE_TIME_RECAL_WAY": 7,
        "FAR_DIST": 4,
        "FAR_DIST_SQR": 16,
        "DIST_TO_CAN_CHANGE_WAY_SQR": 64,
        "DIST_TO_START_RAYCAST_SQR": 225,
        "BASE_SQRT_START_SERACH": 1225,
        "Y_APPROXIMATION": 0.7,
        "DELTA_LAST_SEEN_ENEMY": 20,
        "REACH_DIST_COVER": 2,
        "RUN_TO_COVER_MIN": 2,
        "CHANCE_TO_RUN_IF_NO_AMMO_0_100": 100,
        "RUN_IF_CANT_SHOOT": true,
        "RUN_IF_GAOL_FAR_THEN": 10,
        "SEC_TO_CHANGE_TO_RUN": 3
      },
      "Grenade": {
        "DELTA_NEXT_ATTEMPT_FROM_COVER": 5,
        "DELTA_NEXT_ATTEMPT": 10,
        "MIN_DIST_NOT_TO_THROW": 8,
        "NEAR_DELTA_THROW_TIME_SEC": 2,
        "MIN_THROW_GRENADE_DIST": 12,
        "MIN_THROW_GRENADE_DIST_SQRT": 144,
        "MIN_DIST_NOT_TO_THROW_SQR": 64,
        "RUN_AWAY": 22,
        "RUN_AWAY_SQR": 484,
        "ADD_GRENADE_AS_DANGER": 65,
        "ADD_GRENADE_AS_DANGER_SQR": 4225,
        "CHANCE_TO_NOTIFY_ENEMY_GR_100": 100,
        "GrenadePerMeter": 0.1,
        "REQUEST_DIST_MUST_THROW_SQRT": 4,
        "REQUEST_DIST_MUST_THROW": 2,
        "BEWARE_TYPE": 2,
        "SHOOT_TO_SMOKE_CHANCE_100": 50,
        "CHANCE_RUN_FLASHED_100": 100,
        "MAX_FLASHED_DIST_TO_SHOOT": 10,
        "MAX_FLASHED_DIST_TO_SHOOT_SQRT": 100,
        "FLASH_GRENADE_TIME_COEF": 0.1,
        "SIZE_SPOTTED_COEF": 2,
        "BE_ATTENTION_COEF": 4,
        "TIME_SHOOT_TO_FLASH": 4,
        "CLOSE_TO_SMOKE_TO_SHOOT": 10,
        "CLOSE_TO_SMOKE_TO_SHOOT_SQRT": 100,
        "CLOSE_TO_SMOKE_TIME_DELTA": 5,
        "SMOKE_CHECK_DELTA": 1,
        "DELTA_GRENADE_START_TIME": 0.01,
        "AMBUSH_IF_SMOKE_IN_ZONE_100": 40,
        "AMBUSH_IF_SMOKE_RETURN_TO_ATTACK_SEC": 30,
        "NO_RUN_FROM_AI_GRENADES": true,
        "MAX_THROW_POWER": 25,
        "MIN_THROW_DIST_PERCENT_0_1": 0.7,
        "GrenadePrecision": 0.05,
        "STOP_WHEN_THROW_GRENADE": true,
        "WAIT_TIME_TURN_AWAY": 1.2,
        "SMOKE_SUPPRESS_DELTA": 20,
        "DAMAGE_GRENADE_SUPPRESS_DELTA": 8,
        "STUN_SUPPRESS_DELTA": 9,
        "CHEAT_START_GRENADE_PLACE": true,
        "CAN_THROW_STRAIGHT_CONTACT": true,
        "STRAIGHT_CONTACT_DELTA_SEC": 3,
        "ANG_TYPE": 1
      },
      "Change": {
        "SMOKE_VISION_DIST": 0.6,
        "SMOKE_GAIN_SIGHT": 0.625,
        "SMOKE_SCATTERING": 1.6,
        "SMOKE_PRECICING": 1.6,
        "SMOKE_HEARING": 1,
        "SMOKE_ACCURATY": 1.6,
        "SMOKE_LAY_CHANCE": 1.6,
        "FLASH_VISION_DIST": 0.05,
        "FLASH_GAIN_SIGHT": 0.555,
        "FLASH_SCATTERING": 1.6,
        "FLASH_PRECICING": 1.6,
        "FLASH_HEARING": 1,
        "FLASH_ACCURATY": 1.6,
        "FLASH_LAY_CHANCE": 1,
        "STUN_HEARING": 0.01
      },
      "Cover": {
        "RETURN_TO_ATTACK_AFTER_AMBUSH_MIN": 20,
        "RETURN_TO_ATTACK_AFTER_AMBUSH_MAX": 50,
        "SOUND_TO_GET_SPOTTED": 2,
        "TIME_TO_MOVE_TO_COVER": 15,
        "MAX_DIST_OF_COVER": 4,
        "CHANGE_RUN_TO_COVER_SEC": 5,
        "CHANGE_RUN_TO_COVER_SEC_GREANDE": 0.6,
        "MIN_DIST_TO_ENEMY": 9,
        "DIST_CANT_CHANGE_WAY": 5,
        "DIST_CHECK_SFETY": 9,
        "TIME_CHECK_SAFE": 2,
        "HIDE_TO_COVER_TIME": 1.5,
        "MAX_DIST_OF_COVER_SQR": 16,
        "DIST_CANT_CHANGE_WAY_SQR": 25,
        "SPOTTED_COVERS_RADIUS": 2.5,
        "LOOK_LAST_ENEMY_POS_MOVING": 1.5,
        "LOOK_TO_HIT_POINT_IF_LAST_ENEMY": 3,
        "LOOK_LAST_ENEMY_POS_LOOKAROUND": 45,
        "OFFSET_LOOK_ALONG_WALL_ANG": 20,
        "SPOTTED_GRENADE_RADIUS": 16,
        "MAX_SPOTTED_TIME_SEC": 20,
        "WAIT_INT_COVER_FINDING_ENEMY": 2,
        "CLOSE_DIST_POINT_SQRT": 4,
        "DELTA_SEEN_FROM_COVE_LAST_POS": 5,
        "MOVE_TO_COVER_WHEN_TARGET": false,
        "RUN_COVER_IF_CAN_AND_NO_ENEMIES": true,
        "SPOTTED_GRENADE_TIME": 7,
        "DEPENDS_Y_DIST_TO_BOT": true,
        "RUN_IF_FAR": 15,
        "RUN_IF_FAR_SQRT": 225,
        "STAY_IF_FAR": 25,
        "STAY_IF_FAR_SQRT": 625,
        "CHECK_COVER_ENEMY_LOOK": false,
        "SHOOT_NEAR_TO_LEAVE": 3,
        "SHALL_CHANGE_COVER_IF_CAN_SHOOT": true,
        "SHOOT_NEAR_SEC_PERIOD": 1,
        "HITS_TO_LEAVE_COVER": 2,
        "HITS_TO_LEAVE_COVER_UNKNOWN": 2,
        "DOG_FIGHT_AFTER_LEAVE": 4,
        "NOT_LOOK_AT_WALL_IS_DANGER": true,
        "MIN_DEFENCE_LEVEL": 0,
        "GOOD_DIST_TO_POINT_COEF": 1.8,
        "ENEMY_DIST_TO_GO_OUT": 1
      },
      "Patrol": {
        "LOOK_TIME_BASE": 12,
        "RESERVE_TIME_STAY": 72,
        "FRIEND_SEARCH_SEC": 12,
        "TALK_DELAY": 1.1,
        "MIN_TALK_DELAY": 35,
        "TALK_DELAY_BIG": 45.1,
        "CHANGE_WAY_TIME": 325.1,
        "MIN_DIST_TO_CLOSE_TALK": 5,
        "VISION_DIST_COEF_PEACE": 0.95,
        "MIN_DIST_TO_CLOSE_TALK_SQR": 25,
        "CHANCE_TO_CUT_WAY_0_100": 75,
        "CUT_WAY_MIN_0_1": 0.4,
        "CUT_WAY_MAX_0_1": 0.65,
        "CHANCE_TO_CHANGE_WAY_0_100": 30,
        "CHANCE_TO_SHOOT_DEADBODY": 52,
        "SUSPETION_PLACE_LIFETIME": 7,
        "RESERVE_OUT_TIME": 60,
        "CLOSE_TO_SELECT_RESERV_WAY": 25,
        "MAX_YDIST_TO_START_WARN_REQUEST_TO_REQUESTER": 5,
        "CAN_CHECK_MAGAZINE": false
      },
      "Hearing": {
        "BOT_CLOSE_PANIC_DIST": 1,
        "CHANCE_TO_HEAR_SIMPLE_SOUND_0_1": 0.98,
        "DISPERSION_COEF": 10,
        "CLOSE_DIST": 36,
        "FAR_DIST": 66,
        "SOUND_DIR_DEEFREE": 30,
        "DIST_PLACE_TO_FIND_POINT": 70,
        "DEAD_BODY_SOUND_RAD": 30,
        "LOOK_ONLY_DANGER": false,
        "RESET_TIMER_DIST": 17,
        "HEAR_DELAY_WHEN_PEACE": 0,
        "HEAR_DELAY_WHEN_HAVE_SMT": 0,
        "LOOK_ONLY_DANGER_DELTA": 9
      },
      "Mind": {
        "MIN_SHOOTS_TIME": 2,
        "MAX_SHOOTS_TIME": 4,
        "TIME_TO_RUN_TO_COVER_CAUSE_SHOOT_SEC": 15,
        "DAMAGE_REDUCTION_TIME_SEC": 30,
        "MIN_DAMAGE_SCARE": 20,
        "CHANCE_TO_RUN_CAUSE_DAMAGE_0_100": 35,
        "TIME_TO_FORGOR_ABOUT_ENEMY_SEC": 52,
        "TIME_TO_FIND_ENEMY": 22,
        "MAX_AGGRO_BOT_DIST": 100,
        "HIT_POINT_DETECTION": 4,
        "DANGER_POINT_CHOOSE_COEF": 1,
        "SIMPLE_POINT_CHOOSE_COEF": 0.4,
        "LASTSEEN_POINT_CHOOSE_COEF": 0.2,
        "COVER_DIST_COEF": 1.5,
        "DIST_TO_FOUND_SQRT": 400,
        "MAX_AGGRO_BOT_DIST_SQR": 10000,
        "DIST_TO_STOP_RUN_ENEMY": 15,
        "ENEMY_LOOK_AT_ME_ANG": 15,
        "MIN_START_AGGRESION_COEF": 1,
        "MAX_START_AGGRESION_COEF": 3,
        "BULLET_FEEL_DIST": 160,
        "BULLET_FEEL_CLOSE_SDIST": 1,
        "ATTACK_IMMEDIATLY_CHANCE_0_100": 40,
        "CHANCE_FUCK_YOU_ON_CONTACT_100": 0.01,
        "FRIEND_DEAD_AGR_LOW": -0.2,
        "FRIEND_AGR_KILL": 0.2,
        "LAST_ENEMY_LOOK_TO": 40,
        "CAN_RECEIVE_PLAYER_REQUESTS_SAVAGE": false,
        "CAN_RECEIVE_PLAYER_REQUESTS_BEAR": false,
        "CAN_RECEIVE_PLAYER_REQUESTS_USEC": false,
        "CAN_USE_MEDS": true,
        "SUSPETION_POINT_CHANCE_ADD100": 0,
        "AMBUSH_WHEN_UNDER_FIRE": true,
        "AMBUSH_WHEN_UNDER_FIRE_TIME_RESIST": 60,
        "ATTACK_ENEMY_IF_PROTECT_DELTA_LAST_TIME_SEEN": 1.5,
        "HOLD_IF_PROTECT_DELTA_LAST_TIME_SEEN": 8.5,
        "FIND_COVER_TO_GET_POSITION_WITH_SHOOT": 2,
        "PROTECT_TIME_REAL": true,
        "CHANCE_SHOOT_WHEN_WARN_PLAYER_100": 25,
        "CAN_PANIC_IS_PROTECT": false,
        "NO_RUN_AWAY_FOR_SAFE": false,
        "PART_PERCENT_TO_HEAL": 0.65,
        "PROTECT_DELTA_HEAL_SEC": 10,
        "CAN_STAND_BY": true,
        "CAN_THROW_REQUESTS": true,
        "GROUP_ANY_PHRASE_DELAY": 5,
        "GROUP_EXACTLY_PHRASE_DELAY": 30,
        "DIST_TO_ENEMY_YO_CAN_HEAL": 30,
        "CHANCE_TO_STAY_WHEN_WARN_PLAYER_100": 80,
        "DOG_FIGHT_OUT": 6,
        "DOG_FIGHT_IN": 3,
        "SHOOT_INSTEAD_DOG_FIGHT": 9,
        "PISTOL_SHOTGUN_AMBUSH_DIST": 30,
        "STANDART_AMBUSH_DIST": 100,
        "AI_POWER_COEF": 120,
        "COVER_SECONDS_AFTER_LOSE_VISION": 10,
        "COVER_SELF_ALWAYS_IF_DAMAGED": false,
        "SEC_TO_MORE_DIST_TO_RUN": 10,
        "HEAL_DELAY_SEC": 5,
        "HIT_DELAY_WHEN_HAVE_SMT": -1,
        "HIT_DELAY_WHEN_PEACE": -1,
        "CAN_TAKE_ITEMS": false,
        "TALK_WITH_QUERY": true,
        "DEFAULT_SAVAGE_BEHAVIOUR": "AlwaysEnemies",
        "DEFAULT_BEAR_BEHAVIOUR": "AlwaysEnemies",
        "DEFAULT_USEC_BEHAVIOUR": "AlwaysEnemies",
        "BOSS_IGNORE_LOYALTY": true,
        "FRIENDLY_BOT_TYPES": [
          "exUsec"
        ],
        "REVENGE_BOT_TYPES": [
          "exUsec",
          "gifter",
          "bossKnight",
          "followerBigPipe",
          "followerBirdEye"
        ],
        "WARN_BOT_TYPES": [],
        "ENEMY_BOT_TYPES": [
          "pmcBEAR",
          "pmcUSEC"
        ]
      },
      "Boss": {
        "BOSS_DIST_TO_WARNING": 40,
        "BOSS_DIST_TO_WARNING_SQRT": 1600,
        "BOSS_DIST_TO_WARNING_OUT": 40,
        "BOSS_DIST_TO_WARNING_OUT_SQRT": 1600,
        "BOSS_DIST_TO_SHOOT": 40,
        "BOSS_DIST_TO_SHOOT_SQRT": 1600,
        "CHANCE_TO_SEND_GRENADE_100": 100,
        "MAX_DIST_COVER_BOSS": 25,
        "MAX_DIST_COVER_BOSS_SQRT": 625,
        "MAX_DIST_DECIDER_TO_SEND": 35,
        "MAX_DIST_DECIDER_TO_SEND_SQRT": 1225,
        "TIME_AFTER_LOSE": 15,
        "TIME_AFTER_LOSE_DELTA": 60,
        "PERSONS_SEND": 2,
        "DELTA_SEARCH_TIME": 18,
        "COVER_TO_SEND": true,
        "WAIT_NO_ATTACK_SAVAGE": 1,
        "CHANCE_USE_RESERVE_PATROL_100": 30,
        "KILLA_Y_DELTA_TO_BE_ENEMY_BOSS": 5,
        "KILLA_DITANCE_TO_BE_ENEMY_BOSS": 45,
        "KILLA_START_SEARCH_SEC": 40,
        "KILLA_CONTUTION_TIME": 5,
        "KILLA_CLOSE_ATTACK_DIST": 12,
        "KILLA_MIDDLE_ATTACK_DIST": 200,
        "KILLA_LARGE_ATTACK_DIST": 250,
        "KILLA_SEARCH_METERS": 20,
        "KILLA_DEF_DIST_SQRT": 225,
        "KILLA_SEARCH_SEC_STOP_AFTER_COMING": 25,
        "KILLA_DIST_TO_GO_TO_SUPPRESS": 6,
        "KILLA_AFTER_GRENADE_SUPPRESS_DELAY": 2,
        "KILLA_CLOSEATTACK_TIMES": 9000,
        "KILLA_CLOSEATTACK_DELAY": -1,
        "KILLA_HOLD_DELAY": -1,
        "KILLA_BULLET_TO_RELOAD": 15,
        "SHALL_WARN": false,
        "KOJANIY_DIST_WHEN_READY": 40,
        "KOJANIY_DIST_TO_BE_ENEMY": 200,
        "KOJANIY_MIN_DIST_TO_LOOT": 20,
        "KOJANIY_MIN_DIST_TO_LOOT_SQRT": 400,
        "KOJANIY_DIST_ENEMY_TOO_CLOSE": 17,
        "KOJANIY_MANY_ENEMIES_COEF": 1.5,
        "KILLA_ENEMIES_TO_ATTACK": 30,
        "KILLA_ONE_IS_CLOSE": 30,
        "KILLA_TRIGGER_DOWN_DELAY": 1,
        "KILLA_WAIT_IN_COVER_COEF": 1,
        "EFFECT_PAINKILLER": true
      },
      "Core": {
        "VisibleAngle": 180,
        "VisibleDistance": 170,
        "GainSightCoef": 2,
        "ScatteringPerMeter": 0.1,
        "ScatteringClosePerMeter": 0.1,
        "DamageCoeff": 1,
        "HearingSense": 3.95,
        "CanRun": true,
        "CanGrenade": true,
        "AimingType": "normal",
        "PistolFireDistancePref": 35,
        "ShotgunFireDistancePref": 50,
        "RifleFireDistancePref": 100,
        "AccuratySpeed": 0.1,
        "WaitInCoverBetweenShotsSec": 1
      },
      "Scattering": {
        "MinScatter": 0.03,
        "WorkingScatter": 0.15,
        "MaxScatter": 0.4,
        "SpeedUp": 0.3,
        "SpeedUpAim": 1.4,
        "SpeedDown": -0.3,
        "ToSlowBotSpeed": 1.5,
        "ToLowBotSpeed": 2.4,
        "ToUpBotSpeed": 3.6,
        "MovingSlowCoef": 1.5,
        "ToLowBotAngularSpeed": 80,
        "ToStopBotAngularSpeed": 40,
        "FromShot": 0.001,
        "TracerCoef": 1.3,
        "HandDamageScatteringMinMax": 0.7,
        "HandDamageAccuracySpeed": 1.3,
        "BloodFall": 1.45,
        "Caution": 0.3,
        "ToCaution": 0.6,
        "RecoilControlCoefShootDone": 0.0003,
        "RecoilControlCoefShootDoneAuto": 0.00015,
        "AMPLITUDE_FACTOR": 0.25,
        "AMPLITUDE_SPEED": 0.1,
        "DIST_FROM_OLD_POINT_TO_NOT_AIM": 15,
        "DIST_FROM_OLD_POINT_TO_NOT_AIM_SQRT": 225,
        "DIST_NOT_TO_SHOOT": 0.3,
        "PoseChnageCoef": 0.1,
        "LayFactor": 0.1,
        "RecoilYCoef": 0.0005,
        "RecoilYCoefSppedDown": -0.52,
        "RecoilYMax": 1
      }
    },
    "impossible": {
      "Lay": {
        "CHECK_SHOOT_WHEN_LAYING": false,
        "DELTA_LAY_CHECK": 2,
        "DELTA_GETUP": 2.7,
        "DELTA_AFTER_GETUP": 10,
        "CLEAR_POINTS_OF_SCARE_SEC": 20,
        "MAX_LAY_TIME": 35,
        "DELTA_WANT_LAY_CHECL_SEC": 5,
        "ATTACK_LAY_CHANCE": 25,
        "DIST_TO_COVER_TO_LAY": 3.5,
        "DIST_TO_COVER_TO_LAY_SQRT": 12.25,
        "DIST_GRASS_TERRAIN_SQRT": 0.160000011,
        "DIST_ENEMY_NULL_DANGER_LAY": 15,
        "DIST_ENEMY_NULL_DANGER_LAY_SQRT": 225,
        "DIST_ENEMY_GETUP_LAY": 10,
        "DIST_ENEMY_GETUP_LAY_SQRT": 100,
        "DIST_ENEMY_CAN_LAY": 15,
        "DIST_ENEMY_CAN_LAY_SQRT": 225,
        "LAY_AIM": 0.6,
        "MIN_CAN_LAY_DIST_SQRT": 121,
        "MIN_CAN_LAY_DIST": 11,
        "MAX_CAN_LAY_DIST_SQRT": 40000,
        "MAX_CAN_LAY_DIST": 200,
        "LAY_CHANCE_DANGER": 40,
        "DAMAGE_TIME_TO_GETUP": 3
      },
      "Aiming": {
        "MAX_AIM_PRECICING": 2,
        "BETTER_PRECICING_COEF": 0.9,
        "RECALC_DIST": 0.7,
        "RECALC_SQR_DIST": 0.48999998,
        "COEF_FROM_COVER": 0.85,
        "PANIC_COEF": 1.2,
        "PANIC_ACCURATY_COEF": 1.2,
        "HARD_AIM": 0.75,
        "PANIC_TIME": 6,
        "RECALC_MUST_TIME": 3,
        "DAMAGE_PANIC_TIME": 5,
        "DANGER_UP_POINT": 1.3,
        "MAX_AIMING_UPGRADE_BY_TIME": 0.25,
        "DAMAGE_TO_DISCARD_AIM_0_100": 1,
        "MIN_TIME_DISCARD_AIM_SEC": 0,
        "MAX_TIME_DISCARD_AIM_SEC": 0,
        "XZ_COEF": 0.2,
        "SHOOT_TO_CHANGE_PRIORITY": 5525,
        "BOTTOM_COEF": 0.1,
        "FIRST_CONTACT_ADD_SEC": 0.1,
        "FIRST_CONTACT_ADD_CHANCE_100": 80,
        "BASE_HIT_AFFECTION_DELAY_SEC": 0.27,
        "BASE_HIT_AFFECTION_MIN_ANG": 4,
        "BASE_HIT_AFFECTION_MAX_ANG": 8,
        "BASE_SHIEF": 0.05,
        "SCATTERING_HAVE_DAMAGE_COEF": 2,
        "SCATTERING_DIST_MODIF": 0.45,
        "SCATTERING_DIST_MODIF_CLOSE": 0.6,
        "AIMING_TYPE": 1,
        "DIST_TO_SHOOT_TO_CENTER": 3,
        "DIST_TO_SHOOT_NO_OFFSET": 3,
        "SHPERE_FRIENDY_FIRE_SIZE": -1,
        "COEF_IF_MOVE": 1,
        "TIME_COEF_IF_MOVE": 1.1,
        "BOT_MOVE_IF_DELTA": 3.01,
        "NEXT_SHOT_MISS_CHANCE_100": 100,
        "NEXT_SHOT_MISS_Y_OFFSET": 1,
        "ANYTIME_LIGHT_WHEN_AIM_100": -1,
        "ANY_PART_SHOOT_TIME": 15,
        "WEAPON_ROOT_OFFSET": 0.35,
        "MIN_DAMAGE_TO_GET_HIT_AFFETS": 1,
        "MAX_AIM_TIME": 0.3,
        "OFFSET_RECAL_ANYWAY_TIME": 1
      },
      "Look": {
        "OLD_TIME_POINT": 11,
        "WAIT_NEW_SENSOR": 2.1,
        "WAIT_NEW__LOOK_SENSOR": 7.8,
        "LOOK_AROUND_DELTA": 1.1,
        "MAX_VISION_GRASS_METERS": 0.8,
        "MAX_VISION_GRASS_METERS_FLARE": 8,
        "MAX_VISION_GRASS_METERS_OPT": 0.9090909,
        "MAX_VISION_GRASS_METERS_FLARE_OPT": 0.125,
        "LightOnVisionDistance": 40,
        "FAR_DISTANCE": 160,
        "FarDeltaTimeSec": 3,
        "MIDDLE_DIST": 90,
        "MiddleDeltaTimeSec": 1,
        "CloseDeltaTimeSec": 0.1,
        "POSIBLE_VISION_SPACE": 1.2,
        "GOAL_TO_FULL_DISSAPEAR": 1.1,
        "GOAL_TO_FULL_DISSAPEAR_SHOOT": 0.03,
        "BODY_DELTA_TIME_SEARCH_SEC": 1.7,
        "COME_TO_BODY_DIST": 1.2,
        "MARKSMAN_VISIBLE_DIST_COEF": 1.15,
        "VISIBLE_DISNACE_WITH_LIGHT": 95,
        "ENEMY_LIGHT_ADD": 43,
        "ENEMY_LIGHT_START_DIST": 90,
        "LOOK_THROUGH_GRASS": false,
        "CAN_LOOK_TO_WALL": false,
        "DIST_NOT_TO_IGNORE_WALL": 15,
        "DIST_CHECK_WALL": 20,
        "LOOK_LAST_POSENEMY_IF_NO_DANGER_SEC": 25,
        "MIN_LOOK_AROUD_TIME": 20,
        "OPTIMIZE_TO_ONLY_BODY": true,
        "NO_GREEN_DIST": 5,
        "NO_GRASS_DIST": 5,
        "GOAL_TO_FULL_DISSAPEAR_GREEN": 1.5
      },
      "Shoot": {
        "RECOIL_TIME_NORMALIZE": 1,
        "RECOIL_PER_METER": 0.02,
        "MAX_RECOIL_PER_METER": 0.04,
        "HORIZONT_RECOIL_COEF": 0.04,
        "WAIT_NEXT_SINGLE_SHOT": 0.2,
        "WAIT_NEXT_SINGLE_SHOT_LONG_MAX": 3.3,
        "WAIT_NEXT_SINGLE_SHOT_LONG_MIN": 0.4,
        "MARKSMAN_DIST_SEK_COEF": 44,
        "FINGER_HOLD_SINGLE_SHOT": 0.14,
        "BASE_AUTOMATIC_TIME": 0.4,
        "AUTOMATIC_FIRE_SCATTERING_COEF": 1.1,
        "CHANCE_TO_CHANGE_TO_AUTOMATIC_FIRE_100": 100,
        "DIST_TO_CHANGE_TO_MAIN": 0,
        "FAR_DIST_ENEMY": 20,
        "SHOOT_FROM_COVER": 6,
        "FAR_DIST_ENEMY_SQR": 400,
        "MAX_DIST_COEF": 1.35,
        "RECOIL_DELTA_PRESS": 0.15,
        "RUN_DIST_NO_AMMO": 25,
        "RUN_DIST_NO_AMMO_SQRT": 625,
        "CAN_SHOOTS_TIME_TO_AMBUSH": 600,
        "NOT_TO_SEE_ENEMY_TO_WANT_RELOAD_PERCENT": 0.5,
        "NOT_TO_SEE_ENEMY_TO_WANT_RELOAD_SEC": 2,
        "RELOAD_PECNET_NO_ENEMY": 0.6,
        "CHANCE_TO_CHANGE_WEAPON": -1,
        "CHANCE_TO_CHANGE_WEAPON_WITH_HELMET": -1,
        "TRY_CHANGE_WEAPON_WHEN_RELOAD": false,
        "CHANGE_TO_MAIN_WHEN_SUPPORT_NO_AMMO": false,
        "LOW_DIST_TO_CHANGE_WEAPON": 6,
        "FAR_DIST_TO_CHANGE_WEAPON": 30,
        "SUPPRESS_BY_SHOOT_TIME": 6,
        "SUPPRESS_TRIGGERS_DOWN": 3,
        "VALIDATE_MALFUNCTION_CHANCE": 100,
        "REPAIR_MALFUNCTION_IMMEDIATE_CHANCE": 25,
        "DELAY_BEFORE_EXAMINE_MALFUNCTION": 0.5,
        "DELAY_BEFORE_FIX_MALFUNCTION": 0.5
      },
      "Move": {
        "BASE_ROTATE_SPEED": 270,
        "REACH_DIST": 0.5,
        "REACH_DIST_RUN": 0.8,
        "START_SLOW_DIST": 1.5,
        "BASESTART_SLOW_DIST": 1.1,
        "SLOW_COEF": 7,
        "DIST_TO_CAN_CHANGE_WAY": 8,
        "DIST_TO_START_RAYCAST": 15,
        "BASE_START_SERACH": 35,
        "UPDATE_TIME_RECAL_WAY": 7,
        "FAR_DIST": 4,
        "FAR_DIST_SQR": 16,
        "DIST_TO_CAN_CHANGE_WAY_SQR": 64,
        "DIST_TO_START_RAYCAST_SQR": 225,
        "BASE_SQRT_START_SERACH": 1225,
        "Y_APPROXIMATION": 0.7,
        "DELTA_LAST_SEEN_ENEMY": 20,
        "REACH_DIST_COVER": 2,
        "RUN_TO_COVER_MIN": 2,
        "CHANCE_TO_RUN_IF_NO_AMMO_0_100": 100,
        "RUN_IF_CANT_SHOOT": true,
        "RUN_IF_GAOL_FAR_THEN": 10,
        "SEC_TO_CHANGE_TO_RUN": 3
      },
      "Grenade": {
        "DELTA_NEXT_ATTEMPT_FROM_COVER": 5,
        "DELTA_NEXT_ATTEMPT": 10,
        "MIN_DIST_NOT_TO_THROW": 8,
        "NEAR_DELTA_THROW_TIME_SEC": 2,
        "MIN_THROW_GRENADE_DIST": 12,
        "MIN_THROW_GRENADE_DIST_SQRT": 144,
        "MIN_DIST_NOT_TO_THROW_SQR": 64,
        "RUN_AWAY": 22,
        "RUN_AWAY_SQR": 484,
        "ADD_GRENADE_AS_DANGER": 65,
        "ADD_GRENADE_AS_DANGER_SQR": 4225,
        "CHANCE_TO_NOTIFY_ENEMY_GR_100": 100,
        "GrenadePerMeter": 0.1,
        "REQUEST_DIST_MUST_THROW_SQRT": 4,
        "REQUEST_DIST_MUST_THROW": 2,
        "BEWARE_TYPE": 2,
        "SHOOT_TO_SMOKE_CHANCE_100": 50,
        "CHANCE_RUN_FLASHED_100": 100,
        "MAX_FLASHED_DIST_TO_SHOOT": 10,
        "MAX_FLASHED_DIST_TO_SHOOT_SQRT": 100,
        "FLASH_GRENADE_TIME_COEF": 0.1,
        "SIZE_SPOTTED_COEF": 2,
        "BE_ATTENTION_COEF": 4,
        "TIME_SHOOT_TO_FLASH": 4,
        "CLOSE_TO_SMOKE_TO_SHOOT": 10,
        "CLOSE_TO_SMOKE_TO_SHOOT_SQRT": 100,
        "CLOSE_TO_SMOKE_TIME_DELTA": 5,
        "SMOKE_CHECK_DELTA": 1,
        "DELTA_GRENADE_START_TIME": 0.01,
        "AMBUSH_IF_SMOKE_IN_ZONE_100": 40,
        "AMBUSH_IF_SMOKE_RETURN_TO_ATTACK_SEC": 30,
        "NO_RUN_FROM_AI_GRENADES": true,
        "MAX_THROW_POWER": 25,
        "MIN_THROW_DIST_PERCENT_0_1": 0.7,
        "GrenadePrecision": 0.05,
        "STOP_WHEN_THROW_GRENADE": true,
        "WAIT_TIME_TURN_AWAY": 1.2,
        "SMOKE_SUPPRESS_DELTA": 20,
        "DAMAGE_GRENADE_SUPPRESS_DELTA": 8,
        "STUN_SUPPRESS_DELTA": 9,
        "CHEAT_START_GRENADE_PLACE": true,
        "CAN_THROW_STRAIGHT_CONTACT": true,
        "STRAIGHT_CONTACT_DELTA_SEC": 3,
        "ANG_TYPE": 1
      },
      "Change": {
        "SMOKE_VISION_DIST": 0.6,
        "SMOKE_GAIN_SIGHT": 0.625,
        "SMOKE_SCATTERING": 1.6,
        "SMOKE_PRECICING": 1.6,
        "SMOKE_HEARING": 1,
        "SMOKE_ACCURATY": 1.6,
        "SMOKE_LAY_CHANCE": 1.6,
        "FLASH_VISION_DIST": 0.05,
        "FLASH_GAIN_SIGHT": 0.555,
        "FLASH_SCATTERING": 1.6,
        "FLASH_PRECICING": 1.6,
        "FLASH_HEARING": 1,
        "FLASH_ACCURATY": 1.6,
        "FLASH_LAY_CHANCE": 1,
        "STUN_HEARING": 0.01
      },
      "Cover": {
        "RETURN_TO_ATTACK_AFTER_AMBUSH_MIN": 20,
        "RETURN_TO_ATTACK_AFTER_AMBUSH_MAX": 50,
        "SOUND_TO_GET_SPOTTED": 2,
        "TIME_TO_MOVE_TO_COVER": 15,
        "MAX_DIST_OF_COVER": 4,
        "CHANGE_RUN_TO_COVER_SEC": 5,
        "CHANGE_RUN_TO_COVER_SEC_GREANDE": 0.6,
        "MIN_DIST_TO_ENEMY": 9,
        "DIST_CANT_CHANGE_WAY": 5,
        "DIST_CHECK_SFETY": 9,
        "TIME_CHECK_SAFE": 2,
        "HIDE_TO_COVER_TIME": 1.5,
        "MAX_DIST_OF_COVER_SQR": 16,
        "DIST_CANT_CHANGE_WAY_SQR": 25,
        "SPOTTED_COVERS_RADIUS": 2.5,
        "LOOK_LAST_ENEMY_POS_MOVING": 1.5,
        "LOOK_TO_HIT_POINT_IF_LAST_ENEMY": 3,
        "LOOK_LAST_ENEMY_POS_LOOKAROUND": 45,
        "OFFSET_LOOK_ALONG_WALL_ANG": 20,
        "SPOTTED_GRENADE_RADIUS": 16,
        "MAX_SPOTTED_TIME_SEC": 20,
        "WAIT_INT_COVER_FINDING_ENEMY": 2,
        "CLOSE_DIST_POINT_SQRT": 4,
        "DELTA_SEEN_FROM_COVE_LAST_POS": 5,
        "MOVE_TO_COVER_WHEN_TARGET": false,
        "RUN_COVER_IF_CAN_AND_NO_ENEMIES": true,
        "SPOTTED_GRENADE_TIME": 7,
        "DEPENDS_Y_DIST_TO_BOT": true,
        "RUN_IF_FAR": 15,
        "RUN_IF_FAR_SQRT": 225,
        "STAY_IF_FAR": 25,
        "STAY_IF_FAR_SQRT": 625,
        "CHECK_COVER_ENEMY_LOOK": false,
        "SHOOT_NEAR_TO_LEAVE": 3,
        "SHALL_CHANGE_COVER_IF_CAN_SHOOT": true,
        "SHOOT_NEAR_SEC_PERIOD": 1,
        "HITS_TO_LEAVE_COVER": 2,
        "HITS_TO_LEAVE_COVER_UNKNOWN": 2,
        "DOG_FIGHT_AFTER_LEAVE": 4,
        "NOT_LOOK_AT_WALL_IS_DANGER": true,
        "MIN_DEFENCE_LEVEL": 0,
        "GOOD_DIST_TO_POINT_COEF": 1.8,
        "ENEMY_DIST_TO_GO_OUT": 1
      },
      "Patrol": {
        "LOOK_TIME_BASE": 12,
        "RESERVE_TIME_STAY": 72,
        "FRIEND_SEARCH_SEC": 12,
        "TALK_DELAY": 1.1,
        "MIN_TALK_DELAY": 35,
        "TALK_DELAY_BIG": 45.1,
        "CHANGE_WAY_TIME": 325.1,
        "MIN_DIST_TO_CLOSE_TALK": 5,
        "VISION_DIST_COEF_PEACE": 0.95,
        "MIN_DIST_TO_CLOSE_TALK_SQR": 25,
        "CHANCE_TO_CUT_WAY_0_100": 75,
        "CUT_WAY_MIN_0_1": 0.4,
        "CUT_WAY_MAX_0_1": 0.65,
        "CHANCE_TO_CHANGE_WAY_0_100": 30,
        "CHANCE_TO_SHOOT_DEADBODY": 52,
        "SUSPETION_PLACE_LIFETIME": 7,
        "RESERVE_OUT_TIME": 60,
        "CLOSE_TO_SELECT_RESERV_WAY": 25,
        "MAX_YDIST_TO_START_WARN_REQUEST_TO_REQUESTER": 5,
        "CAN_CHECK_MAGAZINE": false
      },
      "Hearing": {
        "BOT_CLOSE_PANIC_DIST": 1,
        "CHANCE_TO_HEAR_SIMPLE_SOUND_0_1": 0.98,
        "DISPERSION_COEF": 10,
        "CLOSE_DIST": 36,
        "FAR_DIST": 66,
        "SOUND_DIR_DEEFREE": 30,
        "DIST_PLACE_TO_FIND_POINT": 70,
        "DEAD_BODY_SOUND_RAD": 30,
        "LOOK_ONLY_DANGER": false,
        "RESET_TIMER_DIST": 17,
        "HEAR_DELAY_WHEN_PEACE": 0,
        "HEAR_DELAY_WHEN_HAVE_SMT": 0,
        "LOOK_ONLY_DANGER_DELTA": 9
      },
      "Mind": {
        "MIN_SHOOTS_TIME": 2,
        "MAX_SHOOTS_TIME": 4,
        "TIME_TO_RUN_TO_COVER_CAUSE_SHOOT_SEC": 15,
        "DAMAGE_REDUCTION_TIME_SEC": 30,
        "MIN_DAMAGE_SCARE": 20,
        "CHANCE_TO_RUN_CAUSE_DAMAGE_0_100": 35,
        "TIME_TO_FORGOR_ABOUT_ENEMY_SEC": 52,
        "TIME_TO_FIND_ENEMY": 22,
        "MAX_AGGRO_BOT_DIST": 100,
        "HIT_POINT_DETECTION": 4,
        "DANGER_POINT_CHOOSE_COEF": 1,
        "SIMPLE_POINT_CHOOSE_COEF": 0.4,
        "LASTSEEN_POINT_CHOOSE_COEF": 0.2,
        "COVER_DIST_COEF": 1.5,
        "DIST_TO_FOUND_SQRT": 400,
        "MAX_AGGRO_BOT_DIST_SQR": 10000,
        "DIST_TO_STOP_RUN_ENEMY": 15,
        "ENEMY_LOOK_AT_ME_ANG": 15,
        "MIN_START_AGGRESION_COEF": 1,
        "MAX_START_AGGRESION_COEF": 3,
        "BULLET_FEEL_DIST": 160,
        "BULLET_FEEL_CLOSE_SDIST": 1,
        "ATTACK_IMMEDIATLY_CHANCE_0_100": 40,
        "CHANCE_FUCK_YOU_ON_CONTACT_100": 0.01,
        "FRIEND_DEAD_AGR_LOW": -0.2,
        "FRIEND_AGR_KILL": 0.2,
        "LAST_ENEMY_LOOK_TO": 40,
        "CAN_RECEIVE_PLAYER_REQUESTS_SAVAGE": false,
        "CAN_RECEIVE_PLAYER_REQUESTS_BEAR": false,
        "CAN_RECEIVE_PLAYER_REQUESTS_USEC": false,
        "CAN_USE_MEDS": true,
        "SUSPETION_POINT_CHANCE_ADD100": 0,
        "AMBUSH_WHEN_UNDER_FIRE": true,
        "AMBUSH_WHEN_UNDER_FIRE_TIME_RESIST": 60,
        "ATTACK_ENEMY_IF_PROTECT_DELTA_LAST_TIME_SEEN": 1.5,
        "HOLD_IF_PROTECT_DELTA_LAST_TIME_SEEN": 8.5,
        "FIND_COVER_TO_GET_POSITION_WITH_SHOOT": 2,
        "PROTECT_TIME_REAL": true,
        "CHANCE_SHOOT_WHEN_WARN_PLAYER_100": 25,
        "CAN_PANIC_IS_PROTECT": false,
        "NO_RUN_AWAY_FOR_SAFE": false,
        "PART_PERCENT_TO_HEAL": 0.65,
        "PROTECT_DELTA_HEAL_SEC": 10,
        "CAN_STAND_BY": true,
        "CAN_THROW_REQUESTS": true,
        "GROUP_ANY_PHRASE_DELAY": 5,
        "GROUP_EXACTLY_PHRASE_DELAY": 30,
        "DIST_TO_ENEMY_YO_CAN_HEAL": 30,
        "CHANCE_TO_STAY_WHEN_WARN_PLAYER_100": 80,
        "DOG_FIGHT_OUT": 6,
        "DOG_FIGHT_IN": 3,
        "SHOOT_INSTEAD_DOG_FIGHT": 9,
        "PISTOL_SHOTGUN_AMBUSH_DIST": 30,
        "STANDART_AMBUSH_DIST": 100,
        "AI_POWER_COEF": 120,
        "COVER_SECONDS_AFTER_LOSE_VISION": 10,
        "COVER_SELF_ALWAYS_IF_DAMAGED": false,
        "SEC_TO_MORE_DIST_TO_RUN": 10,
        "HEAL_DELAY_SEC": 5,
        "HIT_DELAY_WHEN_HAVE_SMT": -1,
        "HIT_DELAY_WHEN_PEACE": -1,
        "CAN_TAKE_ITEMS": false,
        "TALK_WITH_QUERY": true,
        "DEFAULT_SAVAGE_BEHAVIOUR": "AlwaysEnemies",
        "DEFAULT_BEAR_BEHAVIOUR": "AlwaysEnemies",
        "DEFAULT_USEC_BEHAVIOUR": "AlwaysEnemies",
        "BOSS_IGNORE_LOYALTY": true,
        "FRIENDLY_BOT_TYPES": [
          "exUsec"
        ],
        "REVENGE_BOT_TYPES": [
          "exUsec",
          "gifter",
          "bossKnight",
          "followerBigPipe",
          "followerBirdEye"
        ],
        "WARN_BOT_TYPES": [],
        "ENEMY_BOT_TYPES": [
          "pmcBEAR",
          "pmcUSEC"
        ]
      },
      "Boss": {
        "BOSS_DIST_TO_WARNING": 40,
        "BOSS_DIST_TO_WARNING_SQRT": 1600,
        "BOSS_DIST_TO_WARNING_OUT": 40,
        "BOSS_DIST_TO_WARNING_OUT_SQRT": 1600,
        "BOSS_DIST_TO_SHOOT": 40,
        "BOSS_DIST_TO_SHOOT_SQRT": 1600,
        "CHANCE_TO_SEND_GRENADE_100": 100,
        "MAX_DIST_COVER_BOSS": 25,
        "MAX_DIST_COVER_BOSS_SQRT": 625,
        "MAX_DIST_DECIDER_TO_SEND": 35,
        "MAX_DIST_DECIDER_TO_SEND_SQRT": 1225,
        "TIME_AFTER_LOSE": 15,
        "TIME_AFTER_LOSE_DELTA": 60,
        "PERSONS_SEND": 2,
        "DELTA_SEARCH_TIME": 18,
        "COVER_TO_SEND": true,
        "WAIT_NO_ATTACK_SAVAGE": 1,
        "CHANCE_USE_RESERVE_PATROL_100": 30,
        "KILLA_Y_DELTA_TO_BE_ENEMY_BOSS": 5,
        "KILLA_DITANCE_TO_BE_ENEMY_BOSS": 45,
        "KILLA_START_SEARCH_SEC": 40,
        "KILLA_CONTUTION_TIME": 5,
        "KILLA_CLOSE_ATTACK_DIST": 12,
        "KILLA_MIDDLE_ATTACK_DIST": 200,
        "KILLA_LARGE_ATTACK_DIST": 250,
        "KILLA_SEARCH_METERS": 20,
        "KILLA_DEF_DIST_SQRT": 225,
        "KILLA_SEARCH_SEC_STOP_AFTER_COMING": 25,
        "KILLA_DIST_TO_GO_TO_SUPPRESS": 6,
        "KILLA_AFTER_GRENADE_SUPPRESS_DELAY": 2,
        "KILLA_CLOSEATTACK_TIMES": 9000,
        "KILLA_CLOSEATTACK_DELAY": -1,
        "KILLA_HOLD_DELAY": -1,
        "KILLA_BULLET_TO_RELOAD": 15,
        "SHALL_WARN": false,
        "KOJANIY_DIST_WHEN_READY": 40,
        "KOJANIY_DIST_TO_BE_ENEMY": 200,
        "KOJANIY_MIN_DIST_TO_LOOT": 20,
        "KOJANIY_MIN_DIST_TO_LOOT_SQRT": 400,
        "KOJANIY_DIST_ENEMY_TOO_CLOSE": 17,
        "KOJANIY_MANY_ENEMIES_COEF": 1.5,
        "KILLA_ENEMIES_TO_ATTACK": 30,
        "KILLA_ONE_IS_CLOSE": 30,
        "KILLA_TRIGGER_DOWN_DELAY": 1,
        "KILLA_WAIT_IN_COVER_COEF": 1,
        "EFFECT_PAINKILLER": true
      },
      "Core": {
        "VisibleAngle": 180,
        "VisibleDistance": 170,
        "GainSightCoef": 2,
        "ScatteringPerMeter": 0.1,
        "ScatteringClosePerMeter": 0.1,
        "DamageCoeff": 1,
        "HearingSense": 3.95,
        "CanRun": true,
        "CanGrenade": true,
        "AimingType": "normal",
        "PistolFireDistancePref": 35,
        "ShotgunFireDistancePref": 50,
        "RifleFireDistancePref": 100,
        "AccuratySpeed": 0.1,
        "WaitInCoverBetweenShotsSec": 1
      },
      "Scattering": {
        "MinScatter": 0.03,
        "WorkingScatter": 0.15,
        "MaxScatter": 0.4,
        "SpeedUp": 0.3,
        "SpeedUpAim": 1.4,
        "SpeedDown": -0.3,
        "ToSlowBotSpeed": 1.5,
        "ToLowBotSpeed": 2.4,
        "ToUpBotSpeed": 3.6,
        "MovingSlowCoef": 1.5,
        "ToLowBotAngularSpeed": 80,
        "ToStopBotAngularSpeed": 40,
        "FromShot": 0.001,
        "TracerCoef": 1.3,
        "HandDamageScatteringMinMax": 0.7,
        "HandDamageAccuracySpeed": 1.3,
        "BloodFall": 1.45,
        "Caution": 0.3,
        "ToCaution": 0.6,
        "RecoilControlCoefShootDone": 0.0003,
        "RecoilControlCoefShootDoneAuto": 0.00015,
        "AMPLITUDE_FACTOR": 0.25,
        "AMPLITUDE_SPEED": 0.1,
        "DIST_FROM_OLD_POINT_TO_NOT_AIM": 15,
        "DIST_FROM_OLD_POINT_TO_NOT_AIM_SQRT": 225,
        "DIST_NOT_TO_SHOOT": 0.3,
        "PoseChnageCoef": 0.1,
        "LayFactor": 0.1,
        "RecoilYCoef": 0.0005,
        "RecoilYCoefSppedDown": -0.52,
        "RecoilYMax": 1
      }
    }
  },
  "chances": {
    "equipment": {
      "Headwear": 100,
      "Earpiece": 93,
      "FaceCover": 100,
      "ArmorVest": 0,
      "Eyewear": 75,
      "ArmBand": 0,
      "TacticalVest": 100,
      "Backpack": 0,
      "FirstPrimaryWeapon": 100,
      "SecondPrimaryWeapon": 86,
      "Holster": 100,
      "Scabbard": 100,
      "Pockets": 100,
      "SecuredContainer": 100
    },
    "weaponMods": {
      "mod_magazine": 100,
      "mod_muzzle": 68,
      "mod_sight_front": 95,
      "mod_sight_rear": 95,
      "mod_scope": 79,
      "mod_tactical_000": 38,
      "mod_tactical_001": 0,
      "mod_tactical_002": 65,
      "mod_foregrip": 78,
      "mod_mount": 36,
      "mod_stock": 100,
      "mod_mount_000": 0,
      "mod_tactical": 100,
      "mod_muzzle_000": 100,
      "mod_muzzle_001": 100,
      "mod_mount_001": 100,
      "mod_mount_002": 0,
      "mod_flashlight": 100,
      "mod_bipod": 0
    },
    "equipmentMods": {
      "front_plate": 100,
      "back_plate": 100,
      "left_side_plate": 100,
      "right_side_plate": 100
    }
  },
  "generation": {
    "items": {
      "specialItems": {
        "weights": {
          "0": 1,
          "1": 0
        },
        "whitelist": []
      },
      "healing": {
        "weights": {
          "0": 1,
          "1": 2,
          "2": 1
        },
        "whitelist": []
      },
      "drugs": {
        "weights": {
          "0": 1,
          "1": 2,
          "2": 0
        },
        "whitelist": []
      },
      "stims": {
        "weights": {
          "0": 2,
          "1": 1,
          "2": 0
        },
        "whitelist": []
      },
      "food": {
        "weights": {
          "0": 10,
          "1": 5,
          "2": 2
        },
        "whitelist": []
      },
      "drink": {
        "weights": {
          "0": 10,
          "1": 5,
          "2": 2
        },
        "whitelist": []
      },
      "currency": {
        "weights": {
          "0": 20,
          "1": 5,
          "2": 1
        },
        "whitelist": []
      },
      "backpackLoot": {
        "weights": {
          "0": 1,
          "1": 1,
          "2": 2,
          "3": 1,
          "4": 1,
          "5": 1,
          "6": 1,
          "7": 0
        },
        "whitelist": []
      },
      "pocketLoot": {
        "weights": {
          "0": 1,
          "1": 6,
          "2": 3,
          "3": 1,
          "4": 1
        },
        "whitelist": []
      },
      "vestLoot": {
        "weights": {
          "0": 1,
          "1": 1,
          "2": 2,
          "3": 1,
          "4": 0,
          "5": 0,
          "6": 0
        },
        "whitelist": []
      },
      "magazines": {
        "weights": {
          "0": 0,
          "1": 0,
          "2": 1,
          "3": 3,
          "4": 1
        },
        "whitelist": []
      },
      "grenades": {
        "weights": {
          "0": 1,
          "1": 2,
          "2": 1,
          "3": 1,
          "4": 0,
          "5": 0
        },
        "whitelist": []
      }
    }
  }
}