[
  {
    "Chance": 100,
    "ChancePVE": 100,
    "Count": 5000,
    "CountPve": 0,
    "EntryPoints": "Riverside,Village",
    "EventAvailable": false,
    "ExfiltrationTime": 60,
    "ExfiltrationTimePVE": 60,
    "ExfiltrationType": "SharedTimer",
    "Id": "5449016a4bdc2d6f028b456f",
    "MaxTime": 0,
    "MaxTimePVE": 0,
    "MinTime": 0,
    "MinTimePVE": 0,
    "Name": "Shorl_V-Ex",
    "PassageRequirement": "TransferItem",
    "PlayersCount": 0,
    "PlayersCountPVE": 0,
    "RequiredSlot": "FirstPrimaryWeapon",
    "RequirementTip": "EXFIL_Item",
    "Side": "Pmc"
  },
  {
    "Chance": 100,
    "ChancePVE": 100,
    "Count": 0,
    "CountPve": 0,
    "EntryPoints": "Village",
    "EventAvailable": false,
    "ExfiltrationTime": 8,
    "ExfiltrationTimePVE": 8,
    "ExfiltrationType": "Individual",
    "Id": "",
    "MaxTime": 0,
    "MaxTimePVE": 0,
    "MinTime": 0,
    "MinTimePVE": 0,
    "Name": "Road to Customs",
    "PassageRequirement": "None",
    "PlayersCount": 0,
    "PlayersCountPVE": 0,
    "RequiredSlot": "FirstPrimaryWeapon",
    "RequirementTip": "",
    "Side": "Pmc"
  },
  {
    "Chance": 100,
    "ChancePVE": 100,
    "Count": 0,
    "CountPve": 0,
    "EntryPoints": "Village",
    "EventAvailable": false,
    "ExfiltrationTime": 8,
    "ExfiltrationTimePVE": 8,
    "ExfiltrationType": "Individual",
    "Id": "",
    "MaxTime": 0,
    "MaxTimePVE": 0,
    "MinTime": 0,
    "MinTimePVE": 0,
    "Name": "Road_at_railbridge",
    "PassageRequirement": "None",
    "PlayersCount": 0,
    "PlayersCountPVE": 0,
    "RequiredSlot": "FirstPrimaryWeapon",
    "RequirementTip": "",
    "Side": "Pmc"
  },
  {
    "Chance": 100,
    "ChancePVE": 100,
    "Count": 0,
    "CountPve": 0,
    "EntryPoints": "Riverside",
    "EventAvailable": false,
    "ExfiltrationTime": 8,
    "ExfiltrationTimePVE": 8,
    "ExfiltrationType": "Individual",
    "Id": "",
    "MaxTime": 0,
    "MaxTimePVE": 0,
    "MinTime": 0,
    "MinTimePVE": 0,
    "Name": "Tunnel",
    "PassageRequirement": "None",
    "PlayersCount": 0,
    "PlayersCountPVE": 0,
    "RequiredSlot": "FirstPrimaryWeapon",
    "RequirementTip": "",
    "Side": "Pmc"
  },
  {
    "Chance": 100,
    "ChancePVE": 100,
    "Count": 0,
    "CountPve": 0,
    "EntryPoints": "Riverside,Village",
    "EventAvailable": false,
    "ExfiltrationTime": 8,
    "ExfiltrationTimePVE": 8,
    "ExfiltrationType": "Individual",
    "Id": "",
    "MaxTime": 0,
    "MaxTimePVE": 0,
    "MinTime": 0,
    "MinTimePVE": 0,
    "Name": "Lighthouse_pass",
    "PassageRequirement": "None",
    "PlayersCount": 0,
    "PlayersCountPVE": 0,
    "RequiredSlot": "FirstPrimaryWeapon",
    "RequirementTip": "",
    "Side": "Pmc"
  },
  {
    "Chance": 100,
    "ChancePVE": 100,
    "Count": 0,
    "CountPve": 0,
    "EntryPoints": "Riverside,Village",
    "EventAvailable": false,
    "ExfiltrationTime": 8,
    "ExfiltrationTimePVE": 8,
    "ExfiltrationType": "SharedTimer",
    "Id": "",
    "MaxTime": 0,
    "MaxTimePVE": 0,
    "MinTime": 0,
    "MinTimePVE": 0,
    "Name": "Smugglers_Trail_coop",
    "PassageRequirement": "ScavCooperation",
    "PlayersCount": 0,
    "PlayersCountPVE": 0,
    "RequiredSlot": "FirstPrimaryWeapon",
    "RequirementTip": "EXFIL_Cooperate",
    "Side": "Coop"
  },
  {
    "Chance": 50,
    "ChancePVE": 50,
    "Count": 0,
    "CountPve": 0,
    "EntryPoints": "Riverside,Village",
    "EventAvailable": false,
    "ExfiltrationTime": 30,
    "ExfiltrationTimePVE": 30,
    "ExfiltrationType": "Individual",
    "Id": "",
    "MaxTime": 0,
    "MaxTimePVE": 0,
    "MinTime": 0,
    "MinTimePVE": 0,
    "Name": "Pier Boat",
    "PassageRequirement": "None",
    "PlayersCount": 0,
    "PlayersCountPVE": 0,
    "RequiredSlot": "FirstPrimaryWeapon",
    "RequirementTip": "",
    "Side": "Pmc"
  },
  {
    "Chance": 100,
    "ChancePVE": 100,
    "Count": 0,
    "CountPve": 0,
    "EntryPoints": "Riverside,Village",
    "EventAvailable": false,
    "ExfiltrationTime": 8,
    "ExfiltrationTimePVE": 8,
    "ExfiltrationType": "Individual",
    "Id": "Alpinist",
    "MaxTime": 0,
    "MaxTimePVE": 0,
    "MinTime": 0,
    "MinTimePVE": 0,
    "Name": "RedRebel_alp",
    "PassageRequirement": "Reference",
    "PlayersCount": 0,
    "PlayersCountPVE": 0,
    "RequiredSlot": "FirstPrimaryWeapon",
    "RequirementTip": "",
    "Side": "Pmc"
  },
  {
    "Chance": 100,
    "ChancePVE": 100,
    "Count": 0,
    "CountPve": 0,
    "EntryPoints": "",
    "EventAvailable": false,
    "ExfiltrationTime": 8,
    "ExfiltrationTimePVE": 8,
    "ExfiltrationType": "Individual",
    "Id": "",
    "MaxTime": 0,
    "MaxTimePVE": 0,
    "MinTime": 0,
    "MinTimePVE": 0,
    "Name": "Scav Road to Customs",
    "PassageRequirement": "None",
    "PlayersCount": 0,
    "PlayersCountPVE": 0,
    "RequiredSlot": "FirstPrimaryWeapon",
    "RequirementTip": "",
    "Side": "Scav"
  },
  {
    "Chance": 100,
    "ChancePVE": 100,
    "Count": 0,
    "CountPve": 0,
    "EntryPoints": "",
    "EventAvailable": false,
    "ExfiltrationTime": 8,
    "ExfiltrationTimePVE": 8,
    "ExfiltrationType": "Individual",
    "Id": "",
    "MaxTime": 0,
    "MaxTimePVE": 0,
    "MinTime": 0,
    "MinTimePVE": 0,
    "Name": "Lighthouse",
    "PassageRequirement": "None",
    "PlayersCount": 0,
    "PlayersCountPVE": 0,
    "RequiredSlot": "FirstPrimaryWeapon",
    "RequirementTip": "",
    "Side": "Scav"
  },
  {
    "Chance": 100,
    "ChancePVE": 100,
    "Count": 0,
    "CountPve": 0,
    "EntryPoints": "",
    "EventAvailable": false,
    "ExfiltrationTime": 8,
    "ExfiltrationTimePVE": 8,
    "ExfiltrationType": "Individual",
    "Id": "",
    "MaxTime": 0,
    "MaxTimePVE": 0,
    "MinTime": 0,
    "MinTimePVE": 0,
    "Name": "Wrecked Road",
    "PassageRequirement": "None",
    "PlayersCount": 0,
    "PlayersCountPVE": 0,
    "RequiredSlot": "FirstPrimaryWeapon",
    "RequirementTip": "",
    "Side": "Scav"
  },
  {
    "Chance": 100,
    "ChancePVE": 100,
    "Count": 0,
    "CountPve": 0,
    "EntryPoints": "",
    "EventAvailable": false,
    "ExfiltrationTime": 8,
    "ExfiltrationTimePVE": 8,
    "ExfiltrationType": "Individual",
    "Id": "",
    "MaxTime": 0,
    "MaxTimePVE": 0,
    "MinTime": 0,
    "MinTimePVE": 0,
    "Name": "RWing Gym Entrance",
    "PassageRequirement": "None",
    "PlayersCount": 0,
    "PlayersCountPVE": 0,
    "RequiredSlot": "FirstPrimaryWeapon",
    "RequirementTip": "",
    "Side": "Scav"
  },
  {
    "Chance": 100,
    "ChancePVE": 100,
    "Count": 0,
    "CountPve": 0,
    "EntryPoints": "",
    "EventAvailable": false,
    "ExfiltrationTime": 8,
    "ExfiltrationTimePVE": 8,
    "ExfiltrationType": "Individual",
    "Id": "",
    "MaxTime": 0,
    "MaxTimePVE": 0,
    "MinTime": 0,
    "MinTimePVE": 0,
    "Name": "Adm Basement",
    "PassageRequirement": "None",
    "PlayersCount": 0,
    "PlayersCountPVE": 0,
    "RequiredSlot": "FirstPrimaryWeapon",
    "RequirementTip": "",
    "Side": "Scav"
  }
]
