{
  "_id": "58330581ace78e27b8b10cee",
  "availableInRaid": false,
  "avatar": "/files/trader/avatar/59b91cb486f77469a81232e5.jpg",
  "balance_dol": 0,
  "balance_eur": 0,
  "balance_rub": 7000000,
  "buyer_up": false,
  "currency": "RUB",
  "customization_seller": false,
  "discount": 0,
  "discount_end": 0,
  "gridHeight": 160,
  "insurance": {
    "availability": false,
    "excluded_category": [],
    "max_return_hour": 0,
    "max_storage_time": 24,
    "min_payment": 0,
    "min_return_hour": 0
  },
  "isCanTransferItems": false,
  "items_buy": {
    "category": [
      "543be5f84bdc2dd4348b456a",
      "5448e5284bdc2dcb718b4567",
      "57864a3d24597754843f8721",
      "57864a66245977548f04a81f",
      "590c745b86f7743cc433c5f2",
      "5422acb9af1c889c16000029",
      "543be6564bdc2df4348b4568",
      "5448fe124bdc2da5018b4567",
      "5448f3a64bdc2d60728b456a",
      "5485a8684bdc2da71d8b4567"
    ],
    "id_list": []
  },
  "items_buy_prohibited": {
    "category": [],
    "id_list": [
      "62e910aaf957f2915e0a5e36",
      "64d0b40fbe2eed70e254e2d4",
      "65ddcc9cfa85b9f17d0dfb07",
      "65ca457b4aafb5d7fc0dcb5d",
      "660312cc4d6cdfa6f500c703",
      "660bc341c38b837877075e4c",
      "6638a5474e92f038531e210e",
      "66bc98a01a47be227a5e956e",
      "6655e35b6bc645cb7b059912",
      "666879d498b97e3a8f09f1ae",
      "6399f54b0a36db13c823ad21",
      "66687bc89111279d600b5062",
      "66d98233302686954b0c6f81",
      "6707d0bdaab679420007e01a",
      "6707d0804e617ec94f0e562f",
      "67408903268737ef6908d432",
      "67614b542eb91250020f2b86",
      "67614b6b47c71ea3d40256d7"
    ]
  },
  "location": "Таможня",
  "loyaltyLevels": [
    {
      "buy_price_coef": 51,
      "exchange_price_coef": 0,
      "heal_price_coef": 0,
      "insurance_price_coef": 0,
      "minLevel": 1,
      "minSalesSum": 0,
      "minStanding": 0,
      "repair_price_coef": 110
    },
    {
      "buy_price_coef": 51,
      "exchange_price_coef": 0,
      "heal_price_coef": 0,
      "insurance_price_coef": 0,
      "minLevel": 15,
      "minSalesSum": 800000,
      "minStanding": 0.2,
      "repair_price_coef": 120
    },
    {
      "buy_price_coef": 51,
      "exchange_price_coef": 0,
      "heal_price_coef": 0,
      "insurance_price_coef": 0,
      "minLevel": 28,
      "minSalesSum": 1600000,
      "minStanding": 0.4,
      "repair_price_coef": 130
    },
    {
      "buy_price_coef": 51,
      "exchange_price_coef": 0,
      "heal_price_coef": 0,
      "insurance_price_coef": 0,
      "minLevel": 38,
      "minSalesSum": 2600000,
      "minStanding": 0.75,
      "repair_price_coef": 140
    }
  ],
  "medic": false,
  "name": "Александр Фёдорович",
  "nextResupply": 1631487786,
  "nickname": "Skier",
  "prohibitedTransferableItems": {
    "category": [],
    "id_list": []
  },
  "repair": {
    "availability": true,
    "currency": "5449016a4bdc2d6f028b456f",
    "currency_coefficient": 1,
    "excluded_category": [],
    "excluded_id_list": [],
    "quality": "1"
  },
  "sell_category": [],
  "sell_modifier_for_prohibited_items": 0,
  "surname": "Киселёв",
  "transferableItems": {
    "category": [],
    "id_list": []
  },
  "unlockedByDefault": true
}
