[
  {
    "Chance": 100,
    "ChancePVE": 100,
    "Count": 300,
    "CountPve": 0,
    "EntryPoints": "Tunnel,North",
    "EventAvailable": false,
    "ExfiltrationTime": 5,
    "ExfiltrationTimePVE": 5,
    "ExfiltrationType": "SharedTimer",
    "Id": "0",
    "MaxTime": 1420,
    "MaxTimePVE": 1420,
    "MinTime": 1300,
    "MinTimePVE": 1300,
    "Name": "EXFIL_Train",
    "PassageRequirement": "Train",
    "PlayersCount": 0,
    "PlayersCountPVE": 0,
    "RequiredSlot": "FirstPrimaryWeapon",
    "RequirementTip": "TIP IS HARDCODED",
    "Side": "Coop"
  },
  {
    "Chance": 50,
    "ChancePVE": 50,
    "Count": 5000,
    "CountPve": 0,
    "EntryPoints": "Tunnel,North",
    "EventAvailable": false,
    "ExfiltrationTime": 60,
    "ExfiltrationTimePVE": 60,
    "ExfiltrationType": "SharedTimer",
    "Id": "5449016a4bdc2d6f028b456f",
    "MaxTime": 0,
    "MaxTimePVE": 0,
    "MinTime": 0,
    "MinTimePVE": 0,
    "Name": " V-Ex_light",
    "PassageRequirement": "TransferItem",
    "PlayersCount": 0,
    "PlayersCountPVE": 0,
    "RequiredSlot": "FirstPrimaryWeapon",
    "RequirementTip": "EXFIL_Item",
    "Side": "Pmc"
  },
  {
    "Chance": 100,
    "ChancePVE": 100,
    "Count": 0,
    "CountPve": 0,
    "EntryPoints": "Tunnel,North",
    "EventAvailable": false,
    "ExfiltrationTime": 8,
    "ExfiltrationTimePVE": 8,
    "ExfiltrationType": "SharedTimer",
    "Id": "",
    "MaxTime": 0,
    "MaxTimePVE": 0,
    "MinTime": 0,
    "MinTimePVE": 0,
    "Name": "tunnel_shared",
    "PassageRequirement": "ScavCooperation",
    "PlayersCount": 0,
    "PlayersCountPVE": 0,
    "RequiredSlot": "FirstPrimaryWeapon",
    "RequirementTip": "EXFIL_Cooperate",
    "Side": "Coop"
  },
  {
    "Chance": 100,
    "ChancePVE": 100,
    "Count": 0,
    "CountPve": 0,
    "EntryPoints": "Tunnel,North",
    "EventAvailable": false,
    "ExfiltrationTime": 8,
    "ExfiltrationTimePVE": 8,
    "ExfiltrationType": "Individual",
    "Id": "Alpinist",
    "MaxTime": 0,
    "MaxTimePVE": 0,
    "MinTime": 0,
    "MinTimePVE": 0,
    "Name": "Alpinist_light",
    "PassageRequirement": "Reference",
    "PlayersCount": 0,
    "PlayersCountPVE": 0,
    "RequiredSlot": "FirstPrimaryWeapon",
    "RequirementTip": "",
    "Side": "Pmc"
  },
  {
    "Chance": 100,
    "ChancePVE": 100,
    "Count": 0,
    "CountPve": 0,
    "EntryPoints": "Tunnel,North",
    "EventAvailable": false,
    "ExfiltrationTime": 8,
    "ExfiltrationTimePVE": 8,
    "ExfiltrationType": "Individual",
    "Id": "",
    "MaxTime": 0,
    "MaxTimePVE": 0,
    "MinTime": 0,
    "MinTimePVE": 0,
    "Name": "Shorl_free",
    "PassageRequirement": "None",
    "PlayersCount": 0,
    "PlayersCountPVE": 0,
    "RequiredSlot": "FirstPrimaryWeapon",
    "RequirementTip": "",
    "Side": "Pmc"
  },
  {
    "Chance": 100,
    "ChancePVE": 100,
    "Count": 0,
    "CountPve": 0,
    "EntryPoints": "Tunnel",
    "EventAvailable": false,
    "ExfiltrationTime": 8,
    "ExfiltrationTimePVE": 8,
    "ExfiltrationType": "Individual",
    "Id": "",
    "MaxTime": 0,
    "MaxTimePVE": 0,
    "MinTime": 0,
    "MinTimePVE": 0,
    "Name": "Nothern_Checkpoint",
    "PassageRequirement": "None",
    "PlayersCount": 0,
    "PlayersCountPVE": 0,
    "RequiredSlot": "FirstPrimaryWeapon",
    "RequirementTip": "",
    "Side": "Pmc"
  },
  {
    "Chance": 100,
    "ChancePVE": 100,
    "Count": 0,
    "CountPve": 0,
    "EntryPoints": "Tunnel,North",
    "EventAvailable": false,
    "ExfiltrationTime": 8,
    "ExfiltrationTimePVE": 8,
    "ExfiltrationType": "Individual",
    "Id": "",
    "MaxTime": 0,
    "MaxTimePVE": 0,
    "MinTime": 0,
    "MinTimePVE": 0,
    "Name": "Coastal_South_Road",
    "PassageRequirement": "None",
    "PlayersCount": 0,
    "PlayersCountPVE": 0,
    "RequiredSlot": "FirstPrimaryWeapon",
    "RequirementTip": "",
    "Side": "Pmc"
  },
  {
    "Chance": 100,
    "ChancePVE": 100,
    "Count": 0,
    "CountPve": 0,
    "EntryPoints": "Tunnel,North",
    "EventAvailable": false,
    "ExfiltrationTime": 8,
    "ExfiltrationTimePVE": 8,
    "ExfiltrationType": "Individual",
    "Id": "",
    "MaxTime": 0,
    "MaxTimePVE": 0,
    "MinTime": 0,
    "MinTimePVE": 0,
    "Name": "Shorl_free_scav",
    "PassageRequirement": "None",
    "PlayersCount": 0,
    "PlayersCountPVE": 0,
    "RequiredSlot": "FirstPrimaryWeapon",
    "RequirementTip": "",
    "Side": "Scav"
  },
  {
    "Chance": 100,
    "ChancePVE": 100,
    "Count": 0,
    "CountPve": 0,
    "EntryPoints": "Tunnel,North",
    "EventAvailable": false,
    "ExfiltrationTime": 8,
    "ExfiltrationTimePVE": 8,
    "ExfiltrationType": "Individual",
    "Id": "",
    "MaxTime": 0,
    "MaxTimePVE": 0,
    "MinTime": 0,
    "MinTimePVE": 0,
    "Name": "Scav_Coastal_South",
    "PassageRequirement": "None",
    "PlayersCount": 0,
    "PlayersCountPVE": 0,
    "RequiredSlot": "FirstPrimaryWeapon",
    "RequirementTip": "",
    "Side": "Scav"
  },
  {
    "Chance": 100,
    "ChancePVE": 100,
    "Count": 0,
    "CountPve": 0,
    "EntryPoints": "Tunnel,North",
    "EventAvailable": false,
    "ExfiltrationTime": 8,
    "ExfiltrationTimePVE": 8,
    "ExfiltrationType": "Individual",
    "Id": "",
    "MaxTime": 0,
    "MaxTimePVE": 0,
    "MinTime": 0,
    "MinTimePVE": 0,
    "Name": "Scav_Underboat_Hideout",
    "PassageRequirement": "None",
    "PlayersCount": 0,
    "PlayersCountPVE": 0,
    "RequiredSlot": "FirstPrimaryWeapon",
    "RequirementTip": "",
    "Side": "Scav"
  },
  {
    "Chance": 100,
    "ChancePVE": 100,
    "Count": 0,
    "CountPve": 0,
    "EntryPoints": "Tunnel,North",
    "EventAvailable": false,
    "ExfiltrationTime": 8,
    "ExfiltrationTimePVE": 8,
    "ExfiltrationType": "Individual",
    "Id": "",
    "MaxTime": 0,
    "MaxTimePVE": 0,
    "MinTime": 0,
    "MinTimePVE": 0,
    "Name": "Scav_Hideout_at_the_grotto",
    "PassageRequirement": "None",
    "PlayersCount": 0,
    "PlayersCountPVE": 0,
    "RequiredSlot": "FirstPrimaryWeapon",
    "RequirementTip": "",
    "Side": "Scav"
  },
  {
    "Chance": 100,
    "ChancePVE": 100,
    "Count": 0,
    "CountPve": 0,
    "EntryPoints": "Tunnel,North",
    "EventAvailable": false,
    "ExfiltrationTime": 8,
    "ExfiltrationTimePVE": 8,
    "ExfiltrationType": "Individual",
    "Id": "",
    "MaxTime": 0,
    "MaxTimePVE": 0,
    "MinTime": 0,
    "MinTimePVE": 0,
    "Name": "Scav_Industrial_zone",
    "PassageRequirement": "None",
    "PlayersCount": 0,
    "PlayersCountPVE": 0,
    "RequiredSlot": "FirstPrimaryWeapon",
    "RequirementTip": "",
    "Side": "Scav"
  }
]
