[{
        "_id": "5df8a81f8f77747fcf5f5702",
        "type": 21,
        "enabled": true,
        "needsFuel": true,
        "takeFromSlotLocked": false,
        "craftGivesExp": true,
        "displayLevel": true,
        "requirements": [],
        "stages": {
            "0": {
                "requirements": [],
                "bonuses": [],
                "slots": 0,
                "constructionTime": 0.0,
                "description": "",
                "container": "",
                "autoUpgrade": false,
                "displayInterface": true,
                "improvements": []
            },
            "1": {
                "requirements": [{
                        "areaType": 4,
                        "requiredLevel": 1,
                        "type": "Area"
                    }, {
                        "templateId": "5449016a4bdc2d6f028b456f",
                        "count": 10000,
                        "isFunctional": false,
                        "isEncoded": false,
                        "type": "Item"
                    }, {
                        "templateId": "5df8a77486f77412672a1e3f",
                        "count": 1,
                        "isFunctional": false,
                        "isEncoded": false,
                        "type": "Item"
                    }, {
                        "templateId": "5df8a72c86f77412640e2e83",
                        "count": 1,
                        "isFunctional": false,
                        "isEncoded": false,
                        "type": "Item"
                    }, {
                        "templateId": "5df8a6a186f77412640e2e80",
                        "count": 1,
                        "isFunctional": false,
                        "isEncoded": false,
                        "type": "Item"
                    }
                ],
                "bonuses": [],
                "slots": 0,
                "constructionTime": 0.0,
                "description": "",
                "container": "",
                "autoUpgrade": false,
                "displayInterface": true,
                "improvements": []
            }
        },
        "enableAreaRequirements": false,
        "parentArea": null
    }
]
