{"staticWeapons":[],"staticContainers":[{"probability":0.42,"template":{"Id":"container_Factory_Rework_DesignStuff_00111","IsContainer":true,"useGravity":false,"randomRotation":false,"Position":{"x":0,"y":0,"z":0},"Rotation":{"x":0,"y":0,"z":0},"IsGroupPosition":false,"GroupPositions":[],"IsAlwaysSpawn":false,"Root":"678ac9cbf1d5d2bd01115112","Items":[{"_id":"678ac9cbf1d5d2bd01115112","_tpl":"578f87a3245977356274f2cb","upd":{"StackObjectsCount":1}}]}},{"probability":0.33,"template":{"Id":"container_Factory_Rework_DesignStuff_00138","IsContainer":true,"useGravity":false,"randomRotation":false,"Position":{"x":0,"y":0,"z":0},"Rotation":{"x":0,"y":0,"z":0},"IsGroupPosition":false,"GroupPositions":[],"IsAlwaysSpawn":false,"Root":"678ac9cbf1d5d2bd01115120","Items":[{"_id":"678ac9cbf1d5d2bd01115120","_tpl":"578f87ad245977356274f2cc","upd":{"StackObjectsCount":1}}]}},{"probability":1,"template":{"Id":"container_Factory_Rework_DesignStuff_00119","IsContainer":true,"useGravity":false,"randomRotation":false,"Position":{"x":0,"y":0,"z":0},"Rotation":{"x":0,"y":0,"z":0},"IsGroupPosition":false,"GroupPositions":[],"IsAlwaysSpawn":false,"Root":"678ac9cbf1d5d2bd01115140","Items":[{"_id":"678ac9cbf1d5d2bd01115140","_tpl":"5909e4b686f7747f5b744fa4","upd":{"StackObjectsCount":1}}]}},{"probability":0.3,"template":{"Id":"container_Factory_Rework_DesignStuff_00084","IsContainer":true,"useGravity":false,"randomRotation":false,"Position":{"x":0,"y":0,"z":0},"Rotation":{"x":0,"y":0,"z":0},"IsGroupPosition":false,"GroupPositions":[],"IsAlwaysSpawn":false,"Root":"678ac9cbf1d5d2bd01115148","Items":[{"_id":"678ac9cbf1d5d2bd01115148","_tpl":"5909d36d86f774660f0bb900","upd":{"StackObjectsCount":1}}]}},{"probability":1,"template":{"Id":"Lootable_00007","IsContainer":true,"useGravity":false,"randomRotation":false,"Position":{"x":0,"y":0,"z":0},"Rotation":{"x":0,"y":0,"z":0},"IsGroupPosition":false,"GroupPositions":[],"IsAlwaysSpawn":true,"Root":"678ac9cbf1d5d2bd0111514e","Items":[{"_id":"678ac9cbf1d5d2bd0111514e","_tpl":"578f87b7245977356274f2cd","upd":{"StackObjectsCount":1}}]}},{"probability":0.33,"template":{"Id":"container_Factory_Rework_DesignStuff_00143","IsContainer":true,"useGravity":false,"randomRotation":false,"Position":{"x":0,"y":0,"z":0},"Rotation":{"x":0,"y":0,"z":0},"IsGroupPosition":false,"GroupPositions":[],"IsAlwaysSpawn":false,"Root":"678ac9cbf1d5d2bd01115152","Items":[{"_id":"678ac9cbf1d5d2bd01115152","_tpl":"578f87ad245977356274f2cc","upd":{"StackObjectsCount":1}}]}},{"probability":0.42,"template":{"Id":"container_Factory_Rework_DesignStuff_00088","IsContainer":true,"useGravity":false,"randomRotation":false,"Position":{"x":0,"y":0,"z":0},"Rotation":{"x":0,"y":0,"z":0},"IsGroupPosition":false,"GroupPositions":[],"IsAlwaysSpawn":false,"Root":"678ac9cbf1d5d2bd0111515a","Items":[{"_id":"678ac9cbf1d5d2bd0111515a","_tpl":"578f87a3245977356274f2cb","upd":{"StackObjectsCount":1}}]}},{"probability":0.44,"template":{"Id":"container_Factory_Rework_DesignStuff_00094","IsContainer":true,"useGravity":false,"randomRotation":false,"Position":{"x":0,"y":0,"z":0},"Rotation":{"x":0,"y":0,"z":0},"IsGroupPosition":false,"GroupPositions":[],"IsAlwaysSpawn":false,"Root":"678ac9cbf1d5d2bd01115166","Items":[{"_id":"678ac9cbf1d5d2bd01115166","_tpl":"578f87a3245977356274f2cb","upd":{"StackObjectsCount":1}}]}},{"probability":0.43,"template":{"Id":"container_Factory_Rework_DesignStuff_00000","IsContainer":true,"useGravity":false,"randomRotation":false,"Position":{"x":0,"y":0,"z":0},"Rotation":{"x":0,"y":0,"z":0},"IsGroupPosition":false,"GroupPositions":[],"IsAlwaysSpawn":false,"Root":"678ac9cbf1d5d2bd0111516a","Items":[{"_id":"678ac9cbf1d5d2bd0111516a","_tpl":"5909d5ef86f77467974efbd8","upd":{"StackObjectsCount":1}}]}},{"probability":0.29,"template":{"Id":"container_Factory_Rework_DesignStuff_00068","IsContainer":true,"useGravity":false,"randomRotation":false,"Position":{"x":0,"y":0,"z":0},"Rotation":{"x":0,"y":0,"z":0},"IsGroupPosition":false,"GroupPositions":[],"IsAlwaysSpawn":false,"Root":"678ac9cbf1d5d2bd01115179","Items":[{"_id":"678ac9cbf1d5d2bd01115179","_tpl":"578f87ad245977356274f2cc","upd":{"StackObjectsCount":1}}]}},{"probability":0.22,"template":{"Id":"container_Factory_Rework_DesignStuff_00050","IsContainer":true,"useGravity":false,"randomRotation":false,"Position":{"x":0,"y":0,"z":0},"Rotation":{"x":0,"y":0,"z":0},"IsGroupPosition":false,"GroupPositions":[],"IsAlwaysSpawn":false,"Root":"678ac9cbf1d5d2bd0111517f","Items":[{"_id":"678ac9cbf1d5d2bd0111517f","_tpl":"578f87ad245977356274f2cc","upd":{"StackObjectsCount":1}}]}},{"probability":1,"template":{"Id":"container_Factory_Rework_Background_00003","IsContainer":true,"useGravity":false,"randomRotation":false,"Position":{"x":0,"y":0,"z":0},"Rotation":{"x":0,"y":0,"z":0},"IsGroupPosition":false,"GroupPositions":[],"IsAlwaysSpawn":false,"Root":"678ac9cbf1d5d2bd0111518d","Items":[{"_id":"678ac9cbf1d5d2bd0111518d","_tpl":"578f87ad245977356274f2cc","upd":{"StackObjectsCount":1}}]}},{"probability":1,"template":{"Id":"Lootable_00009","IsContainer":true,"useGravity":false,"randomRotation":false,"Position":{"x":0,"y":0,"z":0},"Rotation":{"x":0,"y":0,"z":0},"IsGroupPosition":false,"GroupPositions":[],"IsAlwaysSpawn":false,"Root":"678ac9cbf1d5d2bd01115195","Items":[{"_id":"678ac9cbf1d5d2bd01115195","_tpl":"578f8778245977358849a9b5","upd":{"StackObjectsCount":1}}]}},{"probability":0.31,"template":{"Id":"container_Factory_Rework_DesignStuff_00142","IsContainer":true,"useGravity":false,"randomRotation":false,"Position":{"x":0,"y":0,"z":0},"Rotation":{"x":0,"y":0,"z":0},"IsGroupPosition":false,"GroupPositions":[],"IsAlwaysSpawn":false,"Root":"678ac9cbf1d5d2bd01115199","Items":[{"_id":"678ac9cbf1d5d2bd01115199","_tpl":"578f87ad245977356274f2cc","upd":{"StackObjectsCount":1}}]}},{"probability":0.33,"template":{"Id":"container_Factory_Rework_DesignStuff_00116","IsContainer":true,"useGravity":false,"randomRotation":false,"Position":{"x":0,"y":0,"z":0},"Rotation":{"x":0,"y":0,"z":0},"IsGroupPosition":false,"GroupPositions":[],"IsAlwaysSpawn":false,"Root":"678ac9cbf1d5d2bd011151a3","Items":[{"_id":"678ac9cbf1d5d2bd011151a3","_tpl":"578f87ad245977356274f2cc","upd":{"StackObjectsCount":1}}]}},{"probability":1,"template":{"Id":"container_Factory_Rework_DesignStuff_00125","IsContainer":true,"useGravity":false,"randomRotation":false,"Position":{"x":0,"y":0,"z":0},"Rotation":{"x":0,"y":0,"z":0},"IsGroupPosition":false,"GroupPositions":[],"IsAlwaysSpawn":false,"Root":"678ac9cbf1d5d2bd011151af","Items":[{"_id":"678ac9cbf1d5d2bd011151af","_tpl":"578f8778245977358849a9b5","upd":{"StackObjectsCount":1}}]}},{"probability":0.63,"template":{"Id":"container_Factory_Rework_DesignStuff_00137","IsContainer":true,"useGravity":false,"randomRotation":false,"Position":{"x":0,"y":0,"z":0},"Rotation":{"x":0,"y":0,"z":0},"IsGroupPosition":false,"GroupPositions":[],"IsAlwaysSpawn":true,"Root":"678ac9cbf1d5d2bd011151c3","Items":[{"_id":"678ac9cbf1d5d2bd011151c3","_tpl":"66acff0a1d8e1083b303f5af","upd":{"StackObjectsCount":1}}]}},{"probability":0.29,"template":{"Id":"container_Factory_Rework_DesignStuff_00081","IsContainer":true,"useGravity":false,"randomRotation":false,"Position":{"x":0,"y":0,"z":0},"Rotation":{"x":0,"y":0,"z":0},"IsGroupPosition":false,"GroupPositions":[],"IsAlwaysSpawn":false,"Root":"678ac9cbf1d5d2bd011151cf","Items":[{"_id":"678ac9cbf1d5d2bd011151cf","_tpl":"578f87ad245977356274f2cc","upd":{"StackObjectsCount":1}}]}},{"probability":0.32,"template":{"Id":"container_Factory_Rework_DesignStuff_00018","IsContainer":true,"useGravity":false,"randomRotation":false,"Position":{"x":0,"y":0,"z":0},"Rotation":{"x":0,"y":0,"z":0},"IsGroupPosition":false,"GroupPositions":[],"IsAlwaysSpawn":false,"Root":"678ac9cbf1d5d2bd011151db","Items":[{"_id":"678ac9cbf1d5d2bd011151db","_tpl":"5909d50c86f774659e6aaebe","upd":{"StackObjectsCount":1}}]}},{"probability":0.31,"template":{"Id":"container_Factory_Rework_DesignStuff_00026","IsContainer":true,"useGravity":false,"randomRotation":false,"Position":{"x":0,"y":0,"z":0},"Rotation":{"x":0,"y":0,"z":0},"IsGroupPosition":false,"GroupPositions":[],"IsAlwaysSpawn":false,"Root":"678ac9cbf1d5d2bd011151e1","Items":[{"_id":"678ac9cbf1d5d2bd011151e1","_tpl":"578f87ad245977356274f2cc","upd":{"StackObjectsCount":1}}]}},{"probability":0.33,"template":{"Id":"container_Factory_Rework_DesignStuff_00079","IsContainer":true,"useGravity":false,"randomRotation":false,"Position":{"x":0,"y":0,"z":0},"Rotation":{"x":0,"y":0,"z":0},"IsGroupPosition":false,"GroupPositions":[],"IsAlwaysSpawn":false,"Root":"678ac9cbf1d5d2bd011151e7","Items":[{"_id":"678ac9cbf1d5d2bd011151e7","_tpl":"578f87ad245977356274f2cc","upd":{"StackObjectsCount":1}}]}},{"probability":0.41,"template":{"Id":"container_Factory_Rework_DesignStuff_00003","IsContainer":true,"useGravity":false,"randomRotation":false,"Position":{"x":0,"y":0,"z":0},"Rotation":{"x":0,"y":0,"z":0},"IsGroupPosition":false,"GroupPositions":[],"IsAlwaysSpawn":false,"Root":"678ac9cbf1d5d2bd011151eb","Items":[{"_id":"678ac9cbf1d5d2bd011151eb","_tpl":"5909d5ef86f77467974efbd8","upd":{"StackObjectsCount":1}}]}},{"probability":1,"template":{"Id":"container_Factory_Rework_DesignStuff_00027","IsContainer":true,"useGravity":false,"randomRotation":false,"Position":{"x":0,"y":0,"z":0},"Rotation":{"x":0,"y":0,"z":0},"IsGroupPosition":false,"GroupPositions":[],"IsAlwaysSpawn":true,"Root":"678ac9cbf1d5d2bd011151fd","Items":[{"_id":"678ac9cbf1d5d2bd011151fd","_tpl":"578f87b7245977356274f2cd","upd":{"StackObjectsCount":1}}]}},{"probability":1,"template":{"Id":"Lootable_00005","IsContainer":true,"useGravity":false,"randomRotation":false,"Position":{"x":0,"y":0,"z":0},"Rotation":{"x":0,"y":0,"z":0},"IsGroupPosition":false,"GroupPositions":[],"IsAlwaysSpawn":true,"Root":"678ac9cbf1d5d2bd01115201","Items":[{"_id":"678ac9cbf1d5d2bd01115201","_tpl":"578f87b7245977356274f2cd","upd":{"StackObjectsCount":1}}]}},{"probability":1,"template":{"Id":"container_Factory_Eugene_Temp_00002","IsContainer":true,"useGravity":false,"randomRotation":false,"Position":{"x":0,"y":0,"z":0},"Rotation":{"x":0,"y":0,"z":0},"IsGroupPosition":false,"GroupPositions":[],"IsAlwaysSpawn":false,"Root":"678ac9cbf1d5d2bd01115205","Items":[{"_id":"678ac9cbf1d5d2bd01115205","_tpl":"578f8778245977358849a9b5","upd":{"StackObjectsCount":1}}]}},{"probability":1,"template":{"Id":"container_Factory_Rework_Background_00000","IsContainer":true,"useGravity":false,"randomRotation":false,"Position":{"x":0,"y":0,"z":0},"Rotation":{"x":0,"y":0,"z":0},"IsGroupPosition":false,"GroupPositions":[],"IsAlwaysSpawn":false,"Root":"678ac9cbf1d5d2bd01115209","Items":[{"_id":"678ac9cbf1d5d2bd01115209","_tpl":"578f87ad245977356274f2cc","upd":{"StackObjectsCount":1}}]}},{"probability":0.52,"template":{"Id":"container_Factory_Rework_DesignStuff_00044","IsContainer":true,"useGravity":false,"randomRotation":false,"Position":{"x":0,"y":0,"z":0},"Rotation":{"x":0,"y":0,"z":0},"IsGroupPosition":false,"GroupPositions":[],"IsAlwaysSpawn":false,"Root":"678ac9cbf1d5d2bd01115217","Items":[{"_id":"678ac9cbf1d5d2bd01115217","_tpl":"578f87ad245977356274f2cc","upd":{"StackObjectsCount":1}}]}},{"probability":0.23,"template":{"Id":"container_Factory_Rework_DesignStuff_00046","IsContainer":true,"useGravity":false,"randomRotation":false,"Position":{"x":0,"y":0,"z":0},"Rotation":{"x":0,"y":0,"z":0},"IsGroupPosition":false,"GroupPositions":[],"IsAlwaysSpawn":false,"Root":"678ac9cbf1d5d2bd0111521d","Items":[{"_id":"678ac9cbf1d5d2bd0111521d","_tpl":"578f87ad245977356274f2cc","upd":{"StackObjectsCount":1}}]}},{"probability":1,"template":{"Id":"container_Factory_Rework_DesignStuff_00033","IsContainer":true,"useGravity":false,"randomRotation":false,"Position":{"x":0,"y":0,"z":0},"Rotation":{"x":0,"y":0,"z":0},"IsGroupPosition":false,"GroupPositions":[],"IsAlwaysSpawn":false,"Root":"678ac9cbf1d5d2bd01115221","Items":[{"_id":"678ac9cbf1d5d2bd01115221","_tpl":"578f8778245977358849a9b5","upd":{"StackObjectsCount":1}}]}},{"probability":1,"template":{"Id":"container_Factory_Rework_DesignStuff_00034","IsContainer":true,"useGravity":false,"randomRotation":false,"Position":{"x":0,"y":0,"z":0},"Rotation":{"x":0,"y":0,"z":0},"IsGroupPosition":false,"GroupPositions":[],"IsAlwaysSpawn":false,"Root":"678ac9cbf1d5d2bd01115225","Items":[{"_id":"678ac9cbf1d5d2bd01115225","_tpl":"578f8778245977358849a9b5","upd":{"StackObjectsCount":1}}]}},{"probability":0.43,"template":{"Id":"container_Factory_Rework_DesignStuff_00095","IsContainer":true,"useGravity":false,"randomRotation":false,"Position":{"x":0,"y":0,"z":0},"Rotation":{"x":0,"y":0,"z":0},"IsGroupPosition":false,"GroupPositions":[],"IsAlwaysSpawn":false,"Root":"678ac9cbf1d5d2bd01115229","Items":[{"_id":"678ac9cbf1d5d2bd01115229","_tpl":"578f87a3245977356274f2cb","upd":{"StackObjectsCount":1}}]}},{"probability":0.38,"template":{"Id":"container_Factory_Rework_DesignStuff_00070","IsContainer":true,"useGravity":false,"randomRotation":false,"Position":{"x":0,"y":0,"z":0},"Rotation":{"x":0,"y":0,"z":0},"IsGroupPosition":false,"GroupPositions":[],"IsAlwaysSpawn":false,"Root":"678ac9cbf1d5d2bd0111522d","Items":[{"_id":"678ac9cbf1d5d2bd0111522d","_tpl":"578f87ad245977356274f2cc","upd":{"StackObjectsCount":1}}]}},{"probability":0.41,"template":{"Id":"container_Factory_Rework_DesignStuff_00008","IsContainer":true,"useGravity":false,"randomRotation":false,"Position":{"x":0,"y":0,"z":0},"Rotation":{"x":0,"y":0,"z":0},"IsGroupPosition":false,"GroupPositions":[],"IsAlwaysSpawn":false,"Root":"678ac9cbf1d5d2bd01115233","Items":[{"_id":"678ac9cbf1d5d2bd01115233","_tpl":"5909d5ef86f77467974efbd8","upd":{"StackObjectsCount":1}}]}},{"probability":1,"template":{"Id":"container_Factory_Eugene_Temp_00003","IsContainer":true,"useGravity":false,"randomRotation":false,"Position":{"x":0,"y":0,"z":0},"Rotation":{"x":0,"y":0,"z":0},"IsGroupPosition":false,"GroupPositions":[],"IsAlwaysSpawn":true,"Root":"678ac9cbf1d5d2bd01115237","Items":[{"_id":"678ac9cbf1d5d2bd01115237","_tpl":"578f8782245977354405a1e3","upd":{"StackObjectsCount":1}}]}},{"probability":1,"template":{"Id":"container_Factory_Rework_DesignStuff_00030","IsContainer":true,"useGravity":false,"randomRotation":false,"Position":{"x":0,"y":0,"z":0},"Rotation":{"x":0,"y":0,"z":0},"IsGroupPosition":false,"GroupPositions":[],"IsAlwaysSpawn":true,"Root":"678ac9cbf1d5d2bd01115241","Items":[{"_id":"678ac9cbf1d5d2bd01115241","_tpl":"578f87b7245977356274f2cd","upd":{"StackObjectsCount":1}}]}},{"probability":1,"template":{"Id":"container_Factory_Rework_DesignStuff_00131","IsContainer":true,"useGravity":false,"randomRotation":false,"Position":{"x":0,"y":0,"z":0},"Rotation":{"x":0,"y":0,"z":0},"IsGroupPosition":false,"GroupPositions":[],"IsAlwaysSpawn":false,"Root":"678ac9cbf1d5d2bd01115245","Items":[{"_id":"678ac9cbf1d5d2bd01115245","_tpl":"6582e6d7b14c3f72eb071420","upd":{"StackObjectsCount":1}}]}},{"probability":0.39,"template":{"Id":"container_Factory_Rework_DesignStuff_00112","IsContainer":true,"useGravity":false,"randomRotation":false,"Position":{"x":0,"y":0,"z":0},"Rotation":{"x":0,"y":0,"z":0},"IsGroupPosition":false,"GroupPositions":[],"IsAlwaysSpawn":true,"Root":"678ac9cbf1d5d2bd01115251","Items":[{"_id":"678ac9cbf1d5d2bd01115251","_tpl":"5909d76c86f77471e53d2adf","upd":{"StackObjectsCount":1}}]}},{"probability":0.52,"template":{"Id":"container_Factory_Rework_DesignStuff_00043","IsContainer":true,"useGravity":false,"randomRotation":false,"Position":{"x":0,"y":0,"z":0},"Rotation":{"x":0,"y":0,"z":0},"IsGroupPosition":false,"GroupPositions":[],"IsAlwaysSpawn":false,"Root":"678ac9cbf1d5d2bd01115257","Items":[{"_id":"678ac9cbf1d5d2bd01115257","_tpl":"578f87ad245977356274f2cc","upd":{"StackObjectsCount":1}}]}},{"probability":0.33,"template":{"Id":"container_Factory_Rework_DesignStuff_00132","IsContainer":true,"useGravity":false,"randomRotation":false,"Position":{"x":0,"y":0,"z":0},"Rotation":{"x":0,"y":0,"z":0},"IsGroupPosition":false,"GroupPositions":[],"IsAlwaysSpawn":false,"Root":"678ac9cbf1d5d2bd01115270","Items":[{"_id":"678ac9cbf1d5d2bd01115270","_tpl":"578f87ad245977356274f2cc","upd":{"StackObjectsCount":1}}]}},{"probability":0.3,"template":{"Id":"container_Factory_Rework_DesignStuff_00103","IsContainer":true,"useGravity":false,"randomRotation":false,"Position":{"x":0,"y":0,"z":0},"Rotation":{"x":0,"y":0,"z":0},"IsGroupPosition":false,"GroupPositions":[],"IsAlwaysSpawn":false,"Root":"678ac9cbf1d5d2bd01115278","Items":[{"_id":"678ac9cbf1d5d2bd01115278","_tpl":"578f87ad245977356274f2cc","upd":{"StackObjectsCount":1}}]}},{"probability":1,"template":{"Id":"container_Factory_Rework_DesignStuff_00035","IsContainer":true,"useGravity":false,"randomRotation":false,"Position":{"x":0,"y":0,"z":0},"Rotation":{"x":0,"y":0,"z":0},"IsGroupPosition":false,"GroupPositions":[],"IsAlwaysSpawn":false,"Root":"678ac9cbf1d5d2bd01115284","Items":[{"_id":"678ac9cbf1d5d2bd01115284","_tpl":"578f8778245977358849a9b5","upd":{"StackObjectsCount":1}}]}},{"probability":1,"template":{"Id":"container_Factory_Rework_DesignStuff_00120","IsContainer":true,"useGravity":false,"randomRotation":false,"Position":{"x":0,"y":0,"z":0},"Rotation":{"x":0,"y":0,"z":0},"IsGroupPosition":false,"GroupPositions":[],"IsAlwaysSpawn":false,"Root":"678ac9cbf1d5d2bd0111528e","Items":[{"_id":"678ac9cbf1d5d2bd0111528e","_tpl":"5909e4b686f7747f5b744fa4","upd":{"StackObjectsCount":1}}]}},{"probability":1,"template":{"Id":"Lootable_00002","IsContainer":true,"useGravity":false,"randomRotation":false,"Position":{"x":0,"y":0,"z":0},"Rotation":{"x":0,"y":0,"z":0},"IsGroupPosition":false,"GroupPositions":[],"IsAlwaysSpawn":false,"Root":"678ac9cbf1d5d2bd01115298","Items":[{"_id":"678ac9cbf1d5d2bd01115298","_tpl":"578f8778245977358849a9b5","upd":{"StackObjectsCount":1}}]}},{"probability":0.3,"template":{"Id":"container_Factory_Rework_DesignStuff_00024","IsContainer":true,"useGravity":false,"randomRotation":false,"Position":{"x":0,"y":0,"z":0},"Rotation":{"x":0,"y":0,"z":0},"IsGroupPosition":false,"GroupPositions":[],"IsAlwaysSpawn":false,"Root":"678ac9cbf1d5d2bd0111529c","Items":[{"_id":"678ac9cbf1d5d2bd0111529c","_tpl":"578f87ad245977356274f2cc","upd":{"StackObjectsCount":1}}]}},{"probability":1,"template":{"Id":"container_Factory_Rework_DesignStuff_00128","IsContainer":true,"useGravity":false,"randomRotation":false,"Position":{"x":0,"y":0,"z":0},"Rotation":{"x":0,"y":0,"z":0},"IsGroupPosition":false,"GroupPositions":[],"IsAlwaysSpawn":false,"Root":"678ac9cbf1d5d2bd011152a8","Items":[{"_id":"678ac9cbf1d5d2bd011152a8","_tpl":"5909d50c86f774659e6aaebe","upd":{"StackObjectsCount":1}}]}},{"probability":1,"template":{"Id":"container_Factory_Rework_Background_00001","IsContainer":true,"useGravity":false,"randomRotation":false,"Position":{"x":0,"y":0,"z":0},"Rotation":{"x":0,"y":0,"z":0},"IsGroupPosition":false,"GroupPositions":[],"IsAlwaysSpawn":false,"Root":"678ac9cbf1d5d2bd011152ae","Items":[{"_id":"678ac9cbf1d5d2bd011152ae","_tpl":"578f87ad245977356274f2cc","upd":{"StackObjectsCount":1}}]}},{"probability":0.54,"template":{"Id":"container_Factory_Rework_DesignStuff_00042","IsContainer":true,"useGravity":false,"randomRotation":false,"Position":{"x":0,"y":0,"z":0},"Rotation":{"x":0,"y":0,"z":0},"IsGroupPosition":false,"GroupPositions":[],"IsAlwaysSpawn":false,"Root":"678ac9cbf1d5d2bd011152b4","Items":[{"_id":"678ac9cbf1d5d2bd011152b4","_tpl":"578f87ad245977356274f2cc","upd":{"StackObjectsCount":1}}]}},{"probability":0.41,"template":{"Id":"container_Factory_Rework_DesignStuff_00001","IsContainer":true,"useGravity":false,"randomRotation":false,"Position":{"x":0,"y":0,"z":0},"Rotation":{"x":0,"y":0,"z":0},"IsGroupPosition":false,"GroupPositions":[],"IsAlwaysSpawn":false,"Root":"678ac9cbf1d5d2bd011152c0","Items":[{"_id":"678ac9cbf1d5d2bd011152c0","_tpl":"5909d5ef86f77467974efbd8","upd":{"StackObjectsCount":1}}]}},{"probability":0.43,"template":{"Id":"container_Factory_Rework_DesignStuff_00091","IsContainer":true,"useGravity":false,"randomRotation":false,"Position":{"x":0,"y":0,"z":0},"Rotation":{"x":0,"y":0,"z":0},"IsGroupPosition":false,"GroupPositions":[],"IsAlwaysSpawn":false,"Root":"678ac9cbf1d5d2bd011152c8","Items":[{"_id":"678ac9cbf1d5d2bd011152c8","_tpl":"578f87a3245977356274f2cb","upd":{"StackObjectsCount":1}}]}},{"probability":1,"template":{"Id":"container_ProfileEditor_00002","IsContainer":true,"useGravity":false,"randomRotation":false,"Position":{"x":0,"y":0,"z":0},"Rotation":{"x":0,"y":0,"z":0},"IsGroupPosition":false,"GroupPositions":[],"IsAlwaysSpawn":false,"Root":"678ac9cbf1d5d2bd011152d0","Items":[{"_id":"678ac9cbf1d5d2bd011152d0","_tpl":"6582e6d7b14c3f72eb071420","upd":{"StackObjectsCount":1}}]}},{"probability":1,"template":{"Id":"00012","IsContainer":true,"useGravity":false,"randomRotation":false,"Position":{"x":0,"y":0,"z":0},"Rotation":{"x":0,"y":0,"z":0},"IsGroupPosition":false,"GroupPositions":[],"IsAlwaysSpawn":true,"Root":"678ac9cbf1d5d2bd011152da","Items":[{"_id":"678ac9cbf1d5d2bd011152da","_tpl":"5d6fd45b86f774317075ed43","upd":{"StackObjectsCount":1}}]}},{"probability":1,"template":{"Id":"container_Factory_Rework_DesignStuff_00038","IsContainer":true,"useGravity":false,"randomRotation":false,"Position":{"x":0,"y":0,"z":0},"Rotation":{"x":0,"y":0,"z":0},"IsGroupPosition":false,"GroupPositions":[],"IsAlwaysSpawn":false,"Root":"678ac9cbf1d5d2bd011152e2","Items":[{"_id":"678ac9cbf1d5d2bd011152e2","_tpl":"578f8778245977358849a9b5","upd":{"StackObjectsCount":1}}]}},{"probability":1,"template":{"Id":"container_Factory_Rework_DesignStuff_00129","IsContainer":true,"useGravity":false,"randomRotation":false,"Position":{"x":0,"y":0,"z":0},"Rotation":{"x":0,"y":0,"z":0},"IsGroupPosition":false,"GroupPositions":[],"IsAlwaysSpawn":false,"Root":"678ac9cbf1d5d2bd011152e6","Items":[{"_id":"678ac9cbf1d5d2bd011152e6","_tpl":"578f87a3245977356274f2cb","upd":{"StackObjectsCount":1}}]}},{"probability":0.3,"template":{"Id":"container_Factory_Rework_DesignStuff_00107","IsContainer":true,"useGravity":false,"randomRotation":false,"Position":{"x":0,"y":0,"z":0},"Rotation":{"x":0,"y":0,"z":0},"IsGroupPosition":false,"GroupPositions":[],"IsAlwaysSpawn":false,"Root":"678ac9cbf1d5d2bd011152ee","Items":[{"_id":"678ac9cbf1d5d2bd011152ee","_tpl":"578f87ad245977356274f2cc","upd":{"StackObjectsCount":1}}]}},{"probability":0.33,"template":{"Id":"container_Factory_Rework_DesignStuff_00110","IsContainer":true,"useGravity":false,"randomRotation":false,"Position":{"x":0,"y":0,"z":0},"Rotation":{"x":0,"y":0,"z":0},"IsGroupPosition":false,"GroupPositions":[],"IsAlwaysSpawn":false,"Root":"678ac9cbf1d5d2bd011152f6","Items":[{"_id":"678ac9cbf1d5d2bd011152f6","_tpl":"5909d50c86f774659e6aaebe","upd":{"StackObjectsCount":1}}]}},{"probability":1,"template":{"Id":"container_Factory_Rework_DesignStuff_00106","IsContainer":true,"useGravity":false,"randomRotation":false,"Position":{"x":0,"y":0,"z":0},"Rotation":{"x":0,"y":0,"z":0},"IsGroupPosition":false,"GroupPositions":[],"IsAlwaysSpawn":false,"Root":"678ac9cbf1d5d2bd011152fa","Items":[{"_id":"678ac9cbf1d5d2bd011152fa","_tpl":"578f8778245977358849a9b5","upd":{"StackObjectsCount":1}}]}},{"probability":0.39,"template":{"Id":"container_Factory_Rework_DesignStuff_00135","IsContainer":true,"useGravity":false,"randomRotation":false,"Position":{"x":0,"y":0,"z":0},"Rotation":{"x":0,"y":0,"z":0},"IsGroupPosition":false,"GroupPositions":[],"IsAlwaysSpawn":true,"Root":"678ac9cbf1d5d2bd01115306","Items":[{"_id":"678ac9cbf1d5d2bd01115306","_tpl":"5909d76c86f77471e53d2adf","upd":{"StackObjectsCount":1}}]}},{"probability":1,"template":{"Id":"Lootable_00000","IsContainer":true,"useGravity":false,"randomRotation":false,"Position":{"x":0,"y":0,"z":0},"Rotation":{"x":0,"y":0,"z":0},"IsGroupPosition":false,"GroupPositions":[],"IsAlwaysSpawn":false,"Root":"678ac9cbf1d5d2bd01115320","Items":[{"_id":"678ac9cbf1d5d2bd01115320","_tpl":"578f8778245977358849a9b5","upd":{"StackObjectsCount":1}}]}},{"probability":1,"template":{"Id":"container_Factory_Rework_DesignStuff_00036","IsContainer":true,"useGravity":false,"randomRotation":false,"Position":{"x":0,"y":0,"z":0},"Rotation":{"x":0,"y":0,"z":0},"IsGroupPosition":false,"GroupPositions":[],"IsAlwaysSpawn":false,"Root":"678ac9cbf1d5d2bd01115324","Items":[{"_id":"678ac9cbf1d5d2bd01115324","_tpl":"578f8778245977358849a9b5","upd":{"StackObjectsCount":1}}]}},{"probability":1,"template":{"Id":"container_Factory_Rework_DesignStuff_00147","IsContainer":true,"useGravity":false,"randomRotation":false,"Position":{"x":0,"y":0,"z":0},"Rotation":{"x":0,"y":0,"z":0},"IsGroupPosition":false,"GroupPositions":[],"IsAlwaysSpawn":false,"Root":"678ac9cbf1d5d2bd01115328","Items":[{"_id":"678ac9cbf1d5d2bd01115328","_tpl":"5909d50c86f774659e6aaebe","upd":{"StackObjectsCount":1}}]}},{"probability":1,"template":{"Id":"container_Factory_Rework_DesignStuff_00028","IsContainer":true,"useGravity":false,"randomRotation":false,"Position":{"x":0,"y":0,"z":0},"Rotation":{"x":0,"y":0,"z":0},"IsGroupPosition":false,"GroupPositions":[],"IsAlwaysSpawn":true,"Root":"678ac9cbf1d5d2bd0111532c","Items":[{"_id":"678ac9cbf1d5d2bd0111532c","_tpl":"578f87b7245977356274f2cd","upd":{"StackObjectsCount":1}}]}},{"probability":1,"template":{"Id":"container_Factory_Rework_DesignStuff_00004","IsContainer":true,"useGravity":false,"randomRotation":false,"Position":{"x":0,"y":0,"z":0},"Rotation":{"x":0,"y":0,"z":0},"IsGroupPosition":false,"GroupPositions":[],"IsAlwaysSpawn":false,"Root":"678ac9cbf1d5d2bd01115330","Items":[{"_id":"678ac9cbf1d5d2bd01115330","_tpl":"6582e6d7b14c3f72eb071420","upd":{"StackObjectsCount":1}}]}},{"probability":1,"template":{"Id":"Lootable_00006","IsContainer":true,"useGravity":false,"randomRotation":false,"Position":{"x":0,"y":0,"z":0},"Rotation":{"x":0,"y":0,"z":0},"IsGroupPosition":false,"GroupPositions":[],"IsAlwaysSpawn":true,"Root":"678ac9cbf1d5d2bd01115334","Items":[{"_id":"678ac9cbf1d5d2bd01115334","_tpl":"578f87b7245977356274f2cd","upd":{"StackObjectsCount":1}}]}},{"probability":0.43,"template":{"Id":"container_Factory_Rework_DesignStuff_00040","IsContainer":true,"useGravity":false,"randomRotation":false,"Position":{"x":0,"y":0,"z":0},"Rotation":{"x":0,"y":0,"z":0},"IsGroupPosition":false,"GroupPositions":[],"IsAlwaysSpawn":false,"Root":"678ac9cbf1d5d2bd01115338","Items":[{"_id":"678ac9cbf1d5d2bd01115338","_tpl":"578f87a3245977356274f2cb","upd":{"StackObjectsCount":1}}]}},{"probability":1,"template":{"Id":"container_City_SW_02_LexOs_blockpost_00024","IsContainer":true,"useGravity":false,"randomRotation":false,"Position":{"x":0,"y":0,"z":0},"Rotation":{"x":0,"y":0,"z":0},"IsGroupPosition":false,"GroupPositions":[],"IsAlwaysSpawn":false,"Root":"678ac9cbf1d5d2bd01115340","Items":[{"_id":"678ac9cbf1d5d2bd01115340","_tpl":"578f8778245977358849a9b5","upd":{"StackObjectsCount":1}}]}},{"probability":1,"template":{"Id":"container_Factory_Rework_DesignStuff_00006","IsContainer":true,"useGravity":false,"randomRotation":false,"Position":{"x":0,"y":0,"z":0},"Rotation":{"x":0,"y":0,"z":0},"IsGroupPosition":false,"GroupPositions":[],"IsAlwaysSpawn":false,"Root":"678ac9cbf1d5d2bd01115344","Items":[{"_id":"678ac9cbf1d5d2bd01115344","_tpl":"578f8778245977358849a9b5","upd":{"StackObjectsCount":1}}]}},{"probability":0.33,"template":{"Id":"container_Factory_Rework_DesignStuff_00117","IsContainer":true,"useGravity":false,"randomRotation":false,"Position":{"x":0,"y":0,"z":0},"Rotation":{"x":0,"y":0,"z":0},"IsGroupPosition":false,"GroupPositions":[],"IsAlwaysSpawn":false,"Root":"678ac9cbf1d5d2bd01115348","Items":[{"_id":"678ac9cbf1d5d2bd01115348","_tpl":"578f87ad245977356274f2cc","upd":{"StackObjectsCount":1}}]}},{"probability":0.33,"template":{"Id":"container_Factory_Rework_DesignStuff_00045","IsContainer":true,"useGravity":false,"randomRotation":false,"Position":{"x":0,"y":0,"z":0},"Rotation":{"x":0,"y":0,"z":0},"IsGroupPosition":false,"GroupPositions":[],"IsAlwaysSpawn":false,"Root":"678ac9cbf1d5d2bd01115352","Items":[{"_id":"678ac9cbf1d5d2bd01115352","_tpl":"578f87ad245977356274f2cc","upd":{"StackObjectsCount":1}}]}},{"probability":1,"template":{"Id":"container_Factory_Rework_DesignStuff_00130","IsContainer":true,"useGravity":false,"randomRotation":false,"Position":{"x":0,"y":0,"z":0},"Rotation":{"x":0,"y":0,"z":0},"IsGroupPosition":false,"GroupPositions":[],"IsAlwaysSpawn":false,"Root":"678ac9cbf1d5d2bd0111535c","Items":[{"_id":"678ac9cbf1d5d2bd0111535c","_tpl":"578f8778245977358849a9b5","upd":{"StackObjectsCount":1}}]}},{"probability":0.34,"template":{"Id":"container_Factory_Rework_DesignStuff_00077","IsContainer":true,"useGravity":false,"randomRotation":false,"Position":{"x":0,"y":0,"z":0},"Rotation":{"x":0,"y":0,"z":0},"IsGroupPosition":false,"GroupPositions":[],"IsAlwaysSpawn":false,"Root":"678ac9cbf1d5d2bd01115360","Items":[{"_id":"678ac9cbf1d5d2bd01115360","_tpl":"5909d50c86f774659e6aaebe","upd":{"StackObjectsCount":1}}]}},{"probability":1,"template":{"Id":"container_Factory_Rework_DesignStuff_00127","IsContainer":true,"useGravity":false,"randomRotation":false,"Position":{"x":0,"y":0,"z":0},"Rotation":{"x":0,"y":0,"z":0},"IsGroupPosition":false,"GroupPositions":[],"IsAlwaysSpawn":false,"Root":"678ac9cbf1d5d2bd01115368","Items":[{"_id":"678ac9cbf1d5d2bd01115368","_tpl":"5909d50c86f774659e6aaebe","upd":{"StackObjectsCount":1}}]}},{"probability":1,"template":{"Id":"container_Factory_Rework_DesignStuff_00032","IsContainer":true,"useGravity":false,"randomRotation":false,"Position":{"x":0,"y":0,"z":0},"Rotation":{"x":0,"y":0,"z":0},"IsGroupPosition":false,"GroupPositions":[],"IsAlwaysSpawn":false,"Root":"678ac9cbf1d5d2bd01115370","Items":[{"_id":"678ac9cbf1d5d2bd01115370","_tpl":"578f8778245977358849a9b5","upd":{"StackObjectsCount":1}}]}},{"probability":1,"template":{"Id":"container_Factory_Rework_DesignStuff_00126","IsContainer":true,"useGravity":false,"randomRotation":false,"Position":{"x":0,"y":0,"z":0},"Rotation":{"x":0,"y":0,"z":0},"IsGroupPosition":false,"GroupPositions":[],"IsAlwaysSpawn":false,"Root":"678ac9cbf1d5d2bd01115386","Items":[{"_id":"678ac9cbf1d5d2bd01115386","_tpl":"5909d50c86f774659e6aaebe","upd":{"StackObjectsCount":1}}]}},{"probability":1,"template":{"Id":"container_Factory_Rework_DesignStuff_00124","IsContainer":true,"useGravity":false,"randomRotation":false,"Position":{"x":0,"y":0,"z":0},"Rotation":{"x":0,"y":0,"z":0},"IsGroupPosition":false,"GroupPositions":[],"IsAlwaysSpawn":false,"Root":"678ac9cbf1d5d2bd0111538a","Items":[{"_id":"678ac9cbf1d5d2bd0111538a","_tpl":"578f8778245977358849a9b5","upd":{"StackObjectsCount":1}}]}},{"probability":1,"template":{"Id":"container_Factory_Rework_DesignStuff_00031","IsContainer":true,"useGravity":false,"randomRotation":false,"Position":{"x":0,"y":0,"z":0},"Rotation":{"x":0,"y":0,"z":0},"IsGroupPosition":false,"GroupPositions":[],"IsAlwaysSpawn":false,"Root":"678ac9cbf1d5d2bd01115392","Items":[{"_id":"678ac9cbf1d5d2bd01115392","_tpl":"578f8778245977358849a9b5","upd":{"StackObjectsCount":1}}]}},{"probability":0.33,"template":{"Id":"container_Factory_Rework_DesignStuff_00097","IsContainer":true,"useGravity":false,"randomRotation":false,"Position":{"x":0,"y":0,"z":0},"Rotation":{"x":0,"y":0,"z":0},"IsGroupPosition":false,"GroupPositions":[],"IsAlwaysSpawn":false,"Root":"678ac9cbf1d5d2bd01115396","Items":[{"_id":"678ac9cbf1d5d2bd01115396","_tpl":"5909d50c86f774659e6aaebe","upd":{"StackObjectsCount":1}}]}},{"probability":0.39,"template":{"Id":"container_Factory_Rework_DesignStuff_00011","IsContainer":true,"useGravity":false,"randomRotation":false,"Position":{"x":0,"y":0,"z":0},"Rotation":{"x":0,"y":0,"z":0},"IsGroupPosition":false,"GroupPositions":[],"IsAlwaysSpawn":false,"Root":"678ac9cbf1d5d2bd0111539e","Items":[{"_id":"678ac9cbf1d5d2bd0111539e","_tpl":"578f87ad245977356274f2cc","upd":{"StackObjectsCount":1}}]}},{"probability":0.38,"template":{"Id":"container_Factory_Rework_DesignStuff_00100","IsContainer":true,"useGravity":false,"randomRotation":false,"Position":{"x":0,"y":0,"z":0},"Rotation":{"x":0,"y":0,"z":0},"IsGroupPosition":false,"GroupPositions":[],"IsAlwaysSpawn":false,"Root":"678ac9cbf1d5d2bd011153a2","Items":[{"_id":"678ac9cbf1d5d2bd011153a2","_tpl":"5909d24f86f77466f56e6855","upd":{"StackObjectsCount":1}}]}},{"probability":1,"template":{"Id":"Lootable_00004","IsContainer":true,"useGravity":false,"randomRotation":false,"Position":{"x":0,"y":0,"z":0},"Rotation":{"x":0,"y":0,"z":0},"IsGroupPosition":false,"GroupPositions":[],"IsAlwaysSpawn":true,"Root":"678ac9cbf1d5d2bd011153a8","Items":[{"_id":"678ac9cbf1d5d2bd011153a8","_tpl":"578f8782245977354405a1e3","upd":{"StackObjectsCount":1}}]}},{"probability":0.33,"template":{"Id":"container_Factory_Rework_DesignStuff_00121","IsContainer":true,"useGravity":false,"randomRotation":false,"Position":{"x":0,"y":0,"z":0},"Rotation":{"x":0,"y":0,"z":0},"IsGroupPosition":false,"GroupPositions":[],"IsAlwaysSpawn":false,"Root":"678ac9cbf1d5d2bd011153b2","Items":[{"_id":"678ac9cbf1d5d2bd011153b2","_tpl":"578f87ad245977356274f2cc","upd":{"StackObjectsCount":1}}]}},{"probability":0.3,"template":{"Id":"container_Factory_Rework_DesignStuff_00083","IsContainer":true,"useGravity":false,"randomRotation":false,"Position":{"x":0,"y":0,"z":0},"Rotation":{"x":0,"y":0,"z":0},"IsGroupPosition":false,"GroupPositions":[],"IsAlwaysSpawn":false,"Root":"678ac9cbf1d5d2bd011153b8","Items":[{"_id":"678ac9cbf1d5d2bd011153b8","_tpl":"5909d36d86f774660f0bb900","upd":{"StackObjectsCount":1}}]}},{"probability":1,"template":{"Id":"container_Factory_Rework_DesignStuff_00039","IsContainer":true,"useGravity":false,"randomRotation":false,"Position":{"x":0,"y":0,"z":0},"Rotation":{"x":0,"y":0,"z":0},"IsGroupPosition":false,"GroupPositions":[],"IsAlwaysSpawn":true,"Root":"678ac9cbf1d5d2bd011153d6","Items":[{"_id":"678ac9cbf1d5d2bd011153d6","_tpl":"5d6fd45b86f774317075ed43","upd":{"StackObjectsCount":1}}]}},{"probability":0.37,"template":{"Id":"container_Factory_Rework_DesignStuff_00021","IsContainer":true,"useGravity":false,"randomRotation":false,"Position":{"x":0,"y":0,"z":0},"Rotation":{"x":0,"y":0,"z":0},"IsGroupPosition":false,"GroupPositions":[],"IsAlwaysSpawn":false,"Root":"678ac9cbf1d5d2bd011153e4","Items":[{"_id":"678ac9cbf1d5d2bd011153e4","_tpl":"5909d24f86f77466f56e6855","upd":{"StackObjectsCount":1}}]}},{"probability":1,"template":{"Id":"container_Factory_Rework_DesignStuff_00037","IsContainer":true,"useGravity":false,"randomRotation":false,"Position":{"x":0,"y":0,"z":0},"Rotation":{"x":0,"y":0,"z":0},"IsGroupPosition":false,"GroupPositions":[],"IsAlwaysSpawn":true,"Root":"678ac9cbf1d5d2bd011153e8","Items":[{"_id":"678ac9cbf1d5d2bd011153e8","_tpl":"5909e4b686f7747f5b744fa4","upd":{"StackObjectsCount":1}}]}},{"probability":1,"template":{"Id":"container_Factory_Rework_DesignStuff_00029","IsContainer":true,"useGravity":false,"randomRotation":false,"Position":{"x":0,"y":0,"z":0},"Rotation":{"x":0,"y":0,"z":0},"IsGroupPosition":false,"GroupPositions":[],"IsAlwaysSpawn":true,"Root":"678ac9cbf1d5d2bd011153f8","Items":[{"_id":"678ac9cbf1d5d2bd011153f8","_tpl":"578f87b7245977356274f2cd","upd":{"StackObjectsCount":1}}]}},{"probability":1,"template":{"Id":"Lootable_00008","IsContainer":true,"useGravity":false,"randomRotation":false,"Position":{"x":0,"y":0,"z":0},"Rotation":{"x":0,"y":0,"z":0},"IsGroupPosition":false,"GroupPositions":[],"IsAlwaysSpawn":true,"Root":"678ac9cbf1d5d2bd011153fc","Items":[{"_id":"678ac9cbf1d5d2bd011153fc","_tpl":"578f87b7245977356274f2cd","upd":{"StackObjectsCount":1}}]}},{"probability":1,"template":{"Id":"container_Factory_Rework_DesignStuff_00122","IsContainer":true,"useGravity":false,"randomRotation":false,"Position":{"x":0,"y":0,"z":0},"Rotation":{"x":0,"y":0,"z":0},"IsGroupPosition":false,"GroupPositions":[],"IsAlwaysSpawn":false,"Root":"678ac9cbf1d5d2bd01115400","Items":[{"_id":"678ac9cbf1d5d2bd01115400","_tpl":"5909e4b686f7747f5b744fa4","upd":{"StackObjectsCount":1}}]}},{"probability":0.33,"template":{"Id":"container_Factory_Rework_DesignStuff_00020","IsContainer":true,"useGravity":false,"randomRotation":false,"Position":{"x":0,"y":0,"z":0},"Rotation":{"x":0,"y":0,"z":0},"IsGroupPosition":false,"GroupPositions":[],"IsAlwaysSpawn":false,"Root":"678ac51ba708d1fa5311beab","Items":[{"_id":"678ac51ba708d1fa5311beab","_tpl":"5909d50c86f774659e6aaebe","upd":{"StackObjectsCount":1}}]}},{"probability":0.41,"template":{"Id":"container_Factory_Rework_DesignStuff_00136","IsContainer":true,"useGravity":false,"randomRotation":false,"Position":{"x":0,"y":0,"z":0},"Rotation":{"x":0,"y":0,"z":0},"IsGroupPosition":false,"GroupPositions":[],"IsAlwaysSpawn":false,"Root":"678ac51ba708d1fa5311beb3","Items":[{"_id":"678ac51ba708d1fa5311beb3","_tpl":"5909d5ef86f77467974efbd8","upd":{"StackObjectsCount":1}}]}},{"probability":0.28,"template":{"Id":"container_Factory_Rework_DesignStuff_00072","IsContainer":true,"useGravity":false,"randomRotation":false,"Position":{"x":0,"y":0,"z":0},"Rotation":{"x":0,"y":0,"z":0},"IsGroupPosition":false,"GroupPositions":[],"IsAlwaysSpawn":false,"Root":"678ac51ba708d1fa5311bec7","Items":[{"_id":"678ac51ba708d1fa5311bec7","_tpl":"5909d36d86f774660f0bb900","upd":{"StackObjectsCount":1}}]}},{"probability":0.22,"template":{"Id":"container_Factory_Rework_DesignStuff_00047","IsContainer":true,"useGravity":false,"randomRotation":false,"Position":{"x":0,"y":0,"z":0},"Rotation":{"x":0,"y":0,"z":0},"IsGroupPosition":false,"GroupPositions":[],"IsAlwaysSpawn":false,"Root":"678ac51ba708d1fa5311bee3","Items":[{"_id":"678ac51ba708d1fa5311bee3","_tpl":"578f87ad245977356274f2cc","upd":{"StackObjectsCount":1}}]}},{"probability":0.37,"template":{"Id":"container_Factory_Rework_DesignStuff_00023","IsContainer":true,"useGravity":false,"randomRotation":false,"Position":{"x":0,"y":0,"z":0},"Rotation":{"x":0,"y":0,"z":0},"IsGroupPosition":false,"GroupPositions":[],"IsAlwaysSpawn":false,"Root":"678ac51ba708d1fa5311bf66","Items":[{"_id":"678ac51ba708d1fa5311bf66","_tpl":"5909d24f86f77466f56e6855","upd":{"StackObjectsCount":1}}]}},{"probability":0.3,"template":{"Id":"container_Factory_Rework_DesignStuff_00061","IsContainer":true,"useGravity":false,"randomRotation":false,"Position":{"x":0,"y":0,"z":0},"Rotation":{"x":0,"y":0,"z":0},"IsGroupPosition":false,"GroupPositions":[],"IsAlwaysSpawn":false,"Root":"678ac51ba708d1fa5311bf80","Items":[{"_id":"678ac51ba708d1fa5311bf80","_tpl":"578f87ad245977356274f2cc","upd":{"StackObjectsCount":1}}]}},{"probability":0.31,"template":{"Id":"container_Factory_Rework_DesignStuff_00087","IsContainer":true,"useGravity":false,"randomRotation":false,"Position":{"x":0,"y":0,"z":0},"Rotation":{"x":0,"y":0,"z":0},"IsGroupPosition":false,"GroupPositions":[],"IsAlwaysSpawn":false,"Root":"678ac51ba708d1fa5311bf8e","Items":[{"_id":"678ac51ba708d1fa5311bf8e","_tpl":"5909d50c86f774659e6aaebe","upd":{"StackObjectsCount":1}}]}},{"probability":0.43,"template":{"Id":"container_Factory_Rework_DesignStuff_00089","IsContainer":true,"useGravity":false,"randomRotation":false,"Position":{"x":0,"y":0,"z":0},"Rotation":{"x":0,"y":0,"z":0},"IsGroupPosition":false,"GroupPositions":[],"IsAlwaysSpawn":false,"Root":"678ac51ba708d1fa5311bfb6","Items":[{"_id":"678ac51ba708d1fa5311bfb6","_tpl":"578f87a3245977356274f2cb","upd":{"StackObjectsCount":1}}]}},{"probability":0.29,"template":{"Id":"container_Factory_Rework_DesignStuff_00082","IsContainer":true,"useGravity":false,"randomRotation":false,"Position":{"x":0,"y":0,"z":0},"Rotation":{"x":0,"y":0,"z":0},"IsGroupPosition":false,"GroupPositions":[],"IsAlwaysSpawn":false,"Root":"678ac51ba708d1fa5311bfcf","Items":[{"_id":"678ac51ba708d1fa5311bfcf","_tpl":"578f87ad245977356274f2cc","upd":{"StackObjectsCount":1}}]}},{"probability":0.38,"template":{"Id":"container_Factory_Rework_DesignStuff_00071","IsContainer":true,"useGravity":false,"randomRotation":false,"Position":{"x":0,"y":0,"z":0},"Rotation":{"x":0,"y":0,"z":0},"IsGroupPosition":false,"GroupPositions":[],"IsAlwaysSpawn":false,"Root":"678ac51ba708d1fa5311c01a","Items":[{"_id":"678ac51ba708d1fa5311c01a","_tpl":"578f87ad245977356274f2cc","upd":{"StackObjectsCount":1}}]}},{"probability":0.33,"template":{"Id":"container_Factory_Rework_DesignStuff_00146","IsContainer":true,"useGravity":false,"randomRotation":false,"Position":{"x":0,"y":0,"z":0},"Rotation":{"x":0,"y":0,"z":0},"IsGroupPosition":false,"GroupPositions":[],"IsAlwaysSpawn":false,"Root":"678ac51ba708d1fa5311c076","Items":[{"_id":"678ac51ba708d1fa5311c076","_tpl":"578f87ad245977356274f2cc","upd":{"StackObjectsCount":1}}]}},{"probability":0.33,"template":{"Id":"container_Factory_Rework_DesignStuff_00118","IsContainer":true,"useGravity":false,"randomRotation":false,"Position":{"x":0,"y":0,"z":0},"Rotation":{"x":0,"y":0,"z":0},"IsGroupPosition":false,"GroupPositions":[],"IsAlwaysSpawn":false,"Root":"678ac51ba708d1fa5311c07a","Items":[{"_id":"678ac51ba708d1fa5311c07a","_tpl":"578f87ad245977356274f2cc","upd":{"StackObjectsCount":1}}]}},{"probability":0.63,"template":{"Id":"container_Factory_Rework_DesignStuff_00148","IsContainer":true,"useGravity":false,"randomRotation":false,"Position":{"x":0,"y":0,"z":0},"Rotation":{"x":0,"y":0,"z":0},"IsGroupPosition":false,"GroupPositions":[],"IsAlwaysSpawn":true,"Root":"678ac51ba708d1fa5311c084","Items":[{"_id":"678ac51ba708d1fa5311c084","_tpl":"66acff0a1d8e1083b303f5af","upd":{"StackObjectsCount":1}}]}},{"probability":0.41,"template":{"Id":"container_Factory_Rework_DesignStuff_00002","IsContainer":true,"useGravity":false,"randomRotation":false,"Position":{"x":0,"y":0,"z":0},"Rotation":{"x":0,"y":0,"z":0},"IsGroupPosition":false,"GroupPositions":[],"IsAlwaysSpawn":false,"Root":"678ac51ba708d1fa5311c0b6","Items":[{"_id":"678ac51ba708d1fa5311c0b6","_tpl":"5909d5ef86f77467974efbd8","upd":{"StackObjectsCount":1}}]}},{"probability":0.32,"template":{"Id":"container_Factory_Rework_DesignStuff_00078","IsContainer":true,"useGravity":false,"randomRotation":false,"Position":{"x":0,"y":0,"z":0},"Rotation":{"x":0,"y":0,"z":0},"IsGroupPosition":false,"GroupPositions":[],"IsAlwaysSpawn":false,"Root":"678ac51ba708d1fa5311c0be","Items":[{"_id":"678ac51ba708d1fa5311c0be","_tpl":"578f87ad245977356274f2cc","upd":{"StackObjectsCount":1}}]}},{"probability":0.37,"template":{"Id":"container_Factory_Rework_DesignStuff_00096","IsContainer":true,"useGravity":false,"randomRotation":false,"Position":{"x":0,"y":0,"z":0},"Rotation":{"x":0,"y":0,"z":0},"IsGroupPosition":false,"GroupPositions":[],"IsAlwaysSpawn":false,"Root":"678ac51ba708d1fa5311c0d0","Items":[{"_id":"678ac51ba708d1fa5311c0d0","_tpl":"578f87ad245977356274f2cc","upd":{"StackObjectsCount":1}}]}},{"probability":0.42,"template":{"Id":"container_Factory_Rework_DesignStuff_00007","IsContainer":true,"useGravity":false,"randomRotation":false,"Position":{"x":0,"y":0,"z":0},"Rotation":{"x":0,"y":0,"z":0},"IsGroupPosition":false,"GroupPositions":[],"IsAlwaysSpawn":false,"Root":"678ac51ba708d1fa5311c0db","Items":[{"_id":"678ac51ba708d1fa5311c0db","_tpl":"5909d5ef86f77467974efbd8","upd":{"StackObjectsCount":1}}]}},{"probability":0.52,"template":{"Id":"container_Factory_Rework_DesignStuff_00056","IsContainer":true,"useGravity":false,"randomRotation":false,"Position":{"x":0,"y":0,"z":0},"Rotation":{"x":0,"y":0,"z":0},"IsGroupPosition":false,"GroupPositions":[],"IsAlwaysSpawn":false,"Root":"678ac51ba708d1fa5311c11b","Items":[{"_id":"678ac51ba708d1fa5311c11b","_tpl":"578f87ad245977356274f2cc","upd":{"StackObjectsCount":1}}]}},{"probability":0.38,"template":{"Id":"container_Factory_Rework_DesignStuff_00010","IsContainer":true,"useGravity":false,"randomRotation":false,"Position":{"x":0,"y":0,"z":0},"Rotation":{"x":0,"y":0,"z":0},"IsGroupPosition":false,"GroupPositions":[],"IsAlwaysSpawn":true,"Root":"678ac51ba708d1fa5311c12b","Items":[{"_id":"678ac51ba708d1fa5311c12b","_tpl":"5909d76c86f77471e53d2adf","upd":{"StackObjectsCount":1}}]}},{"probability":0.3,"template":{"Id":"container_Factory_Rework_DesignStuff_00053","IsContainer":true,"useGravity":false,"randomRotation":false,"Position":{"x":0,"y":0,"z":0},"Rotation":{"x":0,"y":0,"z":0},"IsGroupPosition":false,"GroupPositions":[],"IsAlwaysSpawn":false,"Root":"678ac51ba708d1fa5311c13d","Items":[{"_id":"678ac51ba708d1fa5311c13d","_tpl":"578f87ad245977356274f2cc","upd":{"StackObjectsCount":1}}]}},{"probability":0.37,"template":{"Id":"container_Factory_Rework_DesignStuff_00114","IsContainer":true,"useGravity":false,"randomRotation":false,"Position":{"x":0,"y":0,"z":0},"Rotation":{"x":0,"y":0,"z":0},"IsGroupPosition":false,"GroupPositions":[],"IsAlwaysSpawn":false,"Root":"678ac51ba708d1fa5311c141","Items":[{"_id":"678ac51ba708d1fa5311c141","_tpl":"5909d24f86f77466f56e6855","upd":{"StackObjectsCount":1}}]}},{"probability":0.43,"template":{"Id":"container_Factory_Rework_DesignStuff_00073","IsContainer":true,"useGravity":false,"randomRotation":false,"Position":{"x":0,"y":0,"z":0},"Rotation":{"x":0,"y":0,"z":0},"IsGroupPosition":false,"GroupPositions":[],"IsAlwaysSpawn":false,"Root":"68073ebdef13b6ace30c75f8","Items":[{"_id":"68073ebdef13b6ace30c75f8","_tpl":"578f87a3245977356274f2cb","upd":{"StackObjectsCount":1}}]}},{"probability":0.29,"template":{"Id":"container_Factory_Rework_DesignStuff_00057","IsContainer":true,"useGravity":false,"randomRotation":false,"Position":{"x":0,"y":0,"z":0},"Rotation":{"x":0,"y":0,"z":0},"IsGroupPosition":false,"GroupPositions":[],"IsAlwaysSpawn":false,"Root":"68073ebdef13b6ace30c7600","Items":[{"_id":"68073ebdef13b6ace30c7600","_tpl":"5909d36d86f774660f0bb900","upd":{"StackObjectsCount":1}}]}},{"probability":0.32,"template":{"Id":"container_Factory_Rework_DesignStuff_00104","IsContainer":true,"useGravity":false,"randomRotation":false,"Position":{"x":0,"y":0,"z":0},"Rotation":{"x":0,"y":0,"z":0},"IsGroupPosition":false,"GroupPositions":[],"IsAlwaysSpawn":false,"Root":"68073ebdef13b6ace30c7649","Items":[{"_id":"68073ebdef13b6ace30c7649","_tpl":"5909d50c86f774659e6aaebe","upd":{"StackObjectsCount":1}}]}},{"probability":0.32,"template":{"Id":"container_Factory_Rework_DesignStuff_00115","IsContainer":true,"useGravity":false,"randomRotation":false,"Position":{"x":0,"y":0,"z":0},"Rotation":{"x":0,"y":0,"z":0},"IsGroupPosition":false,"GroupPositions":[],"IsAlwaysSpawn":false,"Root":"68073ebdef13b6ace30c7670","Items":[{"_id":"68073ebdef13b6ace30c7670","_tpl":"5909d50c86f774659e6aaebe","upd":{"StackObjectsCount":1}}]}},{"probability":0.33,"template":{"Id":"container_Factory_Rework_DesignStuff_00080","IsContainer":true,"useGravity":false,"randomRotation":false,"Position":{"x":0,"y":0,"z":0},"Rotation":{"x":0,"y":0,"z":0},"IsGroupPosition":false,"GroupPositions":[],"IsAlwaysSpawn":false,"Root":"68073ebdef13b6ace30c7688","Items":[{"_id":"68073ebdef13b6ace30c7688","_tpl":"578f87ad245977356274f2cc","upd":{"StackObjectsCount":1}}]}},{"probability":0.23,"template":{"Id":"container_Factory_Rework_DesignStuff_00016","IsContainer":true,"useGravity":false,"randomRotation":false,"Position":{"x":0,"y":0,"z":0},"Rotation":{"x":0,"y":0,"z":0},"IsGroupPosition":false,"GroupPositions":[],"IsAlwaysSpawn":false,"Root":"68073ebdef13b6ace30c76cc","Items":[{"_id":"68073ebdef13b6ace30c76cc","_tpl":"578f87ad245977356274f2cc","upd":{"StackObjectsCount":1}}]}},{"probability":0.28,"template":{"Id":"container_Factory_Rework_DesignStuff_00048","IsContainer":true,"useGravity":false,"randomRotation":false,"Position":{"x":0,"y":0,"z":0},"Rotation":{"x":0,"y":0,"z":0},"IsGroupPosition":false,"GroupPositions":[],"IsAlwaysSpawn":false,"Root":"68073ebdef13b6ace30c7736","Items":[{"_id":"68073ebdef13b6ace30c7736","_tpl":"578f87ad245977356274f2cc","upd":{"StackObjectsCount":1}}]}},{"probability":0.32,"template":{"Id":"container_Factory_Rework_DesignStuff_00145","IsContainer":true,"useGravity":false,"randomRotation":false,"Position":{"x":0,"y":0,"z":0},"Rotation":{"x":0,"y":0,"z":0},"IsGroupPosition":false,"GroupPositions":[],"IsAlwaysSpawn":false,"Root":"68073ebdef13b6ace30c776a","Items":[{"_id":"68073ebdef13b6ace30c776a","_tpl":"578f87ad245977356274f2cc","upd":{"StackObjectsCount":1}}]}},{"probability":0.35,"template":{"Id":"container_Factory_Rework_DesignStuff_00099","IsContainer":true,"useGravity":false,"randomRotation":false,"Position":{"x":0,"y":0,"z":0},"Rotation":{"x":0,"y":0,"z":0},"IsGroupPosition":false,"GroupPositions":[],"IsAlwaysSpawn":false,"Root":"68073ebdef13b6ace30c7774","Items":[{"_id":"68073ebdef13b6ace30c7774","_tpl":"5909d24f86f77466f56e6855","upd":{"StackObjectsCount":1}}]}},{"probability":0.21,"template":{"Id":"container_Factory_Rework_DesignStuff_00051","IsContainer":true,"useGravity":false,"randomRotation":false,"Position":{"x":0,"y":0,"z":0},"Rotation":{"x":0,"y":0,"z":0},"IsGroupPosition":false,"GroupPositions":[],"IsAlwaysSpawn":false,"Root":"68073ebdef13b6ace30c77fb","Items":[{"_id":"68073ebdef13b6ace30c77fb","_tpl":"578f87ad245977356274f2cc","upd":{"StackObjectsCount":1}}]}},{"probability":0.32,"template":{"Id":"container_Factory_Rework_DesignStuff_00069","IsContainer":true,"useGravity":false,"randomRotation":false,"Position":{"x":0,"y":0,"z":0},"Rotation":{"x":0,"y":0,"z":0},"IsGroupPosition":false,"GroupPositions":[],"IsAlwaysSpawn":false,"Root":"68073ebdef13b6ace30c7820","Items":[{"_id":"68073ebdef13b6ace30c7820","_tpl":"5909d50c86f774659e6aaebe","upd":{"StackObjectsCount":1}}]}},{"probability":0.3,"template":{"Id":"container_Factory_Rework_DesignStuff_00009","IsContainer":true,"useGravity":false,"randomRotation":false,"Position":{"x":0,"y":0,"z":0},"Rotation":{"x":0,"y":0,"z":0},"IsGroupPosition":false,"GroupPositions":[],"IsAlwaysSpawn":false,"Root":"68073ebdef13b6ace30c782c","Items":[{"_id":"68073ebdef13b6ace30c782c","_tpl":"5909d36d86f774660f0bb900","upd":{"StackObjectsCount":1}}]}},{"probability":0.3,"template":{"Id":"container_Factory_Rework_DesignStuff_00041","IsContainer":true,"useGravity":false,"randomRotation":false,"Position":{"x":0,"y":0,"z":0},"Rotation":{"x":0,"y":0,"z":0},"IsGroupPosition":false,"GroupPositions":[],"IsAlwaysSpawn":false,"Root":"68073ebdef13b6ace30c7872","Items":[{"_id":"68073ebdef13b6ace30c7872","_tpl":"5909d36d86f774660f0bb900","upd":{"StackObjectsCount":1}}]}},{"probability":0.38,"template":{"Id":"container_Factory_Rework_DesignStuff_00013","IsContainer":true,"useGravity":false,"randomRotation":false,"Position":{"x":0,"y":0,"z":0},"Rotation":{"x":0,"y":0,"z":0},"IsGroupPosition":false,"GroupPositions":[],"IsAlwaysSpawn":false,"Root":"68073c638ef55597721390ca","Items":[{"_id":"68073c638ef55597721390ca","_tpl":"578f87ad245977356274f2cc","upd":{"StackObjectsCount":1}}]}},{"probability":0.23,"template":{"Id":"container_Factory_Rework_DesignStuff_00052","IsContainer":true,"useGravity":false,"randomRotation":false,"Position":{"x":0,"y":0,"z":0},"Rotation":{"x":0,"y":0,"z":0},"IsGroupPosition":false,"GroupPositions":[],"IsAlwaysSpawn":false,"Root":"68073c638ef55597721390d4","Items":[{"_id":"68073c638ef55597721390d4","_tpl":"578f87ad245977356274f2cc","upd":{"StackObjectsCount":1}}]}},{"probability":0.42,"template":{"Id":"container_Factory_Rework_DesignStuff_00005","IsContainer":true,"useGravity":false,"randomRotation":false,"Position":{"x":0,"y":0,"z":0},"Rotation":{"x":0,"y":0,"z":0},"IsGroupPosition":false,"GroupPositions":[],"IsAlwaysSpawn":false,"Root":"68073c638ef5559772139102","Items":[{"_id":"68073c638ef5559772139102","_tpl":"5909d5ef86f77467974efbd8","upd":{"StackObjectsCount":1}}]}},{"probability":0.31,"template":{"Id":"container_Factory_Rework_DesignStuff_00092","IsContainer":true,"useGravity":false,"randomRotation":false,"Position":{"x":0,"y":0,"z":0},"Rotation":{"x":0,"y":0,"z":0},"IsGroupPosition":false,"GroupPositions":[],"IsAlwaysSpawn":false,"Root":"68073c638ef55597721391e3","Items":[{"_id":"68073c638ef55597721391e3","_tpl":"5909d50c86f774659e6aaebe","upd":{"StackObjectsCount":1}}]}},{"probability":0.29,"template":{"Id":"Lootable_00003","IsContainer":true,"useGravity":false,"randomRotation":false,"Position":{"x":0,"y":0,"z":0},"Rotation":{"x":0,"y":0,"z":0},"IsGroupPosition":false,"GroupPositions":[],"IsAlwaysSpawn":false,"Root":"68073c638ef5559772139265","Items":[{"_id":"68073c638ef5559772139265","_tpl":"578f87ad245977356274f2cc","upd":{"StackObjectsCount":1}}]}},{"probability":0.39,"template":{"Id":"container_Factory_Rework_DesignStuff_00101","IsContainer":true,"useGravity":false,"randomRotation":false,"Position":{"x":0,"y":0,"z":0},"Rotation":{"x":0,"y":0,"z":0},"IsGroupPosition":false,"GroupPositions":[],"IsAlwaysSpawn":false,"Root":"68073c638ef55597721392b7","Items":[{"_id":"68073c638ef55597721392b7","_tpl":"5909d24f86f77466f56e6855","upd":{"StackObjectsCount":1}}]}},{"probability":0.29,"template":{"Id":"container_Factory_Rework_DesignStuff_00060","IsContainer":true,"useGravity":false,"randomRotation":false,"Position":{"x":0,"y":0,"z":0},"Rotation":{"x":0,"y":0,"z":0},"IsGroupPosition":false,"GroupPositions":[],"IsAlwaysSpawn":false,"Root":"68073c638ef55597721392d9","Items":[{"_id":"68073c638ef55597721392d9","_tpl":"578f87ad245977356274f2cc","upd":{"StackObjectsCount":1}}]}},{"probability":0.33,"template":{"Id":"container_Factory_Rework_DesignStuff_00113","IsContainer":true,"useGravity":false,"randomRotation":false,"Position":{"x":0,"y":0,"z":0},"Rotation":{"x":0,"y":0,"z":0},"IsGroupPosition":false,"GroupPositions":[],"IsAlwaysSpawn":false,"Root":"68073c638ef55597721392f7","Items":[{"_id":"68073c638ef55597721392f7","_tpl":"5909d50c86f774659e6aaebe","upd":{"StackObjectsCount":1}}]}},{"probability":0.29,"template":{"Id":"container_Factory_Rework_DesignStuff_00017","IsContainer":true,"useGravity":false,"randomRotation":false,"Position":{"x":0,"y":0,"z":0},"Rotation":{"x":0,"y":0,"z":0},"IsGroupPosition":false,"GroupPositions":[],"IsAlwaysSpawn":false,"Root":"68073c638ef55597721392ff","Items":[{"_id":"68073c638ef55597721392ff","_tpl":"5909d36d86f774660f0bb900","upd":{"StackObjectsCount":1}}]}},{"probability":0.38,"template":{"Id":"container_Factory_Rework_DesignStuff_00012","IsContainer":true,"useGravity":false,"randomRotation":false,"Position":{"x":0,"y":0,"z":0},"Rotation":{"x":0,"y":0,"z":0},"IsGroupPosition":false,"GroupPositions":[],"IsAlwaysSpawn":false,"Root":"68073c638ef5559772139309","Items":[{"_id":"68073c638ef5559772139309","_tpl":"578f87ad245977356274f2cc","upd":{"StackObjectsCount":1}}]}},{"probability":0.22,"template":{"Id":"container_Factory_Rework_DesignStuff_00062","IsContainer":true,"useGravity":false,"randomRotation":false,"Position":{"x":0,"y":0,"z":0},"Rotation":{"x":0,"y":0,"z":0},"IsGroupPosition":false,"GroupPositions":[],"IsAlwaysSpawn":false,"Root":"68073c638ef555977213932d","Items":[{"_id":"68073c638ef555977213932d","_tpl":"578f87ad245977356274f2cc","upd":{"StackObjectsCount":1}}]}},{"probability":0.23,"template":{"Id":"container_Factory_Rework_DesignStuff_00065","IsContainer":true,"useGravity":false,"randomRotation":false,"Position":{"x":0,"y":0,"z":0},"Rotation":{"x":0,"y":0,"z":0},"IsGroupPosition":false,"GroupPositions":[],"IsAlwaysSpawn":false,"Root":"68073c638ef5559772139349","Items":[{"_id":"68073c638ef5559772139349","_tpl":"578f87ad245977356274f2cc","upd":{"StackObjectsCount":1}}]}},{"probability":0.33,"template":{"Id":"container_Factory_Rework_DesignStuff_00144","IsContainer":true,"useGravity":false,"randomRotation":false,"Position":{"x":0,"y":0,"z":0},"Rotation":{"x":0,"y":0,"z":0},"IsGroupPosition":false,"GroupPositions":[],"IsAlwaysSpawn":false,"Root":"68073c638ef5559772139377","Items":[{"_id":"68073c638ef5559772139377","_tpl":"578f87ad245977356274f2cc","upd":{"StackObjectsCount":1}}]}},{"probability":0.32,"template":{"Id":"container_Factory_Rework_DesignStuff_00075","IsContainer":true,"useGravity":false,"randomRotation":false,"Position":{"x":0,"y":0,"z":0},"Rotation":{"x":0,"y":0,"z":0},"IsGroupPosition":false,"GroupPositions":[],"IsAlwaysSpawn":false,"Root":"68073a0af23d6480cc0bd1fe","Items":[{"_id":"68073a0af23d6480cc0bd1fe","_tpl":"5909d50c86f774659e6aaebe","upd":{"StackObjectsCount":1}}]}},{"probability":0.43,"template":{"Id":"container_Factory_Rework_DesignStuff_00108","IsContainer":true,"useGravity":false,"randomRotation":false,"Position":{"x":0,"y":0,"z":0},"Rotation":{"x":0,"y":0,"z":0},"IsGroupPosition":false,"GroupPositions":[],"IsAlwaysSpawn":false,"Root":"68073a0af23d6480cc0bd21c","Items":[{"_id":"68073a0af23d6480cc0bd21c","_tpl":"578f87a3245977356274f2cb","upd":{"StackObjectsCount":1}}]}},{"probability":0.3,"template":{"Id":"container_Factory_Rework_DesignStuff_00067","IsContainer":true,"useGravity":false,"randomRotation":false,"Position":{"x":0,"y":0,"z":0},"Rotation":{"x":0,"y":0,"z":0},"IsGroupPosition":false,"GroupPositions":[],"IsAlwaysSpawn":false,"Root":"68073a0af23d6480cc0bd226","Items":[{"_id":"68073a0af23d6480cc0bd226","_tpl":"578f87ad245977356274f2cc","upd":{"StackObjectsCount":1}}]}},{"probability":0.32,"template":{"Id":"container_Factory_Rework_DesignStuff_00134","IsContainer":true,"useGravity":false,"randomRotation":false,"Position":{"x":0,"y":0,"z":0},"Rotation":{"x":0,"y":0,"z":0},"IsGroupPosition":false,"GroupPositions":[],"IsAlwaysSpawn":false,"Root":"68073a0af23d6480cc0bd2b1","Items":[{"_id":"68073a0af23d6480cc0bd2b1","_tpl":"5909d50c86f774659e6aaebe","upd":{"StackObjectsCount":1}}]}},{"probability":0.3,"template":{"Id":"container_Factory_Rework_DesignStuff_00093","IsContainer":true,"useGravity":false,"randomRotation":false,"Position":{"x":0,"y":0,"z":0},"Rotation":{"x":0,"y":0,"z":0},"IsGroupPosition":false,"GroupPositions":[],"IsAlwaysSpawn":false,"Root":"68073a0af23d6480cc0bd2bb","Items":[{"_id":"68073a0af23d6480cc0bd2bb","_tpl":"5909d36d86f774660f0bb900","upd":{"StackObjectsCount":1}}]}},{"probability":0.32,"template":{"Id":"container_Factory_Rework_DesignStuff_00141","IsContainer":true,"useGravity":false,"randomRotation":false,"Position":{"x":0,"y":0,"z":0},"Rotation":{"x":0,"y":0,"z":0},"IsGroupPosition":false,"GroupPositions":[],"IsAlwaysSpawn":false,"Root":"68073a0af23d6480cc0bd2e5","Items":[{"_id":"68073a0af23d6480cc0bd2e5","_tpl":"578f87ad245977356274f2cc","upd":{"StackObjectsCount":1}}]}},{"probability":0.29,"template":{"Id":"container_Factory_Rework_DesignStuff_00058","IsContainer":true,"useGravity":false,"randomRotation":false,"Position":{"x":0,"y":0,"z":0},"Rotation":{"x":0,"y":0,"z":0},"IsGroupPosition":false,"GroupPositions":[],"IsAlwaysSpawn":false,"Root":"68073a0af23d6480cc0bd319","Items":[{"_id":"68073a0af23d6480cc0bd319","_tpl":"578f87ad245977356274f2cc","upd":{"StackObjectsCount":1}}]}},{"probability":0.38,"template":{"Id":"container_Factory_Rework_DesignStuff_00109","IsContainer":true,"useGravity":false,"randomRotation":false,"Position":{"x":0,"y":0,"z":0},"Rotation":{"x":0,"y":0,"z":0},"IsGroupPosition":false,"GroupPositions":[],"IsAlwaysSpawn":true,"Root":"68073a0af23d6480cc0bd434","Items":[{"_id":"68073a0af23d6480cc0bd434","_tpl":"5909d76c86f77471e53d2adf","upd":{"StackObjectsCount":1}}]}},{"probability":0.22,"template":{"Id":"container_Factory_Rework_DesignStuff_00054","IsContainer":true,"useGravity":false,"randomRotation":false,"Position":{"x":0,"y":0,"z":0},"Rotation":{"x":0,"y":0,"z":0},"IsGroupPosition":false,"GroupPositions":[],"IsAlwaysSpawn":false,"Root":"678ad7d76a8012316d136675","Items":[{"_id":"678ad7d76a8012316d136675","_tpl":"578f87ad245977356274f2cc","upd":{"StackObjectsCount":1}}]}},{"probability":0.32,"template":{"Id":"container_Factory_Rework_DesignStuff_00123","IsContainer":true,"useGravity":false,"randomRotation":false,"Position":{"x":0,"y":0,"z":0},"Rotation":{"x":0,"y":0,"z":0},"IsGroupPosition":false,"GroupPositions":[],"IsAlwaysSpawn":false,"Root":"678ad7d76a8012316d13668e","Items":[{"_id":"678ad7d76a8012316d13668e","_tpl":"578f87ad245977356274f2cc","upd":{"StackObjectsCount":1}}]}},{"probability":0.22,"template":{"Id":"container_Factory_Rework_DesignStuff_00015","IsContainer":true,"useGravity":false,"randomRotation":false,"Position":{"x":0,"y":0,"z":0},"Rotation":{"x":0,"y":0,"z":0},"IsGroupPosition":false,"GroupPositions":[],"IsAlwaysSpawn":false,"Root":"678ad7d76a8012316d1366e3","Items":[{"_id":"678ad7d76a8012316d1366e3","_tpl":"578f87ad245977356274f2cc","upd":{"StackObjectsCount":1}}]}},{"probability":0.3,"template":{"Id":"container_Factory_Rework_DesignStuff_00059","IsContainer":true,"useGravity":false,"randomRotation":false,"Position":{"x":0,"y":0,"z":0},"Rotation":{"x":0,"y":0,"z":0},"IsGroupPosition":false,"GroupPositions":[],"IsAlwaysSpawn":false,"Root":"678ad7d76a8012316d136720","Items":[{"_id":"678ad7d76a8012316d136720","_tpl":"578f87ad245977356274f2cc","upd":{"StackObjectsCount":1}}]}},{"probability":0.43,"template":{"Id":"container_Factory_Rework_DesignStuff_00098","IsContainer":true,"useGravity":false,"randomRotation":false,"Position":{"x":0,"y":0,"z":0},"Rotation":{"x":0,"y":0,"z":0},"IsGroupPosition":false,"GroupPositions":[],"IsAlwaysSpawn":false,"Root":"678ad7d76a8012316d136782","Items":[{"_id":"678ad7d76a8012316d136782","_tpl":"578f87a3245977356274f2cb","upd":{"StackObjectsCount":1}}]}},{"probability":0.42,"template":{"Id":"container_Factory_Rework_DesignStuff_00102","IsContainer":true,"useGravity":false,"randomRotation":false,"Position":{"x":0,"y":0,"z":0},"Rotation":{"x":0,"y":0,"z":0},"IsGroupPosition":false,"GroupPositions":[],"IsAlwaysSpawn":false,"Root":"678ad7d76a8012316d136786","Items":[{"_id":"678ad7d76a8012316d136786","_tpl":"578f87a3245977356274f2cb","upd":{"StackObjectsCount":1}}]}},{"probability":0.29,"template":{"Id":"container_Factory_Rework_DesignStuff_00066","IsContainer":true,"useGravity":false,"randomRotation":false,"Position":{"x":0,"y":0,"z":0},"Rotation":{"x":0,"y":0,"z":0},"IsGroupPosition":false,"GroupPositions":[],"IsAlwaysSpawn":false,"Root":"678ad7d76a8012316d13679e","Items":[{"_id":"678ad7d76a8012316d13679e","_tpl":"578f87ad245977356274f2cc","upd":{"StackObjectsCount":1}}]}},{"probability":0.43,"template":{"Id":"container_Test_for_export_00000","IsContainer":true,"useGravity":false,"randomRotation":false,"Position":{"x":0,"y":0,"z":0},"Rotation":{"x":0,"y":0,"z":0},"IsGroupPosition":false,"GroupPositions":[],"IsAlwaysSpawn":false,"Root":"678ad7d76a8012316d1367b0","Items":[{"_id":"678ad7d76a8012316d1367b0","_tpl":"578f87a3245977356274f2cb","upd":{"StackObjectsCount":1}}]}},{"probability":0.34,"template":{"Id":"container_Factory_Rework_DesignStuff_00140","IsContainer":true,"useGravity":false,"randomRotation":false,"Position":{"x":0,"y":0,"z":0},"Rotation":{"x":0,"y":0,"z":0},"IsGroupPosition":false,"GroupPositions":[],"IsAlwaysSpawn":false,"Root":"678ad7d76a8012316d1367be","Items":[{"_id":"678ad7d76a8012316d1367be","_tpl":"578f87ad245977356274f2cc","upd":{"StackObjectsCount":1}}]}},{"probability":0.28,"template":{"Id":"container_Factory_Rework_DesignStuff_00025","IsContainer":true,"useGravity":false,"randomRotation":false,"Position":{"x":0,"y":0,"z":0},"Rotation":{"x":0,"y":0,"z":0},"IsGroupPosition":false,"GroupPositions":[],"IsAlwaysSpawn":false,"Root":"678ad7d76a8012316d1367cc","Items":[{"_id":"678ad7d76a8012316d1367cc","_tpl":"578f87ad245977356274f2cc","upd":{"StackObjectsCount":1}}]}},{"probability":0.31,"template":{"Id":"container_Factory_Rework_DesignStuff_00086","IsContainer":true,"useGravity":false,"randomRotation":false,"Position":{"x":0,"y":0,"z":0},"Rotation":{"x":0,"y":0,"z":0},"IsGroupPosition":false,"GroupPositions":[],"IsAlwaysSpawn":false,"Root":"678ad7d76a8012316d1367d4","Items":[{"_id":"678ad7d76a8012316d1367d4","_tpl":"5909d50c86f774659e6aaebe","upd":{"StackObjectsCount":1}}]}},{"probability":0.32,"template":{"Id":"container_Factory_Rework_DesignStuff_00090","IsContainer":true,"useGravity":false,"randomRotation":false,"Position":{"x":0,"y":0,"z":0},"Rotation":{"x":0,"y":0,"z":0},"IsGroupPosition":false,"GroupPositions":[],"IsAlwaysSpawn":false,"Root":"678ad7d76a8012316d1367e0","Items":[{"_id":"678ad7d76a8012316d1367e0","_tpl":"5909d50c86f774659e6aaebe","upd":{"StackObjectsCount":1}}]}},{"probability":0.42,"template":{"Id":"container_Factory_Rework_DesignStuff_00074","IsContainer":true,"useGravity":false,"randomRotation":false,"Position":{"x":0,"y":0,"z":0},"Rotation":{"x":0,"y":0,"z":0},"IsGroupPosition":false,"GroupPositions":[],"IsAlwaysSpawn":false,"Root":"678ad7d76a8012316d13681a","Items":[{"_id":"678ad7d76a8012316d13681a","_tpl":"5909d5ef86f77467974efbd8","upd":{"StackObjectsCount":1}}]}},{"probability":0.53,"template":{"Id":"container_Factory_Rework_DesignStuff_00055","IsContainer":true,"useGravity":false,"randomRotation":false,"Position":{"x":0,"y":0,"z":0},"Rotation":{"x":0,"y":0,"z":0},"IsGroupPosition":false,"GroupPositions":[],"IsAlwaysSpawn":false,"Root":"678ad7d76a8012316d136858","Items":[{"_id":"678ad7d76a8012316d136858","_tpl":"578f87ad245977356274f2cc","upd":{"StackObjectsCount":1}}]}},{"probability":0.22,"template":{"Id":"container_Factory_Rework_DesignStuff_00064","IsContainer":true,"useGravity":false,"randomRotation":false,"Position":{"x":0,"y":0,"z":0},"Rotation":{"x":0,"y":0,"z":0},"IsGroupPosition":false,"GroupPositions":[],"IsAlwaysSpawn":false,"Root":"678ad7d76a8012316d1368a1","Items":[{"_id":"678ad7d76a8012316d1368a1","_tpl":"578f87ad245977356274f2cc","upd":{"StackObjectsCount":1}}]}},{"probability":0.32,"template":{"Id":"container_Factory_Rework_DesignStuff_00105","IsContainer":true,"useGravity":false,"randomRotation":false,"Position":{"x":0,"y":0,"z":0},"Rotation":{"x":0,"y":0,"z":0},"IsGroupPosition":false,"GroupPositions":[],"IsAlwaysSpawn":false,"Root":"678ad7d76a8012316d1368d3","Items":[{"_id":"678ad7d76a8012316d1368d3","_tpl":"5909d50c86f774659e6aaebe","upd":{"StackObjectsCount":1}}]}},{"probability":0.32,"template":{"Id":"container_Factory_Rework_DesignStuff_00076","IsContainer":true,"useGravity":false,"randomRotation":false,"Position":{"x":0,"y":0,"z":0},"Rotation":{"x":0,"y":0,"z":0},"IsGroupPosition":false,"GroupPositions":[],"IsAlwaysSpawn":false,"Root":"678ad7d76a8012316d136916","Items":[{"_id":"678ad7d76a8012316d136916","_tpl":"5909d50c86f774659e6aaebe","upd":{"StackObjectsCount":1}}]}},{"probability":0.3,"template":{"Id":"container_Factory_Rework_DesignStuff_00085","IsContainer":true,"useGravity":false,"randomRotation":false,"Position":{"x":0,"y":0,"z":0},"Rotation":{"x":0,"y":0,"z":0},"IsGroupPosition":false,"GroupPositions":[],"IsAlwaysSpawn":false,"Root":"680730ac25b27a7e80136efd","Items":[{"_id":"680730ac25b27a7e80136efd","_tpl":"5909d36d86f774660f0bb900","upd":{"StackObjectsCount":1}}]}},{"probability":0.32,"template":{"Id":"container_Factory_Rework_DesignStuff_00019","IsContainer":true,"useGravity":false,"randomRotation":false,"Position":{"x":0,"y":0,"z":0},"Rotation":{"x":0,"y":0,"z":0},"IsGroupPosition":false,"GroupPositions":[],"IsAlwaysSpawn":false,"Root":"680730ac25b27a7e80136fdd","Items":[{"_id":"680730ac25b27a7e80136fdd","_tpl":"5909d50c86f774659e6aaebe","upd":{"StackObjectsCount":1}}]}},{"probability":0.22,"template":{"Id":"container_Factory_Rework_DesignStuff_00063","IsContainer":true,"useGravity":false,"randomRotation":false,"Position":{"x":0,"y":0,"z":0},"Rotation":{"x":0,"y":0,"z":0},"IsGroupPosition":false,"GroupPositions":[],"IsAlwaysSpawn":false,"Root":"680724f4b2cbc8887d05aba5","Items":[{"_id":"680724f4b2cbc8887d05aba5","_tpl":"578f87ad245977356274f2cc","upd":{"StackObjectsCount":1}}]}},{"probability":0.35,"template":{"Id":"container_Factory_Rework_DesignStuff_00022","IsContainer":true,"useGravity":false,"randomRotation":false,"Position":{"x":0,"y":0,"z":0},"Rotation":{"x":0,"y":0,"z":0},"IsGroupPosition":false,"GroupPositions":[],"IsAlwaysSpawn":false,"Root":"6807274dae64b997a405c8ef","Items":[{"_id":"6807274dae64b997a405c8ef","_tpl":"5909d24f86f77466f56e6855","upd":{"StackObjectsCount":1}}]}},{"probability":0.23,"template":{"Id":"container_Factory_Rework_DesignStuff_00014","IsContainer":true,"useGravity":false,"randomRotation":false,"Position":{"x":0,"y":0,"z":0},"Rotation":{"x":0,"y":0,"z":0},"IsGroupPosition":false,"GroupPositions":[],"IsAlwaysSpawn":false,"Root":"6807274dae64b997a405c9da","Items":[{"_id":"6807274dae64b997a405c9da","_tpl":"578f87ad245977356274f2cc","upd":{"StackObjectsCount":1}}]}},{"probability":0.32,"template":{"Id":"container_Factory_Rework_DesignStuff_00139","IsContainer":true,"useGravity":false,"randomRotation":false,"Position":{"x":0,"y":0,"z":0},"Rotation":{"x":0,"y":0,"z":0},"IsGroupPosition":false,"GroupPositions":[],"IsAlwaysSpawn":false,"Root":"68071ded407f3c6ff0042aa2","Items":[{"_id":"68071ded407f3c6ff0042aa2","_tpl":"578f87ad245977356274f2cc","upd":{"StackObjectsCount":1}}]}},{"probability":0.29,"template":{"Id":"container_Factory_Rework_DesignStuff_00133","IsContainer":true,"useGravity":false,"randomRotation":false,"Position":{"x":0,"y":0,"z":0},"Rotation":{"x":0,"y":0,"z":0},"IsGroupPosition":false,"GroupPositions":[],"IsAlwaysSpawn":false,"Root":"6807067de901c1c33b0fd931","Items":[{"_id":"6807067de901c1c33b0fd931","_tpl":"5909d36d86f774660f0bb900","upd":{"StackObjectsCount":1}}]}}],"staticForced":[]}