[
  {
    "Chance": 100.0,
    "ChancePVE": 100.0,
    "Count": 5000,
    "CountPve": 0,
    "EntryPoints": "west,east",
    "EventAvailable": false,
    "ExfiltrationTime": 60.0,
    "ExfiltrationTimePVE": 60.0,
    "ExfiltrationType": "SharedTimer",
    "Id": "5449016a4bdc2d6f028b456f",
    "MinTime": 0.0,
    "MinTimePVE": 0.0,
    "MaxTime": 0.0,
    "MaxTimePVE": 0.0,
    "Name": "Sandbox_VExit",
    "PassageRequirement": "TransferItem",
    "PlayersCount": 4,
    "PlayersCountPVE": 4,
    "RequiredSlot": "FirstPrimaryWeapon",
    "RequirementTip": "EXFIL_Item",
    "Side": "Pmc"
  },
  {
    "Chance": 100.0,
    "ChancePVE": 100.0,
    "Count": 0,
    "CountPve": 0,
    "EntryPoints": "east",
    "EventAvailable": false,
    "ExfiltrationTime": 8.0,
    "ExfiltrationTimePVE": 8.0,
    "ExfiltrationType": "Individual",
    "Id": "",
    "MinTime": 0.0,
    "MinTimePVE": 0.0,
    "MaxTime": 0.0,
    "MaxTimePVE": 0.0,
    "Name": "Unity_free_exit",
    "PassageRequirement": "None",
    "PlayersCount": 0,
    "PlayersCountPVE": 0,
    "RequiredSlot": "FirstPrimaryWeapon",
    "RequirementTip": "",
    "Side": "Pmc"
  },
  {
    "Chance": 100.0,
    "ChancePVE": 100.0,
    "Count": 0,
    "CountPve": 0,
    "EntryPoints": "west,east",
    "EventAvailable": false,
    "ExfiltrationTime": 8.0,
    "ExfiltrationTimePVE": 8.0,
    "ExfiltrationType": "SharedTimer",
    "Id": "",
    "MinTime": 0.0,
    "MinTimePVE": 0.0,
    "MaxTime": 0.0,
    "MaxTimePVE": 0.0,
    "Name": "Scav_coop_exit",
    "PassageRequirement": "ScavCooperation",
    "PlayersCount": 0,
    "PlayersCountPVE": 0,
    "RequiredSlot": "FirstPrimaryWeapon",
    "RequirementTip": "EXFIL_Cooperate",
    "Side": "Coop"
  },
  {
    "Chance": 100.0,
    "ChancePVE": 100.0,
    "Count": 0,
    "CountPve": 0,
    "EntryPoints": "west",
    "EventAvailable": false,
    "ExfiltrationTime": 8.0,
    "ExfiltrationTimePVE": 8.0,
    "ExfiltrationType": "Individual",
    "Id": "",
    "MinTime": 0.0,
    "MinTimePVE": 0.0,
    "MaxTime": 0.0,
    "MaxTimePVE": 0.0,
    "Name": "Nakatani_stairs_free_exit",
    "PassageRequirement": "None",
    "PlayersCount": 0,
    "PlayersCountPVE": 0,
    "RequiredSlot": "FirstPrimaryWeapon",
    "RequirementTip": "",
    "Side": "Pmc"
  },
  {
    "Chance": 100.0,
    "ChancePVE": 100.0,
    "Count": 0,
    "CountPve": 0,
    "EntryPoints": "west,east",
    "EventAvailable": false,
    "ExfiltrationTime": 6.0,
    "ExfiltrationTimePVE": 6.0,
    "ExfiltrationType": "Individual",
    "Id": "",
    "MinTime": 0.0,
    "MinTimePVE": 0.0,
    "MaxTime": 0.0,
    "MaxTimePVE": 0.0,
    "Name": "Sniper_exit",
    "PassageRequirement": "None",
    "PlayersCount": 0,
    "PlayersCountPVE": 0,
    "RequiredSlot": "FirstPrimaryWeapon",
    "RequirementTip": "",
    "Side": "Pmc"
  },
  {
    "Chance": 100.0,
    "ChancePVE": 100.0,
    "Count": 0,
    "CountPve": 0,
    "EntryPoints": "east",
    "EventAvailable": false,
    "ExfiltrationTime": 8.0,
    "ExfiltrationTimePVE": 8.0,
    "ExfiltrationType": "Individual",
    "Id": "",
    "MinTime": 0.0,
    "MinTimePVE": 0.0,
    "MaxTime": 0.0,
    "MaxTimePVE": 0.0,
    "Name": "Unity_free_exit",
    "PassageRequirement": "None",
    "PlayersCount": 0,
    "PlayersCountPVE": 0,
    "RequiredSlot": "FirstPrimaryWeapon",
    "RequirementTip": "",
    "Side": "Scav"
  },
  {
    "Chance": 100.0,
    "ChancePVE": 100.0,
    "Count": 0,
    "CountPve": 0,
    "EntryPoints": "west",
    "EventAvailable": false,
    "ExfiltrationTime": 8.0,
    "ExfiltrationTimePVE": 8.0,
    "ExfiltrationType": "Individual",
    "Id": "",
    "MinTime": 0.0,
    "MinTimePVE": 0.0,
    "MaxTime": 0.0,
    "MaxTimePVE": 0.0,
    "Name": "Nakatani_stairs_free_exit",
    "PassageRequirement": "None",
    "PlayersCount": 0,
    "PlayersCountPVE": 0,
    "RequiredSlot": "FirstPrimaryWeapon",
    "RequirementTip": "",
    "Side": "Scav"
  }
]