{
  "containersGroups": {
    "sandbox_bag_sport_N15_5": {
      "minContainers": 0,
      "maxContainers": 1
    },
    "sandbox_bag_sport_N18_6": {
      "minContainers": 0,
      "maxContainers": 1
    },
    "sandbox_bag_sport_N22_6": {
      "minContainers": 0,
      "maxContainers": 1
    },
    "sandbox_Plastic_suitcase_64_open_P_N34_4": {
      "minContainers": 0,
      "maxContainers": 1
    },
    "sandbox_bag_sport_N3_5": {
      "minContainers": 0,
      "maxContainers": 1
    },
    "sandbox_bag_sport_N47_2": {
      "minContainers": 0,
      "maxContainers": 1
    },
    "FromArt_containerGroup": {
      "minContainers": 20,
      "maxContainers": 30
    },
    "FromArt2ndIteration_containerGroup": {
      "minContainers": 25,
      "maxContainers": 32
    },
    "sandbox_bag_sport_N4_6": {
      "minContainers": 0,
      "maxContainers": 1
    },
    "sandbox_bag_sport_N42_4": {
      "minContainers": 0,
      "maxContainers": 1
    },
    "sandbox_scontainer_toolbox_N49_3": {
      "minContainers": 1,
      "maxContainers": 2
    },
    "sandbox_Plastic_suitcase_140_open_P_N35_4": {
      "minContainers": 0,
      "maxContainers": 1
    },
    "sandbox_bag_sport_N6_6": {
      "minContainers": 0,
      "maxContainers": 1
    },
    "sandbox_bag_sport_N23_6": {
      "minContainers": 1,
      "maxContainers": 2
    },
    "sandbox_bag_sport_N26_3": {
      "minContainers": 0,
      "maxContainers": 1
    },
    "sandbox_bag_sport_N11_6": {
      "minContainers": 0,
      "maxContainers": 1
    },
    "sandbox_bag_sport_N30_5": {
      "minContainers": 0,
      "maxContainers": 1
    },
    "sandbox_bag_sport_N1_6": {
      "minContainers": 1,
      "maxContainers": 2
    },
    "sandbox_scontainer_toolbox_N25_4": {
      "minContainers": 1,
      "maxContainers": 2
    },
    "sandbox_scontainer_toolbox_N14_3": {
      "minContainers": 1,
      "maxContainers": 2
    },
    "sandbox_bag_sport_N19_10": {
      "minContainers": 0,
      "maxContainers": 1
    },
    "lift_parking_N51_4_sandbox": {
      "minContainers": 0,
      "maxContainers": 1
    },
    "sandbox_bag_sport_N17_6": {
      "minContainers": 0,
      "maxContainers": 1
    },
    "sandbox_bag_sport_N2_6": {
      "minContainers": 0,
      "maxContainers": 1
    },
    "sandbox_bag_sport_N21_5": {
      "minContainers": 0,
      "maxContainers": 1
    },
    "sandbox_bag_sport_N24_3": {
      "minContainers": 0,
      "maxContainers": 1
    },
    "sandbox_weapon_box_N41_3": {
      "minContainers": 1,
      "maxContainers": 2
    },
    "sandbox_container_supplyBox_lootable_medicine_N39_2": {
      "minContainers": 1,
      "maxContainers": 2
    },
    "sandbox_scontainer_toolbox_N27_5": {
      "minContainers": 0,
      "maxContainers": 1
    },
    "sandbox_scontainer_toolbox_N45_3": {
      "minContainers": 1,
      "maxContainers": 2
    },
    "sandbox_bag_sport_N37_4": {
      "minContainers": 0,
      "maxContainers": 1
    },
    "sandbox_container_supplyBox_lootable_tools_N33_3": {
      "minContainers": 1,
      "maxContainers": 2
    },
    "sandbox_scontainer_medbag_N7_5": {
      "minContainers": 1,
      "maxContainers": 2
    },
    "sandbox_scontainer_toolbox_N9_4": {
      "minContainers": 0,
      "maxContainers": 1
    },
    "sandbox_bag_sport_N38_4": {
      "minContainers": 0,
      "maxContainers": 1
    },
    "sandbox_container_supplyBox_lootable_tools_N32_3": {
      "minContainers": 1,
      "maxContainers": 2
    },
    "sandbox_bag_sport_N29_5": {
      "minContainers": 0,
      "maxContainers": 1
    },
    "sandbox_bag_sport_N28_7": {
      "minContainers": 1,
      "maxContainers": 2
    },
    "sandbox_bag_sport_N10_6": {
      "minContainers": 1,
      "maxContainers": 2
    },
    "sandbox_container_supplyBox_lootable_tools_N40_2": {
      "minContainers": 1,
      "maxContainers": 2
    },
    "sandbox_weapon_box_N36_3": {
      "minContainers": 1,
      "maxContainers": 2
    },
    "sandbox_bag_sport_N48_4": {
      "minContainers": 0,
      "maxContainers": 1
    },
    "sandbox_bag_sport_N31_5": {
      "minContainers": 0,
      "maxContainers": 1
    },
    "sandbox_bag_sport_N20_5": {
      "minContainers": 1,
      "maxContainers": 2
    },
    "sandbox_scontainer_toolbox_N44_3": {
      "minContainers": 1,
      "maxContainers": 2
    },
    "sandbox_bag_sport_N13_5": {
      "minContainers": 0,
      "maxContainers": 1
    },
    "sandbox_bag_sport_N12_5": {
      "minContainers": 0,
      "maxContainers": 1
    },
    "sandbox_scontainer_toolbox_N16_3": {
      "minContainers": 1,
      "maxContainers": 2
    },
    "sandbox_bag_sport_N50_4": {
      "minContainers": 0,
      "maxContainers": 1
    },
    "sandbox_container_supplyBox_lootable_food_N8_2": {
      "minContainers": 0,
      "maxContainers": 1
    },
    "sandbox_scontainer_toolbox_N46_3": {
      "minContainers": 1,
      "maxContainers": 2
    },
    "sandbox_bag_sport_N5_5": {
      "minContainers": 0,
      "maxContainers": 1
    },
    "sandbox_bag_sport_N43_3": {
      "minContainers": 0,
      "maxContainers": 2
    }
  },
  "containers": {
    "container_Sandbox_Design_Stuff_00049": {
      "groupId": ""
    },
    "container_Sandbox_Design_Stuff_00048": {
      "groupId": ""
    },
    "container_Sandbox_Design_Stuff_00050": {
      "groupId": ""
    },
    "container_Sandbox_Design_Stuff_00051": {
      "groupId": ""
    },
    "container_Sandbox_Design_Stuff_00101": {
      "groupId": ""
    },
    "container_Sandbox_Design_Stuff_00100": {
      "groupId": ""
    },
    "container_Sandbox_Design_Stuff_00098": {
      "groupId": ""
    },
    "container_Sandbox_Design_Stuff_00099": {
      "groupId": ""
    },
    "container_Sandbox_Design_Stuff_00024": {
      "groupId": ""
    },
    "container_Sandbox_Design_Stuff_00025": {
      "groupId": ""
    },
    "container_Sandbox_Design_Stuff_00027": {
      "groupId": ""
    },
    "container_Sandbox_Design_Stuff_00026": {
      "groupId": ""
    },
    "container_Sandbox_Design_Stuff_00116": {
      "groupId": ""
    },
    "container_Sandbox_Design_Stuff_00115": {
      "groupId": ""
    },
    "container_Sandbox_Design_Stuff_00117": {
      "groupId": ""
    },
    "container_Sandbox_Design_Stuff_00118": {
      "groupId": ""
    },
    "container_Sandbox_Design_Stuff_00125": {
      "groupId": ""
    },
    "container_Sandbox_Design_Stuff_00126": {
      "groupId": ""
    },
    "container_Sandbox_Design_Stuff_00128": {
      "groupId": ""
    },
    "container_Sandbox_Design_Stuff_00127": {
      "groupId": ""
    },
    "container_Sandbox_Design_Stuff_00054": {
      "groupId": ""
    },
    "container_Sandbox_Design_Stuff_00055": {
      "groupId": ""
    },
    "container_Sandbox_Design_Stuff_00053": {
      "groupId": ""
    },
    "container_Sandbox_Design_Stuff_00052": {
      "groupId": ""
    },
    "container_Sandbox_Design_Stuff_00077": {
      "groupId": ""
    },
    "container_Sandbox_Design_Stuff_00078": {
      "groupId": ""
    },
    "container_Sandbox_Design_Stuff_00080": {
      "groupId": ""
    },
    "container_Sandbox_Design_Stuff_00079": {
      "groupId": ""
    },
    "container_Sandbox_Design_Stuff_00047": {
      "groupId": ""
    },
    "container_Sandbox_Design_Stuff_00046": {
      "groupId": ""
    },
    "container_Sandbox_Design_Stuff_00044": {
      "groupId": ""
    },
    "container_Sandbox_Design_Stuff_00045": {
      "groupId": ""
    },
    "container_Sandbox_Design_Stuff_00092": {
      "groupId": ""
    },
    "container_Sandbox_Design_Stuff_00091": {
      "groupId": ""
    },
    "container_Sandbox_Design_Stuff_00089": {
      "groupId": ""
    },
    "container_Sandbox_Design_Stuff_00090": {
      "groupId": ""
    },
    "container_Sandbox_Design_Stuff_00145": {
      "groupId": ""
    },
    "container_Sandbox_Design_Stuff_00146": {
      "groupId": ""
    },
    "container_Sandbox_Design_Stuff_00148": {
      "groupId": ""
    },
    "container_Sandbox_Design_Stuff_00147": {
      "groupId": ""
    },
    "Lootable_00000": {
      "groupId": ""
    },
    "container_Sandbox_Design_Stuff_00159": {
      "groupId": ""
    },
    "container_Sandbox_Design_Stuff_00160": {
      "groupId": ""
    },
    "container_Sandbox_Design_Stuff_00162": {
      "groupId": ""
    },
    "container_Sandbox_Design_Stuff_00161": {
      "groupId": ""
    },
    "container_Sandbox_Design_Stuff_00032": {
      "groupId": ""
    },
    "container_Sandbox_Design_Stuff_00033": {
      "groupId": ""
    },
    "container_Sandbox_Design_Stuff_00087": {
      "groupId": ""
    },
    "container_Sandbox_Design_Stuff_00088": {
      "groupId": ""
    },
    "container_Sandbox_Design_Stuff_00086": {
      "groupId": ""
    },
    "container_Sandbox_Design_Stuff_00085": {
      "groupId": ""
    },
    "container_Sandbox_Design_Stuff_00030": {
      "groupId": ""
    },
    "container_Sandbox_Design_Stuff_00029": {
      "groupId": ""
    },
    "container_Sandbox_Design_Stuff_00028": {
      "groupId": ""
    },
    "Lootable_00008": {
      "groupId": ""
    },
    "Lootable_00007": {
      "groupId": ""
    },
    "Lootable_00005": {
      "groupId": ""
    },
    "Lootable_00006": {
      "groupId": ""
    },
    "container_Sandbox_Design_Stuff_00136": {
      "groupId": ""
    },
    "container_Sandbox_Design_Stuff_00137": {
      "groupId": ""
    },
    "container_Sandbox_Design_Stuff_00135": {
      "groupId": ""
    },
    "container_Sandbox_Design_Stuff_00134": {
      "groupId": ""
    },
    "Lootable_00002": {
      "groupId": ""
    },
    "container_Sandbox_Design_Stuff_00142": {
      "groupId": ""
    },
    "container_Sandbox_Design_Stuff_00141": {
      "groupId": ""
    },
    "container_Sandbox_Design_Stuff_00143": {
      "groupId": ""
    },
    "container_Sandbox_Design_Stuff_00144": {
      "groupId": ""
    },
    "container_Sandbox_Design_Stuff_00042": {
      "groupId": ""
    },
    "container_Sandbox_Design_Stuff_00043": {
      "groupId": ""
    },
    "container_Sandbox_Design_Stuff_00041": {
      "groupId": ""
    },
    "container_Sandbox_Design_Stuff_00040": {
      "groupId": ""
    },
    "container_Sandbox_Design_Stuff_00084": {
      "groupId": ""
    },
    "container_Sandbox_Design_Stuff_00083": {
      "groupId": ""
    },
    "container_Sandbox_Design_Stuff_00081": {
      "groupId": ""
    },
    "container_Sandbox_Design_Stuff_00082": {
      "groupId": ""
    },
    "container_Sandbox_Design_Stuff_00023": {
      "groupId": ""
    },
    "container_Sandbox_Design_Stuff_00022": {
      "groupId": ""
    },
    "container_Sandbox_Design_Stuff_00020": {
      "groupId": ""
    },
    "container_Sandbox_Design_Stuff_00021": {
      "groupId": ""
    },
    "container_Sandbox_Design_Stuff_00172": {
      "groupId": ""
    },
    "container_Sandbox_Design_Stuff_00073": {
      "groupId": ""
    },
    "container_Sandbox_Design_Stuff_00109": {
      "groupId": ""
    },
    "container_Sandbox_Design_Stuff_00071": {
      "groupId": ""
    },
    "container_Sandbox_Design_Stuff_00063": {
      "groupId": ""
    },
    "container_Sandbox_Design_Stuff_00169": {
      "groupId": ""
    },
    "container_Sandbox_Design_Stuff_00506": {
      "groupId": ""
    },
    "container_Sandbox_Design_Stuff_00011": {
      "groupId": ""
    },
    "container_Sandbox_Design_Stuff_00155": {
      "groupId": ""
    },
    "container_Sandbox_Design_Stuff_00178": {
      "groupId": ""
    },
    "container_Sandbox_Design_Stuff_00067": {
      "groupId": ""
    },
    "container_Sandbox_Design_Stuff_00157": {
      "groupId": ""
    },
    "container_Sandbox_Design_Stuff_00112": {
      "groupId": ""
    },
    "container_Sandbox_Design_Stuff_00012": {
      "groupId": ""
    },
    "container_Sandbox_Design_Stuff_00061": {
      "groupId": ""
    },
    "container_Sandbox_Design_Stuff_00166": {
      "groupId": ""
    },
    "container_Sandbox_Design_Stuff_00075": {
      "groupId": ""
    },
    "container_Sandbox_Design_Stuff_00074": {
      "groupId": ""
    },
    "container_Sandbox_Design_Stuff_00111": {
      "groupId": ""
    },
    "container_Sandbox_Design_Stuff_00182": {
      "groupId": ""
    },
    "container_Sandbox_Design_Stuff_00156": {
      "groupId": ""
    },
    "container_Sandbox_Design_Stuff_00013": {
      "groupId": ""
    },
    "container_Sandbox_Design_Stuff_00153": {
      "groupId": ""
    },
    "container_Sandbox_Design_Stuff_00154": {
      "groupId": ""
    },
    "container_Sandbox_Design_Stuff_00008": {
      "groupId": ""
    },
    "container_Sandbox_Design_Stuff_00173": {
      "groupId": ""
    },
    "container_Sandbox_Design_Stuff_00179": {
      "groupId": ""
    },
    "container_Sandbox_Design_Stuff_00149": {
      "groupId": ""
    },
    "container_Sandbox_Design_Stuff_00070": {
      "groupId": ""
    },
    "container_Sandbox_Design_Stuff_00060": {
      "groupId": ""
    },
    "container_Sandbox_Design_Stuff_00072": {
      "groupId": ""
    },
    "container_Sandbox_Design_Stuff_00005": {
      "groupId": ""
    },
    "container_Sandbox_Design_Stuff_00000": {
      "groupId": ""
    },
    "container_Sandbox_Design_Stuff_00151": {
      "groupId": ""
    },
    "container_Sandbox_Design_Stuff_00114": {
      "groupId": ""
    },
    "container_Sandbox_Design_Stuff_00058": {
      "groupId": ""
    },
    "container_Sandbox_Design_Stuff_00449": {
      "groupId": "FromArt_containerGroup"
    },
    "container_Sandbox_Design_Stuff_00301": {
      "groupId": "sandbox_bag_sport_N23_6"
    },
    "container_Sandbox_Design_Stuff_00289": {
      "groupId": "sandbox_bag_sport_N21_5"
    },
    "container_Sandbox_Design_Stuff_00333": {
      "groupId": "sandbox_bag_sport_N30_5"
    },
    "container_Sandbox_Design_Stuff_00296": {
      "groupId": "sandbox_bag_sport_N23_6"
    },
    "container_Sandbox_Design_Stuff_00327": {
      "groupId": "sandbox_bag_sport_N29_5"
    },
    "container_Sandbox_Design_Stuff_00232": {
      "groupId": "sandbox_bag_sport_N10_6"
    },
    "container_Sandbox_Design_Stuff_00505": {
      "groupId": "FromArt2ndIteration_containerGroup"
    },
    "container_Sandbox_Design_Stuff_00233": {
      "groupId": "sandbox_bag_sport_N10_6"
    },
    "container_Sandbox_Design_Stuff_00248": {
      "groupId": "sandbox_bag_sport_N13_5"
    },
    "container_Sandbox_Design_Stuff_00293": {
      "groupId": "sandbox_bag_sport_N22_6"
    },
    "container_Sandbox_Design_Stuff_00299": {
      "groupId": "sandbox_bag_sport_N23_6"
    },
    "container_Sandbox_Design_Stuff_00498": {
      "groupId": "FromArt2ndIteration_containerGroup"
    },
    "container_Sandbox_Design_Stuff_00396": {
      "groupId": "sandbox_bag_sport_N50_4"
    },
    "container_Sandbox_Design_Stuff_00245": {
      "groupId": "sandbox_bag_sport_N13_5"
    },
    "container_Sandbox_Design_Stuff_00271": {
      "groupId": "sandbox_bag_sport_N18_6"
    },
    "container_Sandbox_Design_Stuff_00297": {
      "groupId": "sandbox_bag_sport_N23_6"
    },
    "container_Sandbox_Design_Stuff_00387": {
      "groupId": "sandbox_bag_sport_N47_2"
    },
    "container_Sandbox_Design_Stuff_00244": {
      "groupId": "sandbox_bag_sport_N12_5"
    },
    "container_Sandbox_Design_Stuff_00501": {
      "groupId": "FromArt2ndIteration_containerGroup"
    },
    "container_Sandbox_Design_Stuff_00360": {
      "groupId": "sandbox_bag_sport_N38_4"
    },
    "container_Sandbox_Design_Stuff_00214": {
      "groupId": "sandbox_bag_sport_N6_6"
    },
    "container_Sandbox_Design_Stuff_00241": {
      "groupId": "sandbox_bag_sport_N12_5"
    },
    "container_Sandbox_Design_Stuff_00371": {
      "groupId": "sandbox_bag_sport_N42_4"
    },
    "container_Sandbox_Design_Stuff_00331": {
      "groupId": "sandbox_bag_sport_N30_5"
    },
    "container_Sandbox_Design_Stuff_00253": {
      "groupId": "sandbox_bag_sport_N15_5"
    },
    "container_Sandbox_Design_Stuff_00392": {
      "groupId": "sandbox_bag_sport_N48_4"
    },
    "container_Sandbox_Design_Stuff_00317": {
      "groupId": "sandbox_bag_sport_N28_7"
    },
    "container_Sandbox_Design_Stuff_00362": {
      "groupId": "sandbox_bag_sport_N38_4"
    },
    "container_Sandbox_Design_Stuff_00357": {
      "groupId": "sandbox_bag_sport_N37_4"
    },
    "container_Sandbox_Design_Stuff_00231": {
      "groupId": "sandbox_bag_sport_N10_6"
    },
    "container_Sandbox_Design_Stuff_00303": {
      "groupId": "sandbox_bag_sport_N24_3"
    },
    "container_Sandbox_Design_Stuff_00203": {
      "groupId": "sandbox_bag_sport_N4_6"
    },
    "container_Sandbox_Design_Stuff_00192": {
      "groupId": "sandbox_bag_sport_N2_6"
    },
    "container_Sandbox_Design_Stuff_00230": {
      "groupId": "sandbox_bag_sport_N10_6"
    },
    "container_Sandbox_Design_Stuff_00499": {
      "groupId": "FromArt2ndIteration_containerGroup"
    },
    "container_Sandbox_Design_Stuff_00255": {
      "groupId": "sandbox_bag_sport_N15_5"
    },
    "container_Sandbox_Design_Stuff_00287": {
      "groupId": "sandbox_bag_sport_N21_5"
    },
    "container_Sandbox_Design_Stuff_00265": {
      "groupId": "sandbox_bag_sport_N17_6"
    },
    "container_Sandbox_Design_Stuff_00282": {
      "groupId": "sandbox_bag_sport_N19_10"
    },
    "container_Sandbox_Design_Stuff_00189": {
      "groupId": "sandbox_bag_sport_N2_6"
    },
    "container_Sandbox_Design_Stuff_00495": {
      "groupId": "FromArt2ndIteration_containerGroup"
    },
    "container_Sandbox_Design_Stuff_00269": {
      "groupId": "sandbox_bag_sport_N18_6"
    },
    "container_Sandbox_Design_Stuff_00193": {
      "groupId": "sandbox_bag_sport_N2_6"
    },
    "container_Sandbox_Design_Stuff_00322": {
      "groupId": "sandbox_bag_sport_N28_7"
    },
    "container_Sandbox_Design_Stuff_00502": {
      "groupId": "FromArt2ndIteration_containerGroup"
    },
    "container_Sandbox_Design_Stuff_00262": {
      "groupId": "sandbox_bag_sport_N17_6"
    },
    "container_Sandbox_Design_Stuff_00326": {
      "groupId": "sandbox_bag_sport_N29_5"
    },
    "container_Sandbox_Design_Stuff_00375": {
      "groupId": "sandbox_bag_sport_N43_3"
    },
    "container_Sandbox_Design_Stuff_00238": {
      "groupId": "sandbox_bag_sport_N11_6"
    },
    "container_Sandbox_Design_Stuff_00204": {
      "groupId": "sandbox_bag_sport_N4_6"
    },
    "container_Sandbox_Design_Stuff_00452": {
      "groupId": "FromArt_containerGroup"
    },
    "container_Sandbox_Design_Stuff_00185": {
      "groupId": "sandbox_bag_sport_N1_6"
    },
    "container_Sandbox_Design_Stuff_00374": {
      "groupId": "sandbox_bag_sport_N42_4"
    },
    "container_Sandbox_Design_Stuff_00263": {
      "groupId": "sandbox_bag_sport_N17_6"
    },
    "container_Sandbox_Design_Stuff_00197": {
      "groupId": "sandbox_bag_sport_N3_5"
    },
    "container_Sandbox_Design_Stuff_00194": {
      "groupId": "sandbox_bag_sport_N2_6"
    },
    "container_Sandbox_Design_Stuff_00239": {
      "groupId": "sandbox_bag_sport_N11_6"
    },
    "container_Sandbox_Design_Stuff_00281": {
      "groupId": "sandbox_bag_sport_N19_10"
    },
    "container_Sandbox_Design_Stuff_00184": {
      "groupId": "sandbox_bag_sport_N1_6"
    },
    "container_Sandbox_Design_Stuff_00388": {
      "groupId": "sandbox_bag_sport_N47_2"
    },
    "container_Sandbox_Design_Stuff_00356": {
      "groupId": "sandbox_bag_sport_N37_4"
    },
    "container_Sandbox_Design_Stuff_00358": {
      "groupId": "sandbox_bag_sport_N37_4"
    },
    "container_Sandbox_Design_Stuff_00309": {
      "groupId": "sandbox_bag_sport_N26_3"
    },
    "container_Sandbox_Design_Stuff_00202": {
      "groupId": "sandbox_bag_sport_N4_6"
    },
    "container_Sandbox_Design_Stuff_00450": {
      "groupId": "FromArt_containerGroup"
    },
    "container_Sandbox_Design_Stuff_00205": {
      "groupId": "sandbox_bag_sport_N4_6"
    },
    "container_Sandbox_Design_Stuff_00183": {
      "groupId": "sandbox_bag_sport_N1_6"
    },
    "container_Sandbox_Design_Stuff_00361": {
      "groupId": "sandbox_bag_sport_N38_4"
    },
    "container_Sandbox_Design_Stuff_00206": {
      "groupId": "sandbox_bag_sport_N5_5"
    },
    "container_Sandbox_Design_Stuff_00266": {
      "groupId": "sandbox_bag_sport_N17_6"
    },
    "container_Sandbox_Design_Stuff_00208": {
      "groupId": "sandbox_bag_sport_N5_5"
    },
    "container_Sandbox_Design_Stuff_00324": {
      "groupId": "sandbox_bag_sport_N29_5"
    },
    "container_Sandbox_Design_Stuff_00294": {
      "groupId": "sandbox_bag_sport_N22_6"
    },
    "container_Sandbox_Design_Stuff_00448": {
      "groupId": "FromArt_containerGroup"
    },
    "container_Sandbox_Design_Stuff_00504": {
      "groupId": "FromArt2ndIteration_containerGroup"
    },
    "container_Sandbox_Design_Stuff_00249": {
      "groupId": "sandbox_bag_sport_N13_5"
    },
    "container_Sandbox_Design_Stuff_00254": {
      "groupId": "sandbox_bag_sport_N15_5"
    },
    "container_Sandbox_Design_Stuff_00304": {
      "groupId": "sandbox_bag_sport_N24_3"
    },
    "container_Sandbox_Design_Stuff_00210": {
      "groupId": "sandbox_bag_sport_N5_5"
    },
    "container_Sandbox_Design_Stuff_00274": {
      "groupId": "sandbox_bag_sport_N19_10"
    },
    "container_Sandbox_Design_Stuff_00198": {
      "groupId": "sandbox_bag_sport_N3_5"
    },
    "container_Sandbox_Design_Stuff_00243": {
      "groupId": "sandbox_bag_sport_N12_5"
    },
    "container_Sandbox_Design_Stuff_00295": {
      "groupId": "sandbox_bag_sport_N22_6"
    },
    "container_Sandbox_Design_Stuff_00398": {
      "groupId": "sandbox_bag_sport_N50_4"
    },
    "container_Sandbox_Design_Stuff_00240": {
      "groupId": "sandbox_bag_sport_N12_5"
    },
    "container_Sandbox_Design_Stuff_00363": {
      "groupId": "sandbox_bag_sport_N38_4"
    },
    "container_Sandbox_Design_Stuff_00292": {
      "groupId": "sandbox_bag_sport_N22_6"
    },
    "container_Sandbox_Design_Stuff_00300": {
      "groupId": "sandbox_bag_sport_N23_6"
    },
    "container_Sandbox_Design_Stuff_00288": {
      "groupId": "sandbox_bag_sport_N21_5"
    },
    "container_Sandbox_Design_Stuff_00335": {
      "groupId": "sandbox_bag_sport_N31_5"
    },
    "container_Sandbox_Design_Stuff_00247": {
      "groupId": "sandbox_bag_sport_N13_5"
    },
    "container_Sandbox_Design_Stuff_00372": {
      "groupId": "sandbox_bag_sport_N42_4"
    },
    "container_Sandbox_Design_Stuff_00276": {
      "groupId": "sandbox_bag_sport_N19_10"
    },
    "container_Sandbox_Design_Stuff_00235": {
      "groupId": "sandbox_bag_sport_N11_6"
    },
    "container_Sandbox_Design_Stuff_00279": {
      "groupId": "sandbox_bag_sport_N19_10"
    },
    "container_Sandbox_Design_Stuff_00454": {
      "groupId": "FromArt_containerGroup"
    },
    "container_Sandbox_Design_Stuff_00329": {
      "groupId": "sandbox_bag_sport_N30_5"
    },
    "container_Sandbox_Design_Stuff_00186": {
      "groupId": "sandbox_bag_sport_N1_6"
    },
    "container_Sandbox_Design_Stuff_00336": {
      "groupId": "sandbox_bag_sport_N31_5"
    },
    "container_Sandbox_Design_Stuff_00195": {
      "groupId": "sandbox_bag_sport_N3_5"
    },
    "container_Sandbox_Design_Stuff_00264": {
      "groupId": "sandbox_bag_sport_N17_6"
    },
    "container_Sandbox_Design_Stuff_00272": {
      "groupId": "sandbox_bag_sport_N18_6"
    },
    "container_Sandbox_Design_Stuff_00216": {
      "groupId": "sandbox_bag_sport_N6_6"
    },
    "container_Sandbox_Design_Stuff_00196": {
      "groupId": "sandbox_bag_sport_N3_5"
    },
    "container_Sandbox_Design_Stuff_00389": {
      "groupId": "sandbox_bag_sport_N48_4"
    },
    "container_Sandbox_Design_Stuff_00323": {
      "groupId": "sandbox_bag_sport_N28_7"
    },
    "container_Sandbox_Design_Stuff_00373": {
      "groupId": "sandbox_bag_sport_N42_4"
    },
    "container_Sandbox_Design_Stuff_00191": {
      "groupId": "sandbox_bag_sport_N2_6"
    },
    "container_Sandbox_Design_Stuff_00377": {
      "groupId": "sandbox_bag_sport_N43_3"
    },
    "container_Sandbox_Design_Stuff_00199": {
      "groupId": "sandbox_bag_sport_N3_5"
    },
    "container_Sandbox_Design_Stuff_00328": {
      "groupId": "sandbox_bag_sport_N29_5"
    },
    "container_Sandbox_Design_Stuff_00290": {
      "groupId": "sandbox_bag_sport_N21_5"
    },
    "container_Sandbox_Design_Stuff_00399": {
      "groupId": "sandbox_bag_sport_N50_4"
    },
    "container_Sandbox_Design_Stuff_00277": {
      "groupId": "sandbox_bag_sport_N19_10"
    },
    "container_Sandbox_Design_Stuff_00275": {
      "groupId": "sandbox_bag_sport_N19_10"
    },
    "container_Sandbox_Design_Stuff_00268": {
      "groupId": "sandbox_bag_sport_N18_6"
    },
    "container_Sandbox_Design_Stuff_00187": {
      "groupId": "sandbox_bag_sport_N1_6"
    },
    "container_Sandbox_Design_Stuff_00201": {
      "groupId": "sandbox_bag_sport_N4_6"
    },
    "container_Sandbox_Design_Stuff_00256": {
      "groupId": "sandbox_bag_sport_N15_5"
    },
    "container_Sandbox_Design_Stuff_00229": {
      "groupId": "sandbox_bag_sport_N10_6"
    },
    "container_Sandbox_Design_Stuff_00236": {
      "groupId": "sandbox_bag_sport_N11_6"
    },
    "container_Sandbox_Design_Stuff_00337": {
      "groupId": "sandbox_bag_sport_N31_5"
    },
    "container_Sandbox_Design_Stuff_00215": {
      "groupId": "sandbox_bag_sport_N6_6"
    },
    "container_Sandbox_Design_Stuff_00503": {
      "groupId": "FromArt2ndIteration_containerGroup"
    },
    "container_Sandbox_Design_Stuff_00320": {
      "groupId": "sandbox_bag_sport_N28_7"
    },
    "container_Sandbox_Design_Stuff_00298": {
      "groupId": "sandbox_bag_sport_N23_6"
    },
    "container_Sandbox_Design_Stuff_00207": {
      "groupId": "sandbox_bag_sport_N5_5"
    },
    "container_Sandbox_Design_Stuff_00494": {
      "groupId": "FromArt2ndIteration_containerGroup"
    },
    "container_Sandbox_Design_Stuff_00332": {
      "groupId": "sandbox_bag_sport_N30_5"
    },
    "container_Sandbox_Design_Stuff_00270": {
      "groupId": "sandbox_bag_sport_N18_6"
    },
    "container_Sandbox_Design_Stuff_00278": {
      "groupId": "sandbox_bag_sport_N19_10"
    },
    "container_Sandbox_Design_Stuff_00200": {
      "groupId": "sandbox_bag_sport_N4_6"
    },
    "container_Sandbox_Design_Stuff_00391": {
      "groupId": "sandbox_bag_sport_N48_4"
    },
    "container_Sandbox_Design_Stuff_00284": {
      "groupId": "sandbox_bag_sport_N20_5"
    },
    "container_Sandbox_Design_Stuff_00330": {
      "groupId": "sandbox_bag_sport_N30_5"
    },
    "container_Sandbox_Design_Stuff_00188": {
      "groupId": "sandbox_bag_sport_N1_6"
    },
    "container_Sandbox_Design_Stuff_00291": {
      "groupId": "sandbox_bag_sport_N22_6"
    },
    "container_Sandbox_Design_Stuff_00209": {
      "groupId": "sandbox_bag_sport_N5_5"
    },
    "container_Sandbox_Design_Stuff_00500": {
      "groupId": "FromArt2ndIteration_containerGroup"
    },
    "container_Sandbox_Design_Stuff_00321": {
      "groupId": "sandbox_bag_sport_N28_7"
    },
    "container_Sandbox_Design_Stuff_00257": {
      "groupId": "sandbox_bag_sport_N15_5"
    },
    "container_Sandbox_Design_Stuff_00311": {
      "groupId": "sandbox_bag_sport_N26_3"
    },
    "container_Sandbox_Design_Stuff_00496": {
      "groupId": "FromArt2ndIteration_containerGroup"
    },
    "container_Sandbox_Design_Stuff_00285": {
      "groupId": "sandbox_bag_sport_N20_5"
    },
    "container_Sandbox_Design_Stuff_00376": {
      "groupId": "sandbox_bag_sport_N43_3"
    },
    "container_Sandbox_Design_Stuff_00242": {
      "groupId": "sandbox_bag_sport_N12_5"
    },
    "container_Sandbox_Design_Stuff_00212": {
      "groupId": "sandbox_bag_sport_N6_6"
    },
    "container_Test_for_export_00000": {
      "groupId": "FromArt2ndIteration_containerGroup"
    },
    "container_Sandbox_Design_Stuff_00319": {
      "groupId": "sandbox_bag_sport_N28_7"
    },
    "container_Sandbox_Design_Stuff_00237": {
      "groupId": "sandbox_bag_sport_N11_6"
    },
    "container_Sandbox_Design_Stuff_00338": {
      "groupId": "sandbox_bag_sport_N31_5"
    },
    "container_Sandbox_Design_Stuff_00390": {
      "groupId": "sandbox_bag_sport_N48_4"
    },
    "container_Sandbox_Design_Stuff_00280": {
      "groupId": "sandbox_bag_sport_N19_10"
    },
    "container_Sandbox_Design_Stuff_00359": {
      "groupId": "sandbox_bag_sport_N37_4"
    },
    "container_Sandbox_Design_Stuff_00310": {
      "groupId": "sandbox_bag_sport_N26_3"
    },
    "container_Sandbox_Design_Stuff_00286": {
      "groupId": "sandbox_bag_sport_N21_5"
    },
    "container_Sandbox_Design_Stuff_00213": {
      "groupId": "sandbox_bag_sport_N6_6"
    },
    "container_Sandbox_Design_Stuff_00228": {
      "groupId": "sandbox_bag_sport_N10_6"
    },
    "container_Sandbox_Design_Stuff_00283": {
      "groupId": "sandbox_bag_sport_N20_5"
    },
    "container_Sandbox_Design_Stuff_00334": {
      "groupId": "sandbox_bag_sport_N31_5"
    },
    "container_Sandbox_Design_Stuff_00302": {
      "groupId": "sandbox_bag_sport_N24_3"
    },
    "container_Sandbox_Design_Stuff_00397": {
      "groupId": "sandbox_bag_sport_N50_4"
    },
    "container_Sandbox_Design_Stuff_00261": {
      "groupId": "sandbox_bag_sport_N17_6"
    },
    "container_Sandbox_Design_Stuff_00273": {
      "groupId": "sandbox_bag_sport_N19_10"
    },
    "container_Sandbox_Design_Stuff_00267": {
      "groupId": "sandbox_bag_sport_N18_6"
    },
    "container_Sandbox_Design_Stuff_00451": {
      "groupId": "FromArt_containerGroup"
    },
    "container_Sandbox_Design_Stuff_00453": {
      "groupId": "FromArt_containerGroup"
    },
    "container_Sandbox_Design_Stuff_00497": {
      "groupId": "FromArt2ndIteration_containerGroup"
    },
    "container_Sandbox_Design_Stuff_00211": {
      "groupId": "sandbox_bag_sport_N6_6"
    },
    "container_Sandbox_Design_Stuff_00318": {
      "groupId": "sandbox_bag_sport_N28_7"
    },
    "container_Sandbox_Design_Stuff_00246": {
      "groupId": "sandbox_bag_sport_N13_5"
    },
    "container_Sandbox_Design_Stuff_00325": {
      "groupId": "sandbox_bag_sport_N29_5"
    },
    "container_Sandbox_Design_Stuff_00190": {
      "groupId": "sandbox_bag_sport_N2_6"
    },
    "container_Sandbox_Design_Stuff_00007": {
      "groupId": ""
    },
    "container_Sandbox_Design_Stuff_00095": {
      "groupId": ""
    },
    "container_Sandbox_Design_Stuff_00014": {
      "groupId": ""
    },
    "container_Sandbox_Design_Stuff_00001": {
      "groupId": ""
    },
    "container_Sandbox_Design_Stuff_00096": {
      "groupId": ""
    },
    "container_Sandbox_Design_Stuff_00064": {
      "groupId": ""
    },
    "container_ProfileEditor_00003": {
      "groupId": ""
    },
    "container_Sandbox_Design_Stuff_00068": {
      "groupId": ""
    },
    "container_Sandbox_Design_Stuff_00065": {
      "groupId": ""
    },
    "container_Sandbox_Design_Stuff_00412": {
      "groupId": "FromArt_containerGroup"
    },
    "container_Sandbox_Design_Stuff_00435": {
      "groupId": "FromArt_containerGroup"
    },
    "container_Sandbox_Design_Stuff_00016": {
      "groupId": ""
    },
    "container_Sandbox_Design_Stuff_00093": {
      "groupId": ""
    },
    "container_Sandbox_Design_Stuff_00059": {
      "groupId": ""
    },
    "container_Sandbox_Design_Stuff_00102": {
      "groupId": ""
    },
    "container_Sandbox_Design_Stuff_00176": {
      "groupId": ""
    },
    "container_ProfileEditor_00005": {
      "groupId": ""
    },
    "container_Sandbox_Design_Stuff_00010": {
      "groupId": ""
    },
    "container_Sandbox_Design_Stuff_00103": {
      "groupId": ""
    },
    "container_Sandbox_Design_Stuff_00015": {
      "groupId": ""
    },
    "container_Sandbox_Design_Stuff_00382": {
      "groupId": "sandbox_scontainer_toolbox_N45_3"
    },
    "container_Sandbox_Design_Stuff_00225": {
      "groupId": "sandbox_scontainer_toolbox_N9_4"
    },
    "container_Sandbox_Design_Stuff_00403": {
      "groupId": "FromArt_containerGroup"
    },
    "container_Sandbox_Design_Stuff_00305": {
      "groupId": "sandbox_scontainer_toolbox_N25_4"
    },
    "container_Sandbox_Design_Stuff_00406": {
      "groupId": "FromArt_containerGroup"
    },
    "container_Sandbox_Design_Stuff_00379": {
      "groupId": "sandbox_scontainer_toolbox_N44_3"
    },
    "container_Sandbox_Design_Stuff_00410": {
      "groupId": "FromArt_containerGroup"
    },
    "container_Sandbox_Design_Stuff_00487": {
      "groupId": "FromArt2ndIteration_containerGroup"
    },
    "container_Sandbox_Design_Stuff_00445": {
      "groupId": "FromArt_containerGroup"
    },
    "container_Sandbox_Design_Stuff_00250": {
      "groupId": "sandbox_scontainer_toolbox_N14_3"
    },
    "container_Sandbox_Design_Stuff_00308": {
      "groupId": "sandbox_scontainer_toolbox_N25_4"
    },
    "container_Sandbox_Design_Stuff_00380": {
      "groupId": "sandbox_scontainer_toolbox_N44_3"
    },
    "container_Sandbox_Design_Stuff_00252": {
      "groupId": "sandbox_scontainer_toolbox_N14_3"
    },
    "container_Sandbox_Design_Stuff_00130": {
      "groupId": ""
    },
    "container_Sandbox_Design_Stuff_00313": {
      "groupId": "sandbox_scontainer_toolbox_N27_5"
    },
    "container_Sandbox_Design_Stuff_00419": {
      "groupId": "FromArt_containerGroup"
    },
    "container_Sandbox_Design_Stuff_00395": {
      "groupId": "sandbox_scontainer_toolbox_N49_3"
    },
    "container_Sandbox_Design_Stuff_00486": {
      "groupId": "FromArt2ndIteration_containerGroup"
    },
    "container_Sandbox_Design_Stuff_00312": {
      "groupId": "sandbox_scontainer_toolbox_N27_5"
    },
    "container_Sandbox_Design_Stuff_00485": {
      "groupId": "FromArt2ndIteration_containerGroup"
    },
    "container_Sandbox_Design_Stuff_00378": {
      "groupId": "sandbox_scontainer_toolbox_N44_3"
    },
    "container_Sandbox_Design_Stuff_00385": {
      "groupId": "sandbox_scontainer_toolbox_N46_3"
    },
    "container_Sandbox_Design_Stuff_00421": {
      "groupId": "FromArt_containerGroup"
    },
    "container_Sandbox_Design_Stuff_00459": {
      "groupId": "FromArt2ndIteration_containerGroup"
    },
    "container_Sandbox_Design_Stuff_00393": {
      "groupId": "sandbox_scontainer_toolbox_N49_3"
    },
    "container_Sandbox_Design_Stuff_00430": {
      "groupId": "FromArt_containerGroup"
    },
    "container_Sandbox_Design_Stuff_00306": {
      "groupId": "sandbox_scontainer_toolbox_N25_4"
    },
    "container_Sandbox_Design_Stuff_00434": {
      "groupId": "FromArt_containerGroup"
    },
    "container_Sandbox_Design_Stuff_00394": {
      "groupId": "sandbox_scontainer_toolbox_N49_3"
    },
    "container_Sandbox_Design_Stuff_00260": {
      "groupId": "sandbox_scontainer_toolbox_N16_3"
    },
    "container_Sandbox_Design_Stuff_00443": {
      "groupId": "FromArt_containerGroup"
    },
    "container_Sandbox_Design_Stuff_00251": {
      "groupId": "sandbox_scontainer_toolbox_N14_3"
    },
    "container_Sandbox_Design_Stuff_00259": {
      "groupId": "sandbox_scontainer_toolbox_N16_3"
    },
    "container_Sandbox_Design_Stuff_00258": {
      "groupId": "sandbox_scontainer_toolbox_N16_3"
    },
    "container_Sandbox_Design_Stuff_00224": {
      "groupId": "sandbox_scontainer_toolbox_N9_4"
    },
    "container_Sandbox_Design_Stuff_00307": {
      "groupId": "sandbox_scontainer_toolbox_N25_4"
    },
    "container_Sandbox_Design_Stuff_00460": {
      "groupId": "FromArt2ndIteration_containerGroup"
    },
    "container_Sandbox_Design_Stuff_00386": {
      "groupId": "sandbox_scontainer_toolbox_N46_3"
    },
    "container_Sandbox_Design_Stuff_00314": {
      "groupId": "sandbox_scontainer_toolbox_N27_5"
    },
    "container_Sandbox_Design_Stuff_00442": {
      "groupId": "FromArt_containerGroup"
    },
    "container_Sandbox_Design_Stuff_00423": {
      "groupId": "FromArt_containerGroup"
    },
    "container_Sandbox_Design_Stuff_00381": {
      "groupId": "sandbox_scontainer_toolbox_N45_3"
    },
    "container_Sandbox_Design_Stuff_00315": {
      "groupId": "sandbox_scontainer_toolbox_N27_5"
    },
    "container_Sandbox_Design_Stuff_00427": {
      "groupId": "FromArt_containerGroup"
    },
    "container_Sandbox_Design_Stuff_00383": {
      "groupId": "sandbox_scontainer_toolbox_N45_3"
    },
    "container_Sandbox_Design_Stuff_00441": {
      "groupId": "FromArt_containerGroup"
    },
    "container_Sandbox_Design_Stuff_00316": {
      "groupId": "sandbox_scontainer_toolbox_N27_5"
    },
    "container_Sandbox_Design_Stuff_00461": {
      "groupId": "FromArt2ndIteration_containerGroup"
    },
    "container_Sandbox_Design_Stuff_00420": {
      "groupId": "FromArt_containerGroup"
    },
    "container_Sandbox_Design_Stuff_00227": {
      "groupId": "sandbox_scontainer_toolbox_N9_4"
    },
    "container_Sandbox_Design_Stuff_00384": {
      "groupId": "sandbox_scontainer_toolbox_N46_3"
    },
    "container_Sandbox_Design_Stuff_00226": {
      "groupId": "sandbox_scontainer_toolbox_N9_4"
    },
    "container_Sandbox_Design_Stuff_00019": {
      "groupId": ""
    },
    "container_Sandbox_Design_Stuff_00003": {
      "groupId": ""
    },
    "container_ProfileEditor_00002": {
      "groupId": ""
    },
    "container_Sandbox_Design_Stuff_00455": {
      "groupId": "FromArt2ndIteration_containerGroup"
    },
    "Lootable_00004": {
      "groupId": "FromArt2ndIteration_containerGroup"
    },
    "container_Sandbox_Design_Stuff_00174": {
      "groupId": ""
    },
    "container_Sandbox_Design_Stuff_00017": {
      "groupId": ""
    },
    "container_Sandbox_Design_Stuff_00006": {
      "groupId": ""
    },
    "container_Sandbox_Design_Stuff_00018": {
      "groupId": ""
    },
    "container_Sandbox_Design_Stuff_00057": {
      "groupId": ""
    },
    "container_Sandbox_Design_Stuff_00009": {
      "groupId": ""
    },
    "container_Sandbox_Design_Stuff_00056": {
      "groupId": ""
    },
    "container_Sandbox_Design_Stuff_00069": {
      "groupId": ""
    },
    "Lootable_00010": {
      "groupId": ""
    },
    "container_Sandbox_Design_Stuff_00343": {
      "groupId": "sandbox_container_supplyBox_lootable_tools_N33_3"
    },
    "container_Sandbox_Design_Stuff_00170": {
      "groupId": ""
    },
    "container_Sandbox_Design_Stuff_00340": {
      "groupId": "sandbox_container_supplyBox_lootable_tools_N32_3"
    },
    "container_Sandbox_Design_Stuff_00339": {
      "groupId": "sandbox_container_supplyBox_lootable_tools_N32_3"
    },
    "container_Sandbox_Design_Stuff_00458": {
      "groupId": "FromArt2ndIteration_containerGroup"
    },
    "container_Sandbox_Design_Stuff_00341": {
      "groupId": "sandbox_container_supplyBox_lootable_tools_N32_3"
    },
    "container_Sandbox_Design_Stuff_00222": {
      "groupId": "sandbox_container_supplyBox_lootable_food_N8_2"
    },
    "container_Sandbox_Design_Stuff_00364": {
      "groupId": "sandbox_container_supplyBox_lootable_medicine_N39_2"
    },
    "container_Sandbox_Design_Stuff_00478": {
      "groupId": "FromArt2ndIteration_containerGroup"
    },
    "container_Sandbox_Design_Stuff_00344": {
      "groupId": "sandbox_container_supplyBox_lootable_tools_N33_3"
    },
    "container_Sandbox_Design_Stuff_00367": {
      "groupId": "sandbox_container_supplyBox_lootable_tools_N40_2"
    },
    "container_Sandbox_Design_Stuff_00413": {
      "groupId": "FromArt_containerGroup"
    },
    "00012": {
      "groupId": "FromArt2ndIteration_containerGroup"
    },
    "container_Sandbox_Design_Stuff_00223": {
      "groupId": "sandbox_container_supplyBox_lootable_food_N8_2"
    },
    "container_Sandbox_Design_Stuff_00462": {
      "groupId": "FromArt2ndIteration_containerGroup"
    },
    "container_Sandbox_Design_Stuff_00342": {
      "groupId": "sandbox_container_supplyBox_lootable_tools_N33_3"
    },
    "container_Sandbox_Design_Stuff_00366": {
      "groupId": "sandbox_container_supplyBox_lootable_tools_N40_2"
    },
    "container_Sandbox_Design_Stuff_00365": {
      "groupId": "sandbox_container_supplyBox_lootable_medicine_N39_2"
    },
    "container_Sandbox_Design_Stuff_00152": {
      "groupId": ""
    },
    "container_Sandbox_Design_Stuff_00062": {
      "groupId": ""
    },
    "container_Sandbox_Design_Stuff_00113": {
      "groupId": ""
    },
    "container_Sandbox_Design_Stuff_00150": {
      "groupId": ""
    },
    "container_ProfileEditor_00001": {
      "groupId": ""
    },
    "container_Sandbox_Design_Stuff_00177": {
      "groupId": ""
    },
    "container_Sandbox_Design_Stuff_00221": {
      "groupId": "sandbox_scontainer_medbag_N7_5"
    },
    "container_Sandbox_Design_Stuff_00217": {
      "groupId": "sandbox_scontainer_medbag_N7_5"
    },
    "container_Sandbox_Design_Stuff_00491": {
      "groupId": "FromArt2ndIteration_containerGroup"
    },
    "container_Sandbox_Design_Stuff_00437": {
      "groupId": "FromArt_containerGroup"
    },
    "container_Sandbox_Design_Stuff_00476": {
      "groupId": "FromArt2ndIteration_containerGroup"
    },
    "container_Sandbox_Design_Stuff_00415": {
      "groupId": "FromArt_containerGroup"
    },
    "container_Sandbox_Design_Stuff_00219": {
      "groupId": "sandbox_scontainer_medbag_N7_5"
    },
    "container_Sandbox_Design_Stuff_00220": {
      "groupId": "sandbox_scontainer_medbag_N7_5"
    },
    "container_Sandbox_Design_Stuff_00218": {
      "groupId": "sandbox_scontainer_medbag_N7_5"
    },
    "n1": {
      "groupId": "FromArt2ndIteration_containerGroup"
    },
    "container_Sandbox_Design_Stuff_00467": {
      "groupId": "FromArt2ndIteration_containerGroup"
    },
    "container_Sandbox_Design_Stuff_00468": {
      "groupId": "FromArt2ndIteration_containerGroup"
    },
    "container_Sandbox_Design_Stuff_00481": {
      "groupId": "FromArt2ndIteration_containerGroup"
    },
    "container_Sandbox_Design_Stuff_00479": {
      "groupId": "FromArt2ndIteration_containerGroup"
    },
    "container_Sandbox_Design_Stuff_00492": {
      "groupId": "FromArt2ndIteration_containerGroup"
    },
    "container_Sandbox_Design_Stuff_00350": {
      "groupId": "sandbox_Plastic_suitcase_140_open_P_N35_4"
    },
    "container_Sandbox_Design_Stuff_00402": {
      "groupId": "lift_parking_N51_4_sandbox"
    },
    "container_Sandbox_Design_Stuff_00349": {
      "groupId": "sandbox_Plastic_suitcase_140_open_P_N35_4"
    },
    "container_Sandbox_Design_Stuff_00352": {
      "groupId": "sandbox_Plastic_suitcase_140_open_P_N35_4"
    },
    "container_Sandbox_Design_Stuff_00470": {
      "groupId": "FromArt2ndIteration_containerGroup"
    },
    "container_Sandbox_Design_Stuff_00351": {
      "groupId": "sandbox_Plastic_suitcase_140_open_P_N35_4"
    },
    "container_Sandbox_Design_Stuff_00411": {
      "groupId": "FromArt_containerGroup"
    },
    "container_Sandbox_Design_Stuff_00110": {
      "groupId": ""
    },
    "container_Sandbox_Design_Stuff_00171": {
      "groupId": ""
    },
    "container_Sandbox_Design_Stuff_00122": {
      "groupId": ""
    },
    "container_Sandbox_Design_Stuff_00131": {
      "groupId": ""
    },
    "container_Sandbox_Design_Stuff_00139": {
      "groupId": ""
    },
    "container_Sandbox_Design_Stuff_00129": {
      "groupId": ""
    },
    "container_Sandbox_Design_Stuff_00165": {
      "groupId": ""
    },
    "container_Sandbox_Design_Stuff_00106": {
      "groupId": ""
    },
    "container_Sandbox_Design_Stuff_00175": {
      "groupId": ""
    },
    "container_Sandbox_Design_Stuff_00132": {
      "groupId": ""
    },
    "container_Sandbox_Design_Stuff_00119": {
      "groupId": ""
    },
    "container_Sandbox_Design_Stuff_00168": {
      "groupId": ""
    },
    "container_Sandbox_Design_Stuff_00133": {
      "groupId": ""
    },
    "container_Sandbox_Design_Stuff_00163": {
      "groupId": ""
    },
    "container_Sandbox_Design_Stuff_00105": {
      "groupId": ""
    },
    "container_Sandbox_Design_Stuff_00180": {
      "groupId": ""
    },
    "container_Sandbox_Design_Stuff_00036": {
      "groupId": ""
    },
    "container_Sandbox_Design_Stuff_00158": {
      "groupId": ""
    },
    "container_Sandbox_Design_Stuff_00123": {
      "groupId": ""
    },
    "container_Sandbox_Design_Stuff_00038": {
      "groupId": ""
    },
    "container_Sandbox_Design_Stuff_00164": {
      "groupId": ""
    },
    "container_Sandbox_Design_Stuff_00138": {
      "groupId": ""
    },
    "container_Sandbox_Design_Stuff_00140": {
      "groupId": ""
    },
    "container_Sandbox_Design_Stuff_00039": {
      "groupId": ""
    },
    "container_Sandbox_Design_Stuff_00108": {
      "groupId": ""
    },
    "container_Test_for_export_00001": {
      "groupId": ""
    },
    "container_Sandbox_Design_Stuff_00107": {
      "groupId": ""
    },
    "container_Sandbox_Design_Stuff_00037": {
      "groupId": ""
    },
    "container_Sandbox_Design_Stuff_00121": {
      "groupId": ""
    },
    "container_Sandbox_Design_Stuff_00167": {
      "groupId": ""
    },
    "container_Sandbox_Design_Stuff_00124": {
      "groupId": ""
    },
    "container_Sandbox_Design_Stuff_00120": {
      "groupId": ""
    },
    "container_Sandbox_Design_Stuff_00472": {
      "groupId": "FromArt2ndIteration_containerGroup"
    },
    "container_Sandbox_Design_Stuff_00474": {
      "groupId": "FromArt2ndIteration_containerGroup"
    },
    "container_Sandbox_Design_Stuff_00405": {
      "groupId": "FromArt_containerGroup"
    },
    "container_Sandbox_Design_Stuff_00490": {
      "groupId": "FromArt2ndIteration_containerGroup"
    },
    "container_Sandbox_Design_Stuff_00471": {
      "groupId": "FromArt2ndIteration_containerGroup"
    },
    "container_Sandbox_Design_Stuff_00473": {
      "groupId": "FromArt2ndIteration_containerGroup"
    },
    "container_Sandbox_Design_Stuff_00414": {
      "groupId": "FromArt_containerGroup"
    },
    "container_Sandbox_Design_Stuff_00429": {
      "groupId": "FromArt_containerGroup"
    },
    "container_Sandbox_Design_Stuff_00489": {
      "groupId": "FromArt2ndIteration_containerGroup"
    },
    "container_Sandbox_Design_Stuff_00436": {
      "groupId": "FromArt_containerGroup"
    },
    "container_Sandbox_Design_Stuff_00475": {
      "groupId": "FromArt2ndIteration_containerGroup"
    },
    "container_Sandbox_Design_Stuff_00353": {
      "groupId": "sandbox_weapon_box_N36_3"
    },
    "Lootable_00003": {
      "groupId": "FromArt2ndIteration_containerGroup"
    },
    "container_Sandbox_Design_Stuff_00431": {
      "groupId": "FromArt_containerGroup"
    },
    "container_Sandbox_Design_Stuff_00456": {
      "groupId": "FromArt2ndIteration_containerGroup"
    },
    "container_Sandbox_Design_Stuff_00370": {
      "groupId": "sandbox_weapon_box_N41_3"
    },
    "container_Sandbox_Design_Stuff_00425": {
      "groupId": "FromArt_containerGroup"
    },
    "container_Sandbox_Design_Stuff_00477": {
      "groupId": "FromArt2ndIteration_containerGroup"
    },
    "container_Sandbox_Design_Stuff_00482": {
      "groupId": "FromArt2ndIteration_containerGroup"
    },
    "container_Sandbox_Design_Stuff_00426": {
      "groupId": "FromArt_containerGroup"
    },
    "container_Sandbox_Design_Stuff_00354": {
      "groupId": "sandbox_weapon_box_N36_3"
    },
    "container_Sandbox_Design_Stuff_00447": {
      "groupId": "FromArt_containerGroup"
    },
    "container_Sandbox_Design_Stuff_00469": {
      "groupId": "FromArt2ndIteration_containerGroup"
    },
    "container_Sandbox_Design_Stuff_00368": {
      "groupId": "sandbox_weapon_box_N41_3"
    },
    "container_Sandbox_Design_Stuff_00369": {
      "groupId": "sandbox_weapon_box_N41_3"
    },
    "container_Sandbox_Design_Stuff_00483": {
      "groupId": "FromArt2ndIteration_containerGroup"
    },
    "container_Sandbox_Design_Stuff_00417": {
      "groupId": "FromArt_containerGroup"
    },
    "container_Sandbox_Design_Stuff_00439": {
      "groupId": "FromArt_containerGroup"
    },
    "container_Sandbox_Design_Stuff_00407": {
      "groupId": "FromArt_containerGroup"
    },
    "container_Sandbox_Design_Stuff_00355": {
      "groupId": "sandbox_weapon_box_N36_3"
    },
    "container_Sandbox_Design_Stuff_00465": {
      "groupId": "FromArt2ndIteration_containerGroup"
    },
    "container_Sandbox_Design_Stuff_00488": {
      "groupId": "FromArt2ndIteration_containerGroup"
    },
    "container_Sandbox_Design_Stuff_00493": {
      "groupId": "FromArt2ndIteration_containerGroup"
    },
    "container_Sandbox_Design_Stuff_00424": {
      "groupId": "FromArt_containerGroup"
    },
    "container_Sandbox_Design_Stuff_00446": {
      "groupId": "FromArt_containerGroup"
    },
    "container_Sandbox_Design_Stuff_00416": {
      "groupId": "FromArt_containerGroup"
    },
    "container_Sandbox_Design_Stuff_00466": {
      "groupId": "FromArt2ndIteration_containerGroup"
    },
    "container_Sandbox_Design_Stuff_00438": {
      "groupId": "FromArt_containerGroup"
    },
    "container_Sandbox_Design_Stuff_00404": {
      "groupId": "FromArt_containerGroup"
    },
    "container_Sandbox_Design_Stuff_00428": {
      "groupId": "FromArt_containerGroup"
    },
    "container_Sandbox_Design_Stuff_00480": {
      "groupId": "FromArt2ndIteration_containerGroup"
    },
    "container_Sandbox_Design_Stuff_00457": {
      "groupId": "FromArt2ndIteration_containerGroup"
    },
    "container_Sandbox_Design_Stuff_00484": {
      "groupId": "FromArt2ndIteration_containerGroup"
    },
    "container_Sandbox_Design_Stuff_00422": {
      "groupId": "FromArt_containerGroup"
    },
    "container_Sandbox_Design_Stuff_00444": {
      "groupId": "FromArt_containerGroup"
    },
    "container_Sandbox_Design_Stuff_00347": {
      "groupId": "sandbox_Plastic_suitcase_64_open_P_N34_4"
    },
    "container_Sandbox_Design_Stuff_00409": {
      "groupId": "FromArt_containerGroup"
    },
    "container_Sandbox_Design_Stuff_00348": {
      "groupId": "sandbox_Plastic_suitcase_64_open_P_N34_4"
    },
    "container_Sandbox_Design_Stuff_00346": {
      "groupId": "sandbox_Plastic_suitcase_64_open_P_N34_4"
    },
    "container_Sandbox_Design_Stuff_00433": {
      "groupId": "FromArt_containerGroup"
    },
    "container_Sandbox_Design_Stuff_00440": {
      "groupId": "FromArt_containerGroup"
    },
    "container_Sandbox_Design_Stuff_00401": {
      "groupId": "lift_parking_N51_4_sandbox"
    },
    "container_Sandbox_Design_Stuff_00418": {
      "groupId": "FromArt_containerGroup"
    },
    "container_Sandbox_Design_Stuff_00463": {
      "groupId": "FromArt2ndIteration_containerGroup"
    },
    "container_Sandbox_Design_Stuff_00345": {
      "groupId": "sandbox_Plastic_suitcase_64_open_P_N34_4"
    },
    "container_Test_for_export_00002": {
      "groupId": "FromArt2ndIteration_containerGroup"
    },
    "container_Sandbox_Design_Stuff_00004": {
      "groupId": ""
    },
    "container_Sandbox_Design_Stuff_00076": {
      "groupId": ""
    },
    "container_Sandbox_Design_Stuff_00181": {
      "groupId": ""
    },
    "container_Sandbox_Design_Stuff_00002": {
      "groupId": ""
    },
    "container_ProfileEditor_00004": {
      "groupId": ""
    },
    "container_Sandbox_Design_Stuff_00066": {
      "groupId": ""
    },
    "container_Sandbox_Design_Stuff_00104": {
      "groupId": ""
    },
    "container_Sandbox_Design_Stuff_00094": {
      "groupId": ""
    },
    "container_Sandbox_Design_Stuff_00464": {
      "groupId": "FromArt2ndIteration_containerGroup"
    },
    "container_Sandbox_Design_Stuff_00408": {
      "groupId": "FromArt_containerGroup"
    },
    "container_Sandbox_Design_Stuff_00234": {
      "groupId": "sandbox_bag_sport_N11_6"
    },
    "container_Sandbox_Design_Stuff_00400": {
      "groupId": "lift_parking_N51_4_sandbox"
    },
    "container_Sandbox_Design_Stuff_00432": {
      "groupId": "FromArt_containerGroup"
    },
    "container_Sandbox_Design_Stuff_00097": {
      "groupId": ""
    }
  }
}