[
  {
    "Chance": 100,
    "ChancePVE": 100,
    "Count": 0,
    "CountPve": 0,
    "EntryPoints": "Customs,Boiler Tanks",
    "EventAvailable": false,
    "ExfiltrationTime": 8,
    "ExfiltrationTimePVE": 8,
    "ExfiltrationType": "Individual",
    "Id": "",
    "MaxTime": 0,
    "MaxTimePVE": 0,
    "MinTime": 0,
    "MinTimePVE": 0,
    "Name": "EXFIL_ZB013",
    "PassageRequirement": "WorldEvent",
    "PlayersCount": 0,
    "PlayersCountPVE": 0,
    "RequiredSlot": "FirstPrimaryWeapon",
    "RequirementTip": "",
    "Side": "Pmc"
  },
  {
    "Chance": 50,
    "ChancePVE": 50,
    "Count": 5000,
    "CountPve": 0,
    "EntryPoints": "Customs,Boiler Tanks",
    "EventAvailable": false,
    "ExfiltrationTime": 60,
    "ExfiltrationTimePVE": 60,
    "ExfiltrationType": "SharedTimer",
    "Id": "5449016a4bdc2d6f028b456f",
    "MaxTime": 0,
    "MaxTimePVE": 0,
    "MinTime": 0,
    "MinTimePVE": 0,
    "Name": "Dorms V-Ex",
    "PassageRequirement": "TransferItem",
    "PlayersCount": 4,
    "PlayersCountPVE": 4,
    "RequiredSlot": "FirstPrimaryWeapon",
    "RequirementTip": "EXFIL_Item",
    "Side": "Pmc"
  },
  {
    "Chance": 100,
    "ChancePVE": 100,
    "Count": 0,
    "CountPve": 0,
    "EntryPoints": "Customs",
    "EventAvailable": false,
    "ExfiltrationTime": 8,
    "ExfiltrationTimePVE": 8,
    "ExfiltrationType": "Individual",
    "Id": "",
    "MaxTime": 0,
    "MaxTimePVE": 0,
    "MinTime": 0,
    "MinTimePVE": 0,
    "Name": "ZB-1011",
    "PassageRequirement": "None",
    "PlayersCount": 0,
    "PlayersCountPVE": 0,
    "RequiredSlot": "FirstPrimaryWeapon",
    "RequirementTip": "",
    "Side": "Pmc"
  },
  {
    "Chance": 100,
    "ChancePVE": 100,
    "Count": 0,
    "CountPve": 0,
    "EntryPoints": "Boiler Tanks",
    "EventAvailable": false,
    "ExfiltrationTime": 8,
    "ExfiltrationTimePVE": 8,
    "ExfiltrationType": "Individual",
    "Id": "",
    "MaxTime": 0,
    "MaxTimePVE": 0,
    "MinTime": 0,
    "MinTimePVE": 0,
    "Name": "Crossroads",
    "PassageRequirement": "None",
    "PlayersCount": 0,
    "PlayersCountPVE": 0,
    "RequiredSlot": "FirstPrimaryWeapon",
    "RequirementTip": "",
    "Side": "Pmc"
  },
  {
    "Chance": 50,
    "ChancePVE": 50,
    "Count": 0,
    "CountPve": 0,
    "EntryPoints": "Customs",
    "EventAvailable": false,
    "ExfiltrationTime": 8,
    "ExfiltrationTimePVE": 8,
    "ExfiltrationType": "Individual",
    "Id": "",
    "MaxTime": 0,
    "MaxTimePVE": 0,
    "MinTime": 0,
    "MinTimePVE": 0,
    "Name": "Old Gas Station",
    "PassageRequirement": "None",
    "PlayersCount": 0,
    "PlayersCountPVE": 0,
    "RequiredSlot": "FirstPrimaryWeapon",
    "RequirementTip": "",
    "Side": "Pmc"
  },
  {
    "Chance": 100,
    "ChancePVE": 100,
    "Count": 0,
    "CountPve": 0,
    "EntryPoints": "Boiler Tanks",
    "EventAvailable": false,
    "ExfiltrationTime": 8,
    "ExfiltrationTimePVE": 8,
    "ExfiltrationType": "Individual",
    "Id": "",
    "MaxTime": 0,
    "MaxTimePVE": 0,
    "MinTime": 0,
    "MinTimePVE": 0,
    "Name": "Trailer Park",
    "PassageRequirement": "None",
    "PlayersCount": 0,
    "PlayersCountPVE": 0,
    "RequiredSlot": "FirstPrimaryWeapon",
    "RequirementTip": "",
    "Side": "Pmc"
  },
  {
    "Chance": 100,
    "ChancePVE": 100,
    "Count": 0,
    "CountPve": 0,
    "EntryPoints": "Boiler Tanks",
    "EventAvailable": false,
    "ExfiltrationTime": 8,
    "ExfiltrationTimePVE": 8,
    "ExfiltrationType": "Individual",
    "Id": "",
    "MaxTime": 0,
    "MaxTimePVE": 0,
    "MinTime": 0,
    "MinTimePVE": 0,
    "Name": "RUAF Roadblock",
    "PassageRequirement": "None",
    "PlayersCount": 0,
    "PlayersCountPVE": 0,
    "RequiredSlot": "FirstPrimaryWeapon",
    "RequirementTip": "",
    "Side": "Pmc"
  },
  {
    "Chance": 100,
    "ChancePVE": 100,
    "Count": 0,
    "CountPve": 0,
    "EntryPoints": "Customs,Boiler Tanks",
    "EventAvailable": false,
    "ExfiltrationTime": 8,
    "ExfiltrationTimePVE": 8,
    "ExfiltrationType": "Individual",
    "Id": "",
    "MaxTime": 0,
    "MaxTimePVE": 0,
    "MinTime": 0,
    "MinTimePVE": 0,
    "Name": "customs_sniper_exit",
    "PassageRequirement": "None",
    "PlayersCount": 0,
    "PlayersCountPVE": 0,
    "RequiredSlot": "FirstPrimaryWeapon",
    "RequirementTip": "",
    "Side": "Pmc"
  },
  {
    "Chance": 100,
    "ChancePVE": 100,
    "Count": 0,
    "CountPve": 0,
    "EntryPoints": " Customs,Boiler Tanks",
    "EventAvailable": false,
    "ExfiltrationTime": 8,
    "ExfiltrationTimePVE": 8,
    "ExfiltrationType": "Individual",
    "Id": "",
    "MaxTime": 0,
    "MaxTimePVE": 0,
    "MinTime": 0,
    "MinTimePVE": 0,
    "Name": "Custom_scav_pmc",
    "PassageRequirement": "ScavCooperation",
    "PlayersCount": 0,
    "PlayersCountPVE": 0,
    "RequiredSlot": "FirstPrimaryWeapon",
    "RequirementTip": "EXFIL_Cooperate",
    "Side": "Coop"
  },
  {
    "Chance": 100,
    "ChancePVE": 100,
    "Count": 0,
    "CountPve": 0,
    "EntryPoints": "",
    "EventAvailable": false,
    "ExfiltrationTime": 8,
    "ExfiltrationTimePVE": 8,
    "ExfiltrationType": "Individual",
    "Id": "",
    "MaxTime": 0,
    "MaxTimePVE": 0,
    "MinTime": 0,
    "MinTimePVE": 0,
    "Name": "Shack",
    "PassageRequirement": "None",
    "PlayersCount": 0,
    "PlayersCountPVE": 0,
    "RequiredSlot": "FirstPrimaryWeapon",
    "RequirementTip": "",
    "Side": "Scav"
  },
  {
    "Chance": 100,
    "ChancePVE": 100,
    "Count": 0,
    "CountPve": 0,
    "EntryPoints": "",
    "EventAvailable": false,
    "ExfiltrationTime": 8,
    "ExfiltrationTimePVE": 8,
    "ExfiltrationType": "Individual",
    "Id": "",
    "MaxTime": 0,
    "MaxTimePVE": 0,
    "MinTime": 0,
    "MinTimePVE": 0,
    "Name": "Beyond Fuel Tank",
    "PassageRequirement": "None",
    "PlayersCount": 0,
    "PlayersCountPVE": 0,
    "RequiredSlot": "FirstPrimaryWeapon",
    "RequirementTip": "",
    "Side": "Scav"
  },
  {
    "Chance": 100,
    "ChancePVE": 100,
    "Count": 0,
    "CountPve": 0,
    "EntryPoints": "",
    "EventAvailable": false,
    "ExfiltrationTime": 8,
    "ExfiltrationTimePVE": 8,
    "ExfiltrationType": "Individual",
    "Id": "",
    "MaxTime": 0,
    "MaxTimePVE": 0,
    "MinTime": 0,
    "MinTimePVE": 0,
    "Name": "Railroad To Military Base",
    "PassageRequirement": "None",
    "PlayersCount": 0,
    "PlayersCountPVE": 0,
    "RequiredSlot": "FirstPrimaryWeapon",
    "RequirementTip": "",
    "Side": "Scav"
  },
  {
    "Chance": 100,
    "ChancePVE": 100,
    "Count": 0,
    "CountPve": 0,
    "EntryPoints": "",
    "EventAvailable": false,
    "ExfiltrationTime": 8,
    "ExfiltrationTimePVE": 8,
    "ExfiltrationType": "Individual",
    "Id": "",
    "MaxTime": 0,
    "MaxTimePVE": 0,
    "MinTime": 0,
    "MinTimePVE": 0,
    "Name": "Old Road Gate",
    "PassageRequirement": "None",
    "PlayersCount": 0,
    "PlayersCountPVE": 0,
    "RequiredSlot": "FirstPrimaryWeapon",
    "RequirementTip": "",
    "Side": "Scav"
  },
  {
    "Chance": 100,
    "ChancePVE": 100,
    "Count": 0,
    "CountPve": 0,
    "EntryPoints": "",
    "EventAvailable": false,
    "ExfiltrationTime": 8,
    "ExfiltrationTimePVE": 8,
    "ExfiltrationType": "Individual",
    "Id": "",
    "MaxTime": 0,
    "MaxTimePVE": 0,
    "MinTime": 0,
    "MinTimePVE": 0,
    "Name": "Sniper Roadblock",
    "PassageRequirement": "None",
    "PlayersCount": 0,
    "PlayersCountPVE": 0,
    "RequiredSlot": "FirstPrimaryWeapon",
    "RequirementTip": "",
    "Side": "Scav"
  },
  {
    "Chance": 100,
    "ChancePVE": 100,
    "Count": 0,
    "CountPve": 0,
    "EntryPoints": "",
    "EventAvailable": false,
    "ExfiltrationTime": 8,
    "ExfiltrationTimePVE": 8,
    "ExfiltrationType": "Individual",
    "Id": "",
    "MaxTime": 0,
    "MaxTimePVE": 0,
    "MinTime": 0,
    "MinTimePVE": 0,
    "Name": "Railroad To Port",
    "PassageRequirement": "None",
    "PlayersCount": 0,
    "PlayersCountPVE": 0,
    "RequiredSlot": "FirstPrimaryWeapon",
    "RequirementTip": "",
    "Side": "Scav"
  },
  {
    "Chance": 100,
    "ChancePVE": 100,
    "Count": 0,
    "CountPve": 0,
    "EntryPoints": "",
    "EventAvailable": false,
    "ExfiltrationTime": 8,
    "ExfiltrationTimePVE": 8,
    "ExfiltrationType": "Individual",
    "Id": "",
    "MaxTime": 0,
    "MaxTimePVE": 0,
    "MinTime": 0,
    "MinTimePVE": 0,
    "Name": "Crossroads",
    "PassageRequirement": "None",
    "PlayersCount": 0,
    "PlayersCountPVE": 0,
    "RequiredSlot": "FirstPrimaryWeapon",
    "RequirementTip": "",
    "Side": "Scav"
  },
  {
    "Chance": 100,
    "ChancePVE": 100,
    "Count": 0,
    "CountPve": 0,
    "EntryPoints": "",
    "EventAvailable": false,
    "ExfiltrationTime": 8,
    "ExfiltrationTimePVE": 8,
    "ExfiltrationType": "Individual",
    "Id": "",
    "MaxTime": 0,
    "MaxTimePVE": 0,
    "MinTime": 0,
    "MinTimePVE": 0,
    "Name": "Trailer Park Workers Shack",
    "PassageRequirement": "None",
    "PlayersCount": 0,
    "PlayersCountPVE": 0,
    "RequiredSlot": "FirstPrimaryWeapon",
    "RequirementTip": "",
    "Side": "Scav"
  },
  {
    "Chance": 100,
    "ChancePVE": 100,
    "Count": 0,
    "CountPve": 0,
    "EntryPoints": "",
    "EventAvailable": false,
    "ExfiltrationTime": 8,
    "ExfiltrationTimePVE": 8,
    "ExfiltrationType": "Individual",
    "Id": "",
    "MaxTime": 0,
    "MaxTimePVE": 0,
    "MinTime": 0,
    "MinTimePVE": 0,
    "Name": "Railroad To Tarkov",
    "PassageRequirement": "None",
    "PlayersCount": 0,
    "PlayersCountPVE": 0,
    "RequiredSlot": "FirstPrimaryWeapon",
    "RequirementTip": "",
    "Side": "Scav"
  },
  {
    "Chance": 100,
    "ChancePVE": 100,
    "Count": 0,
    "CountPve": 0,
    "EntryPoints": "",
    "EventAvailable": false,
    "ExfiltrationTime": 8,
    "ExfiltrationTimePVE": 8,
    "ExfiltrationType": "Individual",
    "Id": "",
    "MaxTime": 0,
    "MaxTimePVE": 0,
    "MinTime": 0,
    "MinTimePVE": 0,
    "Name": "RUAF Roadblock_scav",
    "PassageRequirement": "None",
    "PlayersCount": 0,
    "PlayersCountPVE": 0,
    "RequiredSlot": "FirstPrimaryWeapon",
    "RequirementTip": "",
    "Side": "Scav"
  },
  {
    "Chance": 100,
    "ChancePVE": 100,
    "Count": 0,
    "CountPve": 0,
    "EntryPoints": "",
    "EventAvailable": false,
    "ExfiltrationTime": 8,
    "ExfiltrationTimePVE": 8,
    "ExfiltrationType": "Individual",
    "Id": "",
    "MaxTime": 0,
    "MaxTimePVE": 0,
    "MinTime": 0,
    "MinTimePVE": 0,
    "Name": "Warehouse 17",
    "PassageRequirement": "None",
    "PlayersCount": 0,
    "PlayersCountPVE": 0,
    "RequiredSlot": "FirstPrimaryWeapon",
    "RequirementTip": "",
    "Side": "Scav"
  },
  {
    "Chance": 100,
    "ChancePVE": 100,
    "Count": 0,
    "CountPve": 0,
    "EntryPoints": "",
    "EventAvailable": false,
    "ExfiltrationTime": 8,
    "ExfiltrationTimePVE": 8,
    "ExfiltrationType": "Individual",
    "Id": "",
    "MaxTime": 0,
    "MaxTimePVE": 0,
    "MinTime": 0,
    "MinTimePVE": 0,
    "Name": "Factory Shacks",
    "PassageRequirement": "None",
    "PlayersCount": 0,
    "PlayersCountPVE": 0,
    "RequiredSlot": "FirstPrimaryWeapon",
    "RequirementTip": "",
    "Side": "Scav"
  },
  {
    "Chance": 100,
    "ChancePVE": 100,
    "Count": 0,
    "CountPve": 0,
    "EntryPoints": "",
    "EventAvailable": false,
    "ExfiltrationTime": 8,
    "ExfiltrationTimePVE": 8,
    "ExfiltrationType": "Individual",
    "Id": "",
    "MaxTime": 0,
    "MaxTimePVE": 0,
    "MinTime": 0,
    "MinTimePVE": 0,
    "Name": "Warehouse 4",
    "PassageRequirement": "None",
    "PlayersCount": 0,
    "PlayersCountPVE": 0,
    "RequiredSlot": "FirstPrimaryWeapon",
    "RequirementTip": "",
    "Side": "Scav"
  },
  {
    "Chance": 100,
    "ChancePVE": 100,
    "Count": 0,
    "CountPve": 0,
    "EntryPoints": "",
    "EventAvailable": false,
    "ExfiltrationTime": 8,
    "ExfiltrationTimePVE": 8,
    "ExfiltrationType": "Individual",
    "Id": "",
    "MaxTime": 0,
    "MaxTimePVE": 0,
    "MinTime": 0,
    "MinTimePVE": 0,
    "Name": "Old Azs Gate",
    "PassageRequirement": "None",
    "PlayersCount": 0,
    "PlayersCountPVE": 0,
    "RequiredSlot": "FirstPrimaryWeapon",
    "RequirementTip": "",
    "Side": "Scav"
  },
  {
    "Chance": 100,
    "ChancePVE": 100,
    "Count": 0,
    "CountPve": 0,
    "EntryPoints": "",
    "EventAvailable": false,
    "ExfiltrationTime": 8,
    "ExfiltrationTimePVE": 8,
    "ExfiltrationType": "Individual",
    "Id": "",
    "MaxTime": 0,
    "MaxTimePVE": 0,
    "MinTime": 0,
    "MinTimePVE": 0,
    "Name": "Factory Far Corner",
    "PassageRequirement": "None",
    "PlayersCount": 0,
    "PlayersCountPVE": 0,
    "RequiredSlot": "FirstPrimaryWeapon",
    "RequirementTip": "",
    "Side": "Scav"
  },
  {
    "Chance": 100,
    "ChancePVE": 100,
    "Count": 0,
    "CountPve": 0,
    "EntryPoints": "",
    "EventAvailable": false,
    "ExfiltrationTime": 8,
    "ExfiltrationTimePVE": 8,
    "ExfiltrationType": "Individual",
    "Id": "",
    "MaxTime": 0,
    "MaxTimePVE": 0,
    "MinTime": 0,
    "MinTimePVE": 0,
    "Name": "Administration Gate",
    "PassageRequirement": "None",
    "PlayersCount": 0,
    "PlayersCountPVE": 0,
    "RequiredSlot": "FirstPrimaryWeapon",
    "RequirementTip": "",
    "Side": "Scav"
  },
  {
    "Chance": 100,
    "ChancePVE": 100,
    "Count": 0,
    "CountPve": 0,
    "EntryPoints": "",
    "EventAvailable": false,
    "ExfiltrationTime": 8,
    "ExfiltrationTimePVE": 8,
    "ExfiltrationType": "Individual",
    "Id": "",
    "MaxTime": 0,
    "MaxTimePVE": 0,
    "MinTime": 0,
    "MinTimePVE": 0,
    "Name": "Military Checkpoint",
    "PassageRequirement": "None",
    "PlayersCount": 0,
    "PlayersCountPVE": 0,
    "RequiredSlot": "FirstPrimaryWeapon",
    "RequirementTip": "",
    "Side": "Scav"
  }
]
