[
  {
    "Chance": 100,
    "ChancePVE": 100,
    "Count": 0,
    "CountPve": 0,
    "EntryPoints": "House,Old Station",
    "EventAvailable": false,
    "ExfiltrationTime": 20,
    "ExfiltrationTimePVE": 20,
    "ExfiltrationType": "SharedTimer",
    "Id": "",
    "MaxTime": 0,
    "MaxTimePVE": 0,
    "MinTime": 0,
    "MinTimePVE": 0,
    "Name": "Factory Gate",
    "PassageRequirement": "ScavCooperation",
    "PlayersCount": 0,
    "PlayersCountPVE": 0,
    "RequiredSlot": "FirstPrimaryWeapon",
    "RequirementTip": "EXFIL_Cooperate",
    "Side": "Coop"
  },
  {
    "Chance": 66,
    "ChancePVE": 66,
    "Count": 0,
    "CountPve": 0,
    "EntryPoints": "House",
    "EventAvailable": false,
    "ExfiltrationTime": 8,
    "ExfiltrationTimePVE": 8,
    "ExfiltrationType": "Individual",
    "Id": "",
    "MaxTime": 0,
    "MaxTimePVE": 0,
    "MinTime": 0,
    "MinTimePVE": 0,
    "Name": "RUAF Gate",
    "PassageRequirement": "None",
    "PlayersCount": 0,
    "PlayersCountPVE": 0,
    "RequiredSlot": "FirstPrimaryWeapon",
    "RequirementTip": "",
    "Side": "Pmc"
  },
  {
    "Chance": 66,
    "ChancePVE": 66,
    "Count": 0,
    "CountPve": 0,
    "EntryPoints": "House",
    "EventAvailable": false,
    "ExfiltrationTime": 8,
    "ExfiltrationTimePVE": 8,
    "ExfiltrationType": "Individual",
    "Id": "",
    "MaxTime": 0,
    "MaxTimePVE": 0,
    "MinTime": 0,
    "MinTimePVE": 0,
    "Name": "ZB-016",
    "PassageRequirement": "None",
    "PlayersCount": 0,
    "PlayersCountPVE": 0,
    "RequiredSlot": "FirstPrimaryWeapon",
    "RequirementTip": "",
    "Side": "Pmc"
  },
  {
    "Chance": 66,
    "ChancePVE": 66,
    "Count": 0,
    "CountPve": 0,
    "EntryPoints": "Old Station",
    "EventAvailable": false,
    "ExfiltrationTime": 8,
    "ExfiltrationTimePVE": 8,
    "ExfiltrationType": "Individual",
    "Id": "",
    "MaxTime": 0,
    "MaxTimePVE": 0,
    "MinTime": 0,
    "MinTimePVE": 0,
    "Name": "ZB-014",
    "PassageRequirement": "None",
    "PlayersCount": 0,
    "PlayersCountPVE": 0,
    "RequiredSlot": "FirstPrimaryWeapon",
    "RequirementTip": "",
    "Side": "Pmc"
  },
  {
    "Chance": 100,
    "ChancePVE": 100,
    "Count": 0,
    "CountPve": 0,
    "EntryPoints": "House",
    "EventAvailable": false,
    "ExfiltrationTime": 8,
    "ExfiltrationTimePVE": 8,
    "ExfiltrationType": "Individual",
    "Id": "",
    "MaxTime": 0,
    "MaxTimePVE": 0,
    "MinTime": 0,
    "MinTimePVE": 0,
    "Name": "UN Roadblock",
    "PassageRequirement": "None",
    "PlayersCount": 0,
    "PlayersCountPVE": 0,
    "RequiredSlot": "FirstPrimaryWeapon",
    "RequirementTip": "",
    "Side": "Pmc"
  },
  {
    "Chance": 50,
    "ChancePVE": 50,
    "Count": 5000,
    "CountPve": 0,
    "EntryPoints": "House,Old Station",
    "EventAvailable": false,
    "ExfiltrationTime": 60,
    "ExfiltrationTimePVE": 60,
    "ExfiltrationType": "SharedTimer",
    "Id": "5449016a4bdc2d6f028b456f",
    "MaxTime": 0,
    "MaxTimePVE": 0,
    "MinTime": 0,
    "MinTimePVE": 0,
    "Name": "South V-Ex",
    "PassageRequirement": "TransferItem",
    "PlayersCount": 4,
    "PlayersCountPVE": 4,
    "RequiredSlot": "FirstPrimaryWeapon",
    "RequirementTip": "EXFIL_Item",
    "Side": "Pmc"
  },
  {
    "Chance": 100,
    "ChancePVE": 100,
    "Count": 0,
    "CountPve": 0,
    "EntryPoints": "Old Station",
    "EventAvailable": false,
    "ExfiltrationTime": 8,
    "ExfiltrationTimePVE": 8,
    "ExfiltrationType": "Individual",
    "Id": "",
    "MaxTime": 0,
    "MaxTimePVE": 0,
    "MinTime": 0,
    "MinTimePVE": 0,
    "Name": "Outskirts",
    "PassageRequirement": "None",
    "PlayersCount": 0,
    "PlayersCountPVE": 0,
    "RequiredSlot": "FirstPrimaryWeapon",
    "RequirementTip": "",
    "Side": "Pmc"
  },
  {
    "Chance": 100,
    "ChancePVE": 100,
    "Count": 0,
    "CountPve": 0,
    "EntryPoints": "House",
    "EventAvailable": false,
    "ExfiltrationTime": 8,
    "ExfiltrationTimePVE": 8,
    "ExfiltrationType": "Individual",
    "Id": "",
    "MaxTime": 0,
    "MaxTimePVE": 0,
    "MinTime": 0,
    "MinTimePVE": 0,
    "Name": "un-sec",
    "PassageRequirement": "None",
    "PlayersCount": 0,
    "PlayersCountPVE": 0,
    "RequiredSlot": "FirstPrimaryWeapon",
    "RequirementTip": "",
    "Side": "Pmc"
  },
  {
    "Chance": 100,
    "ChancePVE": 100,
    "Count": 0,
    "CountPve": 0,
    "EntryPoints": "House,Old Station",
    "EventAvailable": false,
    "ExfiltrationTime": 8,
    "ExfiltrationTimePVE": 8,
    "ExfiltrationType": "Individual",
    "Id": "",
    "MaxTime": 0,
    "MaxTimePVE": 0,
    "MinTime": 0,
    "MinTimePVE": 0,
    "Name": "wood_sniper_exit",
    "PassageRequirement": "None",
    "PlayersCount": 0,
    "PlayersCountPVE": 0,
    "RequiredSlot": "FirstPrimaryWeapon",
    "RequirementTip": "",
    "Side": "Pmc"
  },
  {
    "Chance": 100,
    "ChancePVE": 100,
    "Count": 0,
    "CountPve": 0,
    "EntryPoints": "",
    "EventAvailable": false,
    "ExfiltrationTime": 8,
    "ExfiltrationTimePVE": 8,
    "ExfiltrationType": "Individual",
    "Id": "",
    "MaxTime": 0,
    "MaxTimePVE": 0,
    "MinTime": 0,
    "MinTimePVE": 0,
    "Name": "Outskirts",
    "PassageRequirement": "None",
    "PlayersCount": 0,
    "PlayersCountPVE": 0,
    "RequiredSlot": "FirstPrimaryWeapon",
    "RequirementTip": "",
    "Side": "Scav"
  },
  {
    "Chance": 100,
    "ChancePVE": 100,
    "Count": 0,
    "CountPve": 0,
    "EntryPoints": "",
    "EventAvailable": false,
    "ExfiltrationTime": 8,
    "ExfiltrationTimePVE": 8,
    "ExfiltrationType": "Individual",
    "Id": "",
    "MaxTime": 0,
    "MaxTimePVE": 0,
    "MinTime": 0,
    "MinTimePVE": 0,
    "Name": "Dead Man's Place",
    "PassageRequirement": "None",
    "PlayersCount": 0,
    "PlayersCountPVE": 0,
    "RequiredSlot": "FirstPrimaryWeapon",
    "RequirementTip": "",
    "Side": "Scav"
  },
  {
    "Chance": 100,
    "ChancePVE": 100,
    "Count": 0,
    "CountPve": 0,
    "EntryPoints": "",
    "EventAvailable": false,
    "ExfiltrationTime": 8,
    "ExfiltrationTimePVE": 8,
    "ExfiltrationType": "Individual",
    "Id": "",
    "MaxTime": 0,
    "MaxTimePVE": 0,
    "MinTime": 0,
    "MinTimePVE": 0,
    "Name": "The Boat",
    "PassageRequirement": "None",
    "PlayersCount": 0,
    "PlayersCountPVE": 0,
    "RequiredSlot": "FirstPrimaryWeapon",
    "RequirementTip": "",
    "Side": "Scav"
  },
  {
    "Chance": 100,
    "ChancePVE": 100,
    "Count": 0,
    "CountPve": 0,
    "EntryPoints": "",
    "EventAvailable": false,
    "ExfiltrationTime": 8,
    "ExfiltrationTimePVE": 8,
    "ExfiltrationType": "Individual",
    "Id": "",
    "MaxTime": 0,
    "MaxTimePVE": 0,
    "MinTime": 0,
    "MinTimePVE": 0,
    "Name": "Scav House",
    "PassageRequirement": "None",
    "PlayersCount": 0,
    "PlayersCountPVE": 0,
    "RequiredSlot": "FirstPrimaryWeapon",
    "RequirementTip": "",
    "Side": "Scav"
  },
  {
    "Chance": 100,
    "ChancePVE": 100,
    "Count": 0,
    "CountPve": 0,
    "EntryPoints": "",
    "EventAvailable": false,
    "ExfiltrationTime": 8,
    "ExfiltrationTimePVE": 8,
    "ExfiltrationType": "Individual",
    "Id": "",
    "MaxTime": 0,
    "MaxTimePVE": 0,
    "MinTime": 0,
    "MinTimePVE": 0,
    "Name": "East Gate",
    "PassageRequirement": "None",
    "PlayersCount": 0,
    "PlayersCountPVE": 0,
    "RequiredSlot": "FirstPrimaryWeapon",
    "RequirementTip": "",
    "Side": "Scav"
  },
  {
    "Chance": 100,
    "ChancePVE": 100,
    "Count": 0,
    "CountPve": 0,
    "EntryPoints": "",
    "EventAvailable": false,
    "ExfiltrationTime": 8,
    "ExfiltrationTimePVE": 8,
    "ExfiltrationType": "Individual",
    "Id": "",
    "MaxTime": 0,
    "MaxTimePVE": 0,
    "MinTime": 0,
    "MinTimePVE": 0,
    "Name": "Mountain Stash",
    "PassageRequirement": "None",
    "PlayersCount": 0,
    "PlayersCountPVE": 0,
    "RequiredSlot": "FirstPrimaryWeapon",
    "RequirementTip": "",
    "Side": "Scav"
  },
  {
    "Chance": 100,
    "ChancePVE": 100,
    "Count": 0,
    "CountPve": 0,
    "EntryPoints": "",
    "EventAvailable": false,
    "ExfiltrationTime": 8,
    "ExfiltrationTimePVE": 8,
    "ExfiltrationType": "Individual",
    "Id": "",
    "MaxTime": 0,
    "MaxTimePVE": 0,
    "MinTime": 0,
    "MinTimePVE": 0,
    "Name": "West Border",
    "PassageRequirement": "None",
    "PlayersCount": 0,
    "PlayersCountPVE": 0,
    "RequiredSlot": "FirstPrimaryWeapon",
    "RequirementTip": "",
    "Side": "Scav"
  },
  {
    "Chance": 100,
    "ChancePVE": 100,
    "Count": 0,
    "CountPve": 0,
    "EntryPoints": "",
    "EventAvailable": false,
    "ExfiltrationTime": 8,
    "ExfiltrationTimePVE": 8,
    "ExfiltrationType": "Individual",
    "Id": "",
    "MaxTime": 0,
    "MaxTimePVE": 0,
    "MinTime": 0,
    "MinTimePVE": 0,
    "Name": "Old Station",
    "PassageRequirement": "None",
    "PlayersCount": 0,
    "PlayersCountPVE": 0,
    "RequiredSlot": "FirstPrimaryWeapon",
    "RequirementTip": "",
    "Side": "Scav"
  },
  {
    "Chance": 100,
    "ChancePVE": 100,
    "Count": 0,
    "CountPve": 0,
    "EntryPoints": "",
    "EventAvailable": false,
    "ExfiltrationTime": 8,
    "ExfiltrationTimePVE": 8,
    "ExfiltrationType": "Individual",
    "Id": "",
    "MaxTime": 0,
    "MaxTimePVE": 0,
    "MinTime": 0,
    "MinTimePVE": 0,
    "Name": "UN Roadblock",
    "PassageRequirement": "None",
    "PlayersCount": 0,
    "PlayersCountPVE": 0,
    "RequiredSlot": "FirstPrimaryWeapon",
    "RequirementTip": "",
    "Side": "Scav"
  },
  {
    "Chance": 100,
    "ChancePVE": 100,
    "Count": 0,
    "CountPve": 0,
    "EntryPoints": "",
    "EventAvailable": false,
    "ExfiltrationTime": 8,
    "ExfiltrationTimePVE": 8,
    "ExfiltrationType": "Individual",
    "Id": "",
    "MaxTime": 0,
    "MaxTimePVE": 0,
    "MinTime": 0,
    "MinTimePVE": 0,
    "Name": "RUAF Roadblock",
    "PassageRequirement": "None",
    "PlayersCount": 0,
    "PlayersCountPVE": 0,
    "RequiredSlot": "FirstPrimaryWeapon",
    "RequirementTip": "",
    "Side": "Scav"
  }
]
