[
  {
    "Chance": 100.0,
    "ChancePVE": 100.0,
    "Count": 0,
    "CountPve": 0,
    "EntryPoints": "Factory",
    "EventAvailable": false,
    "ExfiltrationTime": 5.0,
    "ExfiltrationTimePVE": 5.0,
    "ExfiltrationType": "SharedTimer",
    "Id": "",
    "MinTime": 900.0,
    "MinTimePVE": 900.0,
    "MaxTime": 905.0,
    "MaxTimePVE": 905.0,
    "Name": "labir_exit",
    "PassageRequirement": "Timer",
    "PlayersCount": 0,
    "PlayersCountPVE": 0,
    "RequiredSlot": "FirstPrimaryWeapon",
    "RequirementTip": "",
    "Side": "Pmc"
  }
]