{"staticWeapons":[],"staticContainers":[{"probability":0.7,"template":{"Id":"container_Labyrinth_DesignMain_00010","IsContainer":true,"useGravity":false,"randomRotation":false,"Position":{"x":0,"y":0,"z":0},"Rotation":{"x":0,"y":0,"z":0},"IsGroupPosition":false,"GroupPositions":[],"IsAlwaysSpawn":false,"Root":"67f1907b0333a937060b4ac0","Items":[{"_id":"67f1907b0333a937060b4ac0","_tpl":"67adf4db515e3dd542077a1d","upd":{"StackObjectsCount":1}}]}},{"probability":0.58,"template":{"Id":"container_Labyrinth_DesignMain_00014","IsContainer":true,"useGravity":false,"randomRotation":false,"Position":{"x":0,"y":0,"z":0},"Rotation":{"x":0,"y":0,"z":0},"IsGroupPosition":false,"GroupPositions":[],"IsAlwaysSpawn":false,"Root":"67f1907b0333a937060b4ac4","Items":[{"_id":"67f1907b0333a937060b4ac4","_tpl":"67adf4eb110ba15da90c6413","upd":{"StackObjectsCount":1}}]}},{"probability":0.65,"template":{"Id":"container_Labyrinth_DesignMain_00017","IsContainer":true,"useGravity":false,"randomRotation":false,"Position":{"x":0,"y":0,"z":0},"Rotation":{"x":0,"y":0,"z":0},"IsGroupPosition":false,"GroupPositions":[],"IsAlwaysSpawn":true,"Root":"67f1907b0333a937060b4ad4","Items":[{"_id":"67f1907b0333a937060b4ad4","_tpl":"67adf5f7adc1f43b0702b826","upd":{"StackObjectsCount":1}}]}},{"probability":0.62,"template":{"Id":"container_ProfileEditor_00004","IsContainer":true,"useGravity":false,"randomRotation":false,"Position":{"x":0,"y":0,"z":0},"Rotation":{"x":0,"y":0,"z":0},"IsGroupPosition":false,"GroupPositions":[],"IsAlwaysSpawn":false,"Root":"67f1907b0333a937060b4aec","Items":[{"_id":"67f1907b0333a937060b4aec","_tpl":"67adf5752fc5ee84020a9940","upd":{"StackObjectsCount":1}}]}},{"probability":0.71,"template":{"Id":"container_Labyrinth_Scripts_00001","IsContainer":true,"useGravity":false,"randomRotation":false,"Position":{"x":0,"y":0,"z":0},"Rotation":{"x":0,"y":0,"z":0},"IsGroupPosition":false,"GroupPositions":[],"IsAlwaysSpawn":false,"Root":"67f1907b0333a937060b4af0","Items":[{"_id":"67f1907b0333a937060b4af0","_tpl":"67adf4db515e3dd542077a1d","upd":{"StackObjectsCount":1}}]}},{"probability":0.46,"template":{"Id":"container_Labyrinth_DesignMain_00001","IsContainer":true,"useGravity":false,"randomRotation":false,"Position":{"x":0,"y":0,"z":0},"Rotation":{"x":0,"y":0,"z":0},"IsGroupPosition":false,"GroupPositions":[],"IsAlwaysSpawn":false,"Root":"67f1907b0333a937060b4af8","Items":[{"_id":"67f1907b0333a937060b4af8","_tpl":"67adf4a95247ac91530fcec7","upd":{"StackObjectsCount":1}}]}},{"probability":0.61,"template":{"Id":"container_Labyrinth_DesignMain_00011","IsContainer":true,"useGravity":false,"randomRotation":false,"Position":{"x":0,"y":0,"z":0},"Rotation":{"x":0,"y":0,"z":0},"IsGroupPosition":false,"GroupPositions":[],"IsAlwaysSpawn":false,"Root":"67f1907b0333a937060b4b06","Items":[{"_id":"67f1907b0333a937060b4b06","_tpl":"67adf54d1c58bd68b2002ff0","upd":{"StackObjectsCount":1}}]}},{"probability":0.59,"template":{"Id":"container_Labyrinth_DesignMain_00007","IsContainer":true,"useGravity":false,"randomRotation":false,"Position":{"x":0,"y":0,"z":0},"Rotation":{"x":0,"y":0,"z":0},"IsGroupPosition":false,"GroupPositions":[],"IsAlwaysSpawn":false,"Root":"67f1907b0333a937060b4b0c","Items":[{"_id":"67f1907b0333a937060b4b0c","_tpl":"67adf5752fc5ee84020a9940","upd":{"StackObjectsCount":1}}]}},{"probability":0.6,"template":{"Id":"container_Labyrinth_DesignMain_00022","IsContainer":true,"useGravity":false,"randomRotation":false,"Position":{"x":0,"y":0,"z":0},"Rotation":{"x":0,"y":0,"z":0},"IsGroupPosition":false,"GroupPositions":[],"IsAlwaysSpawn":false,"Root":"67f1907b0333a937060b4b10","Items":[{"_id":"67f1907b0333a937060b4b10","_tpl":"67adf4db515e3dd542077a1d","upd":{"StackObjectsCount":1}}]}},{"probability":0.61,"template":{"Id":"container_Labyrinth_DesignMain_00012","IsContainer":true,"useGravity":false,"randomRotation":false,"Position":{"x":0,"y":0,"z":0},"Rotation":{"x":0,"y":0,"z":0},"IsGroupPosition":false,"GroupPositions":[],"IsAlwaysSpawn":false,"Root":"67f1907b0333a937060b4b14","Items":[{"_id":"67f1907b0333a937060b4b14","_tpl":"67adf54d1c58bd68b2002ff0","upd":{"StackObjectsCount":1}}]}},{"probability":0.6,"template":{"Id":"container_Labyrinth_DesignMain_00024","IsContainer":true,"useGravity":false,"randomRotation":false,"Position":{"x":0,"y":0,"z":0},"Rotation":{"x":0,"y":0,"z":0},"IsGroupPosition":false,"GroupPositions":[],"IsAlwaysSpawn":false,"Root":"67f1907b0333a937060b4b1c","Items":[{"_id":"67f1907b0333a937060b4b1c","_tpl":"67adf4b81c58bd68b2002fec","upd":{"StackObjectsCount":1}}]}},{"probability":0.64,"template":{"Id":"container_Labyrinth_DesignMain_00016","IsContainer":true,"useGravity":false,"randomRotation":false,"Position":{"x":0,"y":0,"z":0},"Rotation":{"x":0,"y":0,"z":0},"IsGroupPosition":false,"GroupPositions":[],"IsAlwaysSpawn":true,"Root":"67f1907b0333a937060b4b26","Items":[{"_id":"67f1907b0333a937060b4b26","_tpl":"67adf5f7adc1f43b0702b826","upd":{"StackObjectsCount":1}}]}},{"probability":1,"template":{"Id":"container_Labyrinth_Scripts_00003","IsContainer":true,"useGravity":false,"randomRotation":false,"Position":{"x":0,"y":0,"z":0},"Rotation":{"x":0,"y":0,"z":0},"IsGroupPosition":false,"GroupPositions":[],"IsAlwaysSpawn":true,"Root":"67f1907b0333a937060b4b32","Items":[{"_id":"67f1907b0333a937060b4b32","_tpl":"67adf5752fc5ee84020a9940","upd":{"StackObjectsCount":1}}]}},{"probability":0.71,"template":{"Id":"container_Labyrinth_Scripts_00002","IsContainer":true,"useGravity":false,"randomRotation":false,"Position":{"x":0,"y":0,"z":0},"Rotation":{"x":0,"y":0,"z":0},"IsGroupPosition":false,"GroupPositions":[],"IsAlwaysSpawn":false,"Root":"67f1907b0333a937060b4b36","Items":[{"_id":"67f1907b0333a937060b4b36","_tpl":"67adf54d1c58bd68b2002ff0","upd":{"StackObjectsCount":1}}]}},{"probability":0.58,"template":{"Id":"container_Labyrinth_DesignMain_00013","IsContainer":true,"useGravity":false,"randomRotation":false,"Position":{"x":0,"y":0,"z":0},"Rotation":{"x":0,"y":0,"z":0},"IsGroupPosition":false,"GroupPositions":[],"IsAlwaysSpawn":false,"Root":"67f1907b0333a937060b4b3c","Items":[{"_id":"67f1907b0333a937060b4b3c","_tpl":"67adf4eb110ba15da90c6413","upd":{"StackObjectsCount":1}}]}},{"probability":1,"template":{"Id":"container_Labyrinth_Scripts_00000","IsContainer":true,"useGravity":false,"randomRotation":false,"Position":{"x":0,"y":0,"z":0},"Rotation":{"x":0,"y":0,"z":0},"IsGroupPosition":false,"GroupPositions":[],"IsAlwaysSpawn":true,"Root":"67f1907b0333a937060b4b44","Items":[{"_id":"67f1907b0333a937060b4b44","_tpl":"67adf5752fc5ee84020a9940","upd":{"StackObjectsCount":1}}]}},{"probability":0.46,"template":{"Id":"container_Labyrinth_DesignMain_00005","IsContainer":true,"useGravity":false,"randomRotation":false,"Position":{"x":0,"y":0,"z":0},"Rotation":{"x":0,"y":0,"z":0},"IsGroupPosition":false,"GroupPositions":[],"IsAlwaysSpawn":false,"Root":"67f1aef4b92c67ce710bea83","Items":[{"_id":"67f1aef4b92c67ce710bea83","_tpl":"67adf4db515e3dd542077a1d","upd":{"StackObjectsCount":1}}]}},{"probability":0.6,"template":{"Id":"container_Labyrinth_DesignMain_00021","IsContainer":true,"useGravity":false,"randomRotation":false,"Position":{"x":0,"y":0,"z":0},"Rotation":{"x":0,"y":0,"z":0},"IsGroupPosition":false,"GroupPositions":[],"IsAlwaysSpawn":false,"Root":"67f1aef4b92c67ce710bea89","Items":[{"_id":"67f1aef4b92c67ce710bea89","_tpl":"67adf4db515e3dd542077a1d","upd":{"StackObjectsCount":1}}]}},{"probability":0.58,"template":{"Id":"container_Labyrinth_DesignMain_00023","IsContainer":true,"useGravity":false,"randomRotation":false,"Position":{"x":0,"y":0,"z":0},"Rotation":{"x":0,"y":0,"z":0},"IsGroupPosition":false,"GroupPositions":[],"IsAlwaysSpawn":false,"Root":"67f1aef4b92c67ce710bea91","Items":[{"_id":"67f1aef4b92c67ce710bea91","_tpl":"67adf4b81c58bd68b2002fec","upd":{"StackObjectsCount":1}}]}},{"probability":0.56,"template":{"Id":"container_Labyrinth_DesignMain_00009","IsContainer":true,"useGravity":false,"randomRotation":false,"Position":{"x":0,"y":0,"z":0},"Rotation":{"x":0,"y":0,"z":0},"IsGroupPosition":false,"GroupPositions":[],"IsAlwaysSpawn":false,"Root":"67f1aef4b92c67ce710bea9d","Items":[{"_id":"67f1aef4b92c67ce710bea9d","_tpl":"67adf5752fc5ee84020a9940","upd":{"StackObjectsCount":1}}]}},{"probability":0.61,"template":{"Id":"container_Labyrinth_DesignMain_00025","IsContainer":true,"useGravity":false,"randomRotation":false,"Position":{"x":0,"y":0,"z":0},"Rotation":{"x":0,"y":0,"z":0},"IsGroupPosition":false,"GroupPositions":[],"IsAlwaysSpawn":false,"Root":"67f1aef4b92c67ce710beaa1","Items":[{"_id":"67f1aef4b92c67ce710beaa1","_tpl":"67adf5752fc5ee84020a9940","upd":{"StackObjectsCount":1}}]}},{"probability":0.59,"template":{"Id":"container_Labyrinth_DesignMain_00019","IsContainer":true,"useGravity":false,"randomRotation":false,"Position":{"x":0,"y":0,"z":0},"Rotation":{"x":0,"y":0,"z":0},"IsGroupPosition":false,"GroupPositions":[],"IsAlwaysSpawn":false,"Root":"67f1aef4b92c67ce710beaa5","Items":[{"_id":"67f1aef4b92c67ce710beaa5","_tpl":"67adf4db515e3dd542077a1d","upd":{"StackObjectsCount":1}}]}},{"probability":0.71,"template":{"Id":"container_Labyrinth_Scripts_00004","IsContainer":true,"useGravity":false,"randomRotation":false,"Position":{"x":0,"y":0,"z":0},"Rotation":{"x":0,"y":0,"z":0},"IsGroupPosition":false,"GroupPositions":[],"IsAlwaysSpawn":false,"Root":"67f1aef4b92c67ce710beac7","Items":[{"_id":"67f1aef4b92c67ce710beac7","_tpl":"67adf4b81c58bd68b2002fec","upd":{"StackObjectsCount":1}}]}},{"probability":0.49,"template":{"Id":"container_Labyrinth_DesignMain_00003","IsContainer":true,"useGravity":false,"randomRotation":false,"Position":{"x":0,"y":0,"z":0},"Rotation":{"x":0,"y":0,"z":0},"IsGroupPosition":false,"GroupPositions":[],"IsAlwaysSpawn":false,"Root":"67f1aef4b92c67ce710beb14","Items":[{"_id":"67f1aef4b92c67ce710beb14","_tpl":"67adf4db515e3dd542077a1d","upd":{"StackObjectsCount":1}}]}},{"probability":0.5,"template":{"Id":"container_Labyrinth_Scripts_00007","IsContainer":true,"useGravity":false,"randomRotation":false,"Position":{"x":0,"y":0,"z":0},"Rotation":{"x":0,"y":0,"z":0},"IsGroupPosition":false,"GroupPositions":[],"IsAlwaysSpawn":false,"Root":"67f1a33bc250ee673e0207a7","Items":[{"_id":"67f1a33bc250ee673e0207a7","_tpl":"67adf4eb110ba15da90c6413","upd":{"StackObjectsCount":1}}]}},{"probability":0.59,"template":{"Id":"container_Labyrinth_DesignMain_00008","IsContainer":true,"useGravity":false,"randomRotation":false,"Position":{"x":0,"y":0,"z":0},"Rotation":{"x":0,"y":0,"z":0},"IsGroupPosition":false,"GroupPositions":[],"IsAlwaysSpawn":false,"Root":"67f1a33bc250ee673e0207bd","Items":[{"_id":"67f1a33bc250ee673e0207bd","_tpl":"67adf5752fc5ee84020a9940","upd":{"StackObjectsCount":1}}]}},{"probability":0.53,"template":{"Id":"container_Labyrinth_DesignMain_00002","IsContainer":true,"useGravity":false,"randomRotation":false,"Position":{"x":0,"y":0,"z":0},"Rotation":{"x":0,"y":0,"z":0},"IsGroupPosition":false,"GroupPositions":[],"IsAlwaysSpawn":true,"Root":"67f1a33bc250ee673e0207c6","Items":[{"_id":"67f1a33bc250ee673e0207c6","_tpl":"67adf5f7adc1f43b0702b826","upd":{"StackObjectsCount":1}}]}},{"probability":0.47,"template":{"Id":"container_Labyrinth_Scripts_00006","IsContainer":true,"useGravity":false,"randomRotation":false,"Position":{"x":0,"y":0,"z":0},"Rotation":{"x":0,"y":0,"z":0},"IsGroupPosition":false,"GroupPositions":[],"IsAlwaysSpawn":false,"Root":"67f1a33bc250ee673e0207d2","Items":[{"_id":"67f1a33bc250ee673e0207d2","_tpl":"67adf4db515e3dd542077a1d","upd":{"StackObjectsCount":1}}]}},{"probability":0.58,"template":{"Id":"container_Labyrinth_DesignMain_00020","IsContainer":true,"useGravity":false,"randomRotation":false,"Position":{"x":0,"y":0,"z":0},"Rotation":{"x":0,"y":0,"z":0},"IsGroupPosition":false,"GroupPositions":[],"IsAlwaysSpawn":false,"Root":"67f1a33bc250ee673e0207dc","Items":[{"_id":"67f1a33bc250ee673e0207dc","_tpl":"67adf4db515e3dd542077a1d","upd":{"StackObjectsCount":1}}]}},{"probability":0.64,"template":{"Id":"container_Labyrinth_DesignMain_00015","IsContainer":true,"useGravity":false,"randomRotation":false,"Position":{"x":0,"y":0,"z":0},"Rotation":{"x":0,"y":0,"z":0},"IsGroupPosition":false,"GroupPositions":[],"IsAlwaysSpawn":true,"Root":"67f1a33bc250ee673e0207e6","Items":[{"_id":"67f1a33bc250ee673e0207e6","_tpl":"67adf5f7adc1f43b0702b826","upd":{"StackObjectsCount":1}}]}},{"probability":0.49,"template":{"Id":"container_Labyrinth_Scripts_00008","IsContainer":true,"useGravity":false,"randomRotation":false,"Position":{"x":0,"y":0,"z":0},"Rotation":{"x":0,"y":0,"z":0},"IsGroupPosition":false,"GroupPositions":[],"IsAlwaysSpawn":false,"Root":"67f1a33bc250ee673e020802","Items":[{"_id":"67f1a33bc250ee673e020802","_tpl":"67adf4a95247ac91530fcec7","upd":{"StackObjectsCount":1}}]}},{"probability":0.6,"template":{"Id":"container_Labyrinth_DesignMain_00006","IsContainer":true,"useGravity":false,"randomRotation":false,"Position":{"x":0,"y":0,"z":0},"Rotation":{"x":0,"y":0,"z":0},"IsGroupPosition":false,"GroupPositions":[],"IsAlwaysSpawn":false,"Root":"67f1a33bc250ee673e020818","Items":[{"_id":"67f1a33bc250ee673e020818","_tpl":"67adf5752fc5ee84020a9940","upd":{"StackObjectsCount":1}}]}},{"probability":0.62,"template":{"Id":"container_Labyrinth_DesignMain_00018","IsContainer":true,"useGravity":false,"randomRotation":false,"Position":{"x":0,"y":0,"z":0},"Rotation":{"x":0,"y":0,"z":0},"IsGroupPosition":false,"GroupPositions":[],"IsAlwaysSpawn":false,"Root":"67f1a33bc250ee673e020824","Items":[{"_id":"67f1a33bc250ee673e020824","_tpl":"67adf4db515e3dd542077a1d","upd":{"StackObjectsCount":1}}]}},{"probability":0.47,"template":{"Id":"container_Labyrinth_DesignMain_00000","IsContainer":true,"useGravity":false,"randomRotation":false,"Position":{"x":0,"y":0,"z":0},"Rotation":{"x":0,"y":0,"z":0},"IsGroupPosition":false,"GroupPositions":[],"IsAlwaysSpawn":false,"Root":"67f1a33bc250ee673e020840","Items":[{"_id":"67f1a33bc250ee673e020840","_tpl":"67adf54d1c58bd68b2002ff0","upd":{"StackObjectsCount":1}}]}},{"probability":0.56,"template":{"Id":"container_Labyrinth_DesignMain_00004","IsContainer":true,"useGravity":false,"randomRotation":false,"Position":{"x":0,"y":0,"z":0},"Rotation":{"x":0,"y":0,"z":0},"IsGroupPosition":false,"GroupPositions":[],"IsAlwaysSpawn":true,"Root":"67f19e8c9026a85474047706","Items":[{"_id":"67f19e8c9026a85474047706","_tpl":"67adf5f7adc1f43b0702b826","upd":{"StackObjectsCount":1}}]}}],"staticForced":[]}