{
  "_id": "5ac3b934156ae10c4430e83c",
  "availableInRaid": false,
  "avatar": "/files/trader/avatar/5ac3b86a86f77461491d1ad8.jpg",
  "balance_dol": 0,
  "balance_eur": 0,
  "balance_rub": 7000000,
  "buyer_up": false,
  "currency": "RUB",
  "customization_seller": true,
  "discount": 0,
  "discount_end": 0,
  "gridHeight": 200,
  "insurance": {
    "availability": false,
    "excluded_category": [],
    "max_return_hour": 36,
    "max_storage_time": 72,
    "min_payment": 0,
    "min_return_hour": 24
  },
  "isCanTransferItems": false,
  "items_buy": {
    "category": [
      "543be5f84bdc2dd4348b456a",
      "5795f317245977243854e041",
      "5448e5284bdc2dcb718b4567",
      "5448e53e4bdc2d60728b4567"
    ],
    "id_list": [
      "5e2af41e86f774755a234b67",
      "5e2af4a786f7746d3f3c3400",
      "5e2af47786f7746d404f3aaa",
      "5c12688486f77426843c7d32"
    ]
  },
  "items_buy_prohibited": {
    "category": [],
    "id_list": [
      "62e910aaf957f2915e0a5e36",
      "64d0b40fbe2eed70e254e2d4",
      "65ddcc9cfa85b9f17d0dfb07",
      "65ca457b4aafb5d7fc0dcb5d",
      "660312cc4d6cdfa6f500c703",
      "660bbc98c38b837877075e4a",
      "660bc341c38b837877075e4c",
      "6638a5474e92f038531e210e",
      "66bc98a01a47be227a5e956e",
      "6655e35b6bc645cb7b059912",
      "666879d498b97e3a8f09f1ae",
      "6399f54b0a36db13c823ad21",
      "66687bc89111279d600b5062",
      "66d98233302686954b0c6f81",
      "6707d0bdaab679420007e01a",
      "6707d0804e617ec94f0e562f",
      "67408903268737ef6908d432",
      "67614b542eb91250020f2b86",
      "67614b6b47c71ea3d40256d7"
    ]
  },
  "location": "",
  "loyaltyLevels": [
    {
      "buy_price_coef": 38,
      "exchange_price_coef": 0,
      "heal_price_coef": 0,
      "insurance_price_coef": 10,
      "minLevel": 1,
      "minSalesSum": 0,
      "minStanding": 0,
      "repair_price_coef": 175
    },
    {
      "buy_price_coef": 38,
      "exchange_price_coef": 0,
      "heal_price_coef": 0,
      "insurance_price_coef": "12",
      "minLevel": 17,
      "minSalesSum": 750000,
      "minStanding": 0,
      "repair_price_coef": 170
    },
    {
      "buy_price_coef": 38,
      "exchange_price_coef": 0,
      "heal_price_coef": 0,
      "insurance_price_coef": "14",
      "minLevel": 32,
      "minSalesSum": 1600000,
      "minStanding": 0.3,
      "repair_price_coef": 165
    },
    {
      "buy_price_coef": 38,
      "exchange_price_coef": 0,
      "heal_price_coef": 0,
      "insurance_price_coef": "17",
      "minLevel": 42,
      "minSalesSum": 2500000,
      "minStanding": 0.6,
      "repair_price_coef": 160
    }
  ],
  "medic": false,
  "name": "Аршавир Саркисович",
  "nextResupply": 1631489044,
  "nickname": "Ragman",
  "prohibitedTransferableItems": {
    "category": [],
    "id_list": []
  },
  "repair": {
    "availability": false,
    "currency": "5449016a4bdc2d6f028b456f",
    "currency_coefficient": 1,
    "excluded_category": [],
    "excluded_id_list": [],
    "price_rate": 0,
    "quality": "1"
  },
  "sell_category": [],
  "sell_modifier_for_prohibited_items": 0,
  "surname": "Абрамян",
  "transferableItems": {
    "category": [],
    "id_list": []
  },
  "unlockedByDefault": true
}
