{
  "_id": "5935c25fb3acc3127c3d8cd9",
  "availableInRaid": false,
  "avatar": "/files/trader/avatar/59b91cbd86f77469aa5343cb.jpg",
  "balance_dol": 700000,
  "balance_eur": 0,
  "balance_rub": 7000000,
  "buyer_up": false,
  "currency": "USD",
  "customization_seller": false,
  "discount": 0,
  "discount_end": 0,
  "gridHeight": 160,
  "insurance": {
    "availability": false,
    "excluded_category": [],
    "max_return_hour": 20,
    "max_storage_time": 24,
    "min_payment": 1000,
    "min_return_hour": 10
  },
  "isCanTransferItems": false,
  "items_buy": {
    "category": [
      "5448fe124bdc2da5018b4567",
      "5422acb9af1c889c16000029",
      "5485a8684bdc2da71d8b4567",
      "5448ecbe4bdc2d60728b4568",
      "57864a3d24597754843f8721",
      "57864ee62459775490116fc1",
      "57864a66245977548f04a81f",
      "5c164d2286f774194c5e69fa",
      "5447e0e74bdc2d3c308b4567",
      "57bef4c42459772e8d35a53b"
    ],
    "id_list": []
  },
  "items_buy_prohibited": {
    "category": [],
    "id_list": [
      "62e910aaf957f2915e0a5e36",
      "64d0b40fbe2eed70e254e2d4",
      "65ddcc9cfa85b9f17d0dfb07",
      "65ca457b4aafb5d7fc0dcb5d",
      "660312cc4d6cdfa6f500c703",
      "660bbc98c38b837877075e4a",
      "660bc341c38b837877075e4c",
      "6638a5474e92f038531e210e",
      "66bc98a01a47be227a5e956e",
      "6655e35b6bc645cb7b059912",
      "666879d498b97e3a8f09f1ae",
      "6399f54b0a36db13c823ad21",
      "66687bc89111279d600b5062",
      "66d98233302686954b0c6f81",
      "6707d0bdaab679420007e01a",
      "6707d0804e617ec94f0e562f",
      "67408903268737ef6908d432"
    ]
  },
  "location": "Предпортовая",
  "loyaltyLevels": [
    {
      "buy_price_coef": 55,
      "exchange_price_coef": 0,
      "heal_price_coef": 0,
      "insurance_price_coef": 5,
      "minLevel": 1,
      "minSalesSum": 0,
      "minStanding": 0,
      "repair_price_coef": 0
    },
    {
      "buy_price_coef": 55,
      "exchange_price_coef": 0,
      "heal_price_coef": 0,
      "insurance_price_coef": 0,
      "minLevel": 14,
      "minSalesSum": 11000,
      "minStanding": 0,
      "repair_price_coef": 0
    },
    {
      "buy_price_coef": 55,
      "exchange_price_coef": 0,
      "heal_price_coef": 0,
      "insurance_price_coef": 0,
      "minLevel": 23,
      "minSalesSum": 25000,
      "minStanding": 0.3,
      "repair_price_coef": 0
    },
    {
      "buy_price_coef": 55,
      "exchange_price_coef": 0,
      "heal_price_coef": 0,
      "insurance_price_coef": 0,
      "minLevel": 37,
      "minSalesSum": 32000,
      "minStanding": 0.6,
      "repair_price_coef": 0
    }
  ],
  "medic": false,
  "name": "Тадеуш",
  "nextResupply": 1631483587,
  "nickname": "Peacekeeper",
  "prohibitedTransferableItems": {
    "category": [],
    "id_list": []
  },
  "repair": {
    "availability": false,
    "excluded_category": [],
    "excluded_id_list": [],
    "quality": "2"
  },
  "sell_category": [],
  "sell_modifier_for_prohibited_items": 0,
  "surname": "Пилсудский",
  "transferableItems": {
    "category": [],
    "id_list": []
  },
  "unlockedByDefault": true
}
