{
  "_id": "579dc571d53a0658a154fbec",
  "availableInRaid": false,
  "avatar": "/files/trader/avatar/579dc571d53a0658a154fbec.jpg",
  "balance_dol": 0,
  "balance_eur": 0,
  "balance_rub": 7000000,
  "buyer_up": true,
  "currency": "RUB",
  "customization_seller": false,
  "discount": 0,
  "discount_end": 0,
  "gridHeight": 120,
  "insurance": {
    "availability": false,
    "excluded_category": [],
    "max_return_hour": 80,
    "max_storage_time": 50,
    "min_payment": 0,
    "min_return_hour": 30
  },
  "isCanTransferItems": false,
  "items_buy": {
    "category": [
      "5661632d4bdc2d903d8b456b",
      "5447e0e74bdc2d3c308b4567",
      "543be5664bdc2dd4348b4569",
      "5448e5284bdc2dcb718b4567",
      "5448e53e4bdc2d60728b4567",
      "5448fe124bdc2da5018b4567",
      "543be5f84bdc2dd4348b456a",
      "5422acb9af1c889c16000029",
      "543be6674bdc2df1348b4569",
      "567849dd4bdc2d150f8b456e",
      "543be6564bdc2df4348b4568",
      "5447e1d04bdc2dff2f8b4567",
      "5448eb774bdc2d0a728b4567",
      "5448ecbe4bdc2d60728b4568",
      "616eb7aea207f41933308f46",
      "5671435f4bdc2d96058b4569",
      "5795f317245977243854e041",
      "543be5e94bdc2df1348b4568"
    ],
    "id_list": []
  },
  "items_buy_prohibited": {
    "category": [],
    "id_list": [
      "5449016a4bdc2d6f028b456f",
      "5696686a4bdc2da3298b456a",
      "569668774bdc2da2298b4568",
      "62e910aaf957f2915e0a5e36",
      "64897ffc3656831810043165",
      "64898e9db18e646e992aba47",
      "648990314b4d2b31b63a46fc",
      "648996987063b903ff4b8561",
      "6489981f7063b903ff4b8565",
      "64899a35fc093676bb0f57e3",
      "64899ec0a236de328b12db52",
      "64899f4189de40533661a0c0",
      "6489a0a4fc493c59d15fec05",
      "6489a233a236de328b12db56",
      "6489a344fc493c59d15fec0f",
      "6489a7d87063b903ff4b85cc",
      "6489a97645f9ca4ba51c4dd0",
      "6489aa584b6fc03d00374e59",
      "6489ab9645f9ca4ba51c4dd7",
      "6489b2b131a2135f0d7d0fcb",
      "6489b73cebac5a4a1b73cab7",
      "6489b88bcf0cd80b7e749069",
      "6489b91dd0c36c0a4925c4b4",
      "6489b99eebac5a4a1b73cabc",
      "6489ba157c07471efa3e03b4",
      "6489ba92a74e43447b64d5e2",
      "6489bbd6d0c36c0a4925c4b8",
      "6489bd7b79295b4f753d486a",
      "6489bed4a53c8c047c3dc361",
      "6489bfa844d98e01bc4c420e",
      "6489c03c8bc5233fdc78e788",
      "6489c0508bc5233fdc78e78c",
      "6489c0df7c07471efa3e03b8",
      "6489c0f731a2135f0d7d0fd5",
      "6489c12f8bc5233fdc78e790",
      "6489c164a53c8c047c3dc365",
      "6489c200cf0cd80b7e74906d",
      "6489c2aad0c36c0a4925c4bc",
      "6489c30331a2135f0d7d0fd9",
      "6489c46eebac5a4a1b73cac0",
      "6489c5cb44d98e01bc4c4212",
      "6489c65cd0c36c0a4925c4c0",
      "6489c753a74e43447b64d5e6",
      "6489c80e7c07471efa3e03bc",
      "6489c8a1a53c8c047c3dc369",
      "6489c8dba53c8c047c3dc36d",
      "6489c99f7c07471efa3e03c0",
      "6489ca66d0c36c0a4925c4c4",
      "6489cad98bc5233fdc78e794",
      "6489cb4fa74e43447b64d5ea",
      "6489cc4379295b4f753d486e",
      "6489cca131a2135f0d7d0fdd",
      "6489d812cf0cd80b7e749071",
      "6489d89debac5a4a1b73caf7",
      "63a897c6b1ff6e29734fcc95",
      "63a898a328e385334e0640a5",
      "63a8970d7108f713591149f5",
      "634959225289190e5e773b3b",
      "62f10b79e7ee985f386b2f47",
      "633ffb5d419dbf4bea7004c6",
      "557ffd194bdc2d28148b457f",
      "627a4e6b255f7527fb05a0f6",
      "64cbd95a29b9b4283e216ff5",
      "60c7272c204bc17802313365",
      "5af99e9186f7747c447120b8",
      "64d0b40fbe2eed70e254e2d4",
      "65ddcc9cfa85b9f17d0dfb07",
      "65ca457b4aafb5d7fc0dcb5d",
      "660312cc4d6cdfa6f500c703",
      "660bbc98c38b837877075e4a",
      "660bc341c38b837877075e4c",
      "6638a5474e92f038531e210e",
      "5d235b4d86f7742e017bc88a",
      "66bc98a01a47be227a5e956e",
      "6694f4101ae1778e310f4f8e",
      "66a3896972c8e72507028806",
      "66a3896de45f71bf1009e45a",
      "6694f423909d2322a8073151",
      "66a389c0705adefa710cdeaa",
      "66a389c60982fc7e4c091c51",
      "6694f418c74d8a180f0f78c0",
      "66a3898c1df2a447cc0d3c35",
      "66a3898f0982fc7e4c091c4d",
      "66aa3a180d6ecb50a21a4e1a",
      "66aa3a31efb1b8119f0196c7",
      "66aa3a3800b2c42adb07d13e",
      "6655e35b6bc645cb7b059912",
      "666879d498b97e3a8f09f1ae",
      "6399f54b0a36db13c823ad21",
      "66687bc89111279d600b5062",
      "66d98233302686954b0c6f81",
      "6707d0bdaab679420007e01a",
      "6707d0804e617ec94f0e562f",
      "6740987b89d5e1ddc603f4f0",
      "674098588466ebb03408b210",
      "67409848d0b2f8eb9b034db9",
      "674078c4a9c9adf0450d59f9",
      "67614b542eb91250020f2b86",
      "67614b6b47c71ea3d40256d7"
    ]
  },
  "location": "unknown",
  "loyaltyLevels": [
    {
      "buy_price_coef": 60,
      "exchange_price_coef": 0,
      "heal_price_coef": 0,
      "insurance_price_coef": 30,
      "minLevel": 1,
      "minSalesSum": 0,
      "minStanding": 0,
      "repair_price_coef": 300
    },
    {
      "buy_price_coef": 60,
      "exchange_price_coef": 0,
      "heal_price_coef": 0,
      "insurance_price_coef": 30,
      "minLevel": 1,
      "minSalesSum": 0,
      "minStanding": 6,
      "repair_price_coef": 250
    }
  ],
  "medic": false,
  "name": "<Настоящее имя неизвестно>",
  "nextResupply": 1631484143,
  "nickname": "Fence",
  "prohibitedTransferableItems": {
    "category": [],
    "id_list": []
  },
  "repair": {
    "availability": false,
    "currency": "5449016a4bdc2d6f028b456f",
    "currency_coefficient": 1,
    "excluded_category": [],
    "excluded_id_list": [],
    "quality": "2"
  },
  "sell_category": [],
  "sell_modifier_for_prohibited_items": 0,
  "surname": "Fence",
  "transferableItems": {
    "category": [],
    "id_list": []
  },
  "unlockedByDefault": false
}
