[
  {
    "Chance": 40,
    "ChancePVE": 40,
    "Count": 0,
    "CountPve": 0,
    "EntryPoints": "E1_2,E6_1,E2_3,E3_4,E4_5,E5_6,E6_1",
    "EventAvailable": false,
    "ExfiltrationTime": 8,
    "ExfiltrationTimePVE": 8,
    "ExfiltrationType": "Individual",
    "Id": "",
    "MaxTime": 0,
    "MaxTimePVE": 0,
    "MinTime": 0,
    "MinTimePVE": 0,
    "Name": "E8_yard",
    "PassageRequirement": "None",
    "PlayersCount": 0,
    "PlayersCountPVE": 0,
    "RequiredSlot": "FirstPrimaryWeapon",
    "RequirementTip": "",
    "Side": "Pmc"
  },
  {
    "Chance": 50,
    "ChancePVE": 50,
    "Count": 5000,
    "CountPve": 0,
    "EntryPoints": "E1_2,E6_1,E2_3,E3_4,E4_5,E5_6,E6_1",
    "EventAvailable": false,
    "ExfiltrationTime": 60,
    "ExfiltrationTimePVE": 60,
    "ExfiltrationType": "SharedTimer",
    "Id": "5449016a4bdc2d6f028b456f",
    "MaxTime": 0,
    "MaxTimePVE": 0,
    "MinTime": 0,
    "MinTimePVE": 0,
    "Name": "E7_car",
    "PassageRequirement": "TransferItem",
    "PlayersCount": 4,
    "PlayersCountPVE": 4,
    "RequiredSlot": "FirstPrimaryWeapon",
    "RequirementTip": "EXFIL_Item",
    "Side": "Pmc"
  },
  {
    "Chance": 100,
    "ChancePVE": 100,
    "Count": 0,
    "CountPve": 0,
    "EntryPoints": "E6_1,E1_2",
    "EventAvailable": false,
    "ExfiltrationTime": 8,
    "ExfiltrationTimePVE": 8,
    "ExfiltrationType": "Individual",
    "Id": "",
    "MaxTime": 0,
    "MaxTimePVE": 0,
    "MinTime": 0,
    "MinTimePVE": 0,
    "Name": "E1",
    "PassageRequirement": "None",
    "PlayersCount": 0,
    "PlayersCountPVE": 0,
    "RequiredSlot": "FirstPrimaryWeapon",
    "RequirementTip": "",
    "Side": "Pmc"
  },
  {
    "Chance": 100,
    "ChancePVE": 100,
    "Count": 0,
    "CountPve": 0,
    "EntryPoints": "E4_5,E3_4",
    "EventAvailable": false,
    "ExfiltrationTime": 8,
    "ExfiltrationTimePVE": 8,
    "ExfiltrationType": "Individual",
    "Id": "",
    "MaxTime": 0,
    "MaxTimePVE": 0,
    "MinTime": 0,
    "MinTimePVE": 0,
    "Name": "E4",
    "PassageRequirement": "None",
    "PlayersCount": 0,
    "PlayersCountPVE": 0,
    "RequiredSlot": "FirstPrimaryWeapon",
    "RequirementTip": "",
    "Side": "Pmc"
  },
  {
    "Chance": 100,
    "ChancePVE": 100,
    "Count": 0,
    "CountPve": 0,
    "EntryPoints": "E2_3,E1_2",
    "EventAvailable": false,
    "ExfiltrationTime": 8,
    "ExfiltrationTimePVE": 8,
    "ExfiltrationType": "Individual",
    "Id": "",
    "MaxTime": 0,
    "MaxTimePVE": 0,
    "MinTime": 0,
    "MinTimePVE": 0,
    "Name": "E2",
    "PassageRequirement": "None",
    "PlayersCount": 0,
    "PlayersCountPVE": 0,
    "RequiredSlot": "FirstPrimaryWeapon",
    "RequirementTip": "",
    "Side": "Pmc"
  },
  {
    "Chance": 100,
    "ChancePVE": 100,
    "Count": 0,
    "CountPve": 0,
    "EntryPoints": "E2_3,E3_4",
    "EventAvailable": false,
    "ExfiltrationTime": 8,
    "ExfiltrationTimePVE": 8,
    "ExfiltrationType": "Individual",
    "Id": "",
    "MaxTime": 0,
    "MaxTimePVE": 0,
    "MinTime": 0,
    "MinTimePVE": 0,
    "Name": "E3",
    "PassageRequirement": "None",
    "PlayersCount": 0,
    "PlayersCountPVE": 0,
    "RequiredSlot": "FirstPrimaryWeapon",
    "RequirementTip": "",
    "Side": "Pmc"
  },
  {
    "Chance": 100,
    "ChancePVE": 100,
    "Count": 0,
    "CountPve": 0,
    "EntryPoints": "E4_5,E5_6",
    "EventAvailable": false,
    "ExfiltrationTime": 8,
    "ExfiltrationTimePVE": 8,
    "ExfiltrationType": "Individual",
    "Id": "",
    "MaxTime": 0,
    "MaxTimePVE": 0,
    "MinTime": 0,
    "MinTimePVE": 0,
    "Name": "E5",
    "PassageRequirement": "None",
    "PlayersCount": 0,
    "PlayersCountPVE": 0,
    "RequiredSlot": "FirstPrimaryWeapon",
    "RequirementTip": "",
    "Side": "Pmc"
  },
  {
    "Chance": 0,
    "ChancePVE": 0,
    "Count": 0,
    "CountPve": 0,
    "EntryPoints": "E6_1,E5_6",
    "EventAvailable": false,
    "ExfiltrationTime": 8,
    "ExfiltrationTimePVE": 8,
    "ExfiltrationType": "Individual",
    "Id": "",
    "MaxTime": 0,
    "MaxTimePVE": 0,
    "MinTime": 0,
    "MinTimePVE": 0,
    "Name": "E6",
    "PassageRequirement": "None",
    "PlayersCount": 0,
    "PlayersCountPVE": 0,
    "RequiredSlot": "FirstPrimaryWeapon",
    "RequirementTip": "",
    "Side": "Pmc"
  },
  {
    "Chance": 100,
    "ChancePVE": 100,
    "Count": 0,
    "CountPve": 0,
    "EntryPoints": "E1_2,E6_1,E2_3,E3_4,E4_5,E5_6,E6_1",
    "EventAvailable": false,
    "ExfiltrationTime": 6,
    "ExfiltrationTimePVE": 6,
    "ExfiltrationType": "Individual",
    "Id": "",
    "MaxTime": 0,
    "MaxTimePVE": 0,
    "MinTime": 0,
    "MinTimePVE": 0,
    "Name": "E9_sniper",
    "PassageRequirement": "None",
    "PlayersCount": 0,
    "PlayersCountPVE": 0,
    "RequiredSlot": "FirstPrimaryWeapon",
    "RequirementTip": "",
    "Side": "Pmc"
  },
  {
    "Chance": 100,
    "ChancePVE": 100,
    "Count": 0,
    "CountPve": 0,
    "EntryPoints": "E1_2,E6_1,E2_3,E3_4,E4_5,E5_6,E6_1",
    "EventAvailable": false,
    "ExfiltrationTime": 8,
    "ExfiltrationTimePVE": 8,
    "ExfiltrationType": "SharedTimer",
    "Id": "",
    "MaxTime": 0,
    "MaxTimePVE": 0,
    "MinTime": 0,
    "MinTimePVE": 0,
    "Name": "Exit_E10_coop",
    "PassageRequirement": "ScavCooperation",
    "PlayersCount": 0,
    "PlayersCountPVE": 0,
    "RequiredSlot": "FirstPrimaryWeapon",
    "RequirementTip": "EXFIL_Cooperate",
    "Side": "Coop"
  },
  {
    "Chance": 100,
    "ChancePVE": 100,
    "Count": 0,
    "CountPve": 0,
    "EntryPoints": "E6_1,E5_6",
    "EventAvailable": false,
    "ExfiltrationTime": 8,
    "ExfiltrationTimePVE": 8,
    "ExfiltrationType": "Individual",
    "Id": "",
    "MaxTime": 0,
    "MaxTimePVE": 0,
    "MinTime": 0,
    "MinTimePVE": 0,
    "Name": "E7",
    "PassageRequirement": "None",
    "PlayersCount": 0,
    "PlayersCountPVE": 0,
    "RequiredSlot": "FirstPrimaryWeapon",
    "RequirementTip": "",
    "Side": "Pmc"
  },
  {
    "Chance": 100,
    "ChancePVE": 100,
    "Count": 0,
    "CountPve": 0,
    "EntryPoints": "E1_2,E6_1,E2_3,E3_4,E4_5,E5_6,E6_1",
    "EventAvailable": false,
    "ExfiltrationTime": 8,
    "ExfiltrationTimePVE": 8,
    "ExfiltrationType": "Individual",
    "Id": "",
    "MaxTime": 0,
    "MaxTimePVE": 0,
    "MinTime": 0,
    "MinTimePVE": 0,
    "Name": "scav_e2",
    "PassageRequirement": "None",
    "PlayersCount": 0,
    "PlayersCountPVE": 0,
    "RequiredSlot": "FirstPrimaryWeapon",
    "RequirementTip": "",
    "Side": "Scav",
    "_Name": "Entrance to Catacombs"
  },
  {
    "Chance": 100,
    "ChancePVE": 100,
    "Count": 0,
    "CountPve": 0,
    "EntryPoints": "E1_2,E6_1,E2_3,E3_4,E4_5,E5_6,E6_1",
    "EventAvailable": false,
    "ExfiltrationTime": 8,
    "ExfiltrationTimePVE": 8,
    "ExfiltrationType": "Individual",
    "Id": "",
    "MaxTime": 0,
    "MaxTimePVE": 0,
    "MinTime": 0,
    "MinTimePVE": 0,
    "Name": "scav_e3",
    "PassageRequirement": "None",
    "PlayersCount": 0,
    "PlayersCountPVE": 0,
    "RequiredSlot": "FirstPrimaryWeapon",
    "RequirementTip": "",
    "Side": "Scav",
    "_Name": "Ventilation Shaft"
  },
  {
    "Chance": 100,
    "ChancePVE": 100,
    "Count": 0,
    "CountPve": 0,
    "EntryPoints": "E1_2,E6_1,E2_3,E3_4,E4_5,E5_6,E6_1",
    "EventAvailable": false,
    "ExfiltrationTime": 8,
    "ExfiltrationTimePVE": 8,
    "ExfiltrationType": "Individual",
    "Id": "",
    "MaxTime": 0,
    "MaxTimePVE": 0,
    "MinTime": 0,
    "MinTimePVE": 0,
    "Name": "scav_e4",
    "PassageRequirement": "None",
    "PlayersCount": 0,
    "PlayersCountPVE": 0,
    "RequiredSlot": "FirstPrimaryWeapon",
    "RequirementTip": "",
    "Side": "Scav",
    "_Name": "Sewer Manhole"
  },
  {
    "Chance": 100,
    "ChancePVE": 100,
    "Count": 0,
    "CountPve": 0,
    "EntryPoints": "E1_2,E6_1,E2_3,E3_4,E4_5,E5_6,E6_1",
    "EventAvailable": false,
    "ExfiltrationTime": 8,
    "ExfiltrationTimePVE": 8,
    "ExfiltrationType": "Individual",
    "Id": "",
    "MaxTime": 0,
    "MaxTimePVE": 0,
    "MinTime": 0,
    "MinTimePVE": 0,
    "Name": "scav_e5",
    "PassageRequirement": "None",
    "PlayersCount": 0,
    "PlayersCountPVE": 0,
    "RequiredSlot": "FirstPrimaryWeapon",
    "RequirementTip": "",
    "Side": "Scav",
    "_Name": "Near Kamchatskaya Arch"
  },
  {
    "Chance": 100,
    "ChancePVE": 100,
    "Count": 0,
    "CountPve": 0,
    "EntryPoints": "E1_2,E6_1,E2_3,E3_4,E4_5,E5_6,E6_1",
    "EventAvailable": false,
    "ExfiltrationTime": 8,
    "ExfiltrationTimePVE": 8,
    "ExfiltrationType": "Individual",
    "Id": "",
    "MaxTime": 0,
    "MaxTimePVE": 0,
    "MinTime": 0,
    "MinTimePVE": 0,
    "Name": "scav_e7",
    "PassageRequirement": "None",
    "PlayersCount": 0,
    "PlayersCountPVE": 0,
    "RequiredSlot": "FirstPrimaryWeapon",
    "RequirementTip": "",
    "Side": "Scav",
    "_name": "Cardinal Apartment Complex Parking"
  },
  {
    "Chance": 100,
    "ChancePVE": 100,
    "Count": 0,
    "CountPve": 0,
    "EntryPoints": "E1_2,E6_1,E2_3,E3_4,E4_5,E5_6,E6_1",
    "EventAvailable": false,
    "ExfiltrationTime": 8,
    "ExfiltrationTimePVE": 8,
    "ExfiltrationType": "Individual",
    "Id": "",
    "MaxTime": 0,
    "MaxTimePVE": 0,
    "MinTime": 0,
    "MinTimePVE": 0,
    "Name": "scav_e8",
    "PassageRequirement": "None",
    "PlayersCount": 0,
    "PlayersCountPVE": 0,
    "RequiredSlot": "FirstPrimaryWeapon",
    "RequirementTip": "",
    "Side": "Scav",
    "_name": "Klimov Shopping Mall Exfil"
  }
]
